
-- phpMyAdmin SQL Dump
-- version 5.2.1
-- https://www.phpmyadmin.net/
--
-- Host: localhost
-- Generation Time: Oct 07, 2025 at 04:26 PM
-- Server version: 10.4.28-MariaDB
-- PHP Version: 8.2.4

SET SQL_MODE = "NO_AUTO_VALUE_ON_ZERO";
START TRANSACTION;
SET time_zone = "+00:00";


/*!40101 SET @OLD_CHARACTER_SET_CLIENT=@@CHARACTER_SET_CLIENT */;
/*!40101 SET @OLD_CHARACTER_SET_RESULTS=@@CHARACTER_SET_RESULTS */;
/*!40101 SET @OLD_COLLATION_CONNECTION=@@COLLATION_CONNECTION */;
/*!40101 SET NAMES utf8mb4 */;

--
-- Database: `dailylog`
--

-- --------------------------------------------------------

--
-- Table structure for table `builders`
--

CREATE TABLE `builders` (
  `id` bigint(20) UNSIGNED NOT NULL,
  `title` varchar(255) NOT NULL,
  `description` text DEFAULT NULL,
  `archive` tinyint(1) NOT NULL DEFAULT 0,
  `created_at` timestamp NULL DEFAULT NULL,
  `updated_at` timestamp NULL DEFAULT NULL
) ENGINE=InnoDB DEFAULT CHARSET=utf8mb4 COLLATE=utf8mb4_unicode_ci;

--
-- Dumping data for table `builders`
--

INSERT INTO `builders` (`id`, `title`, `description`, `archive`, `created_at`, `updated_at`) VALUES
(1, '10 level pty ltd', NULL, 0, '2023-07-04 12:10:59', '2025-09-04 06:53:21'),
(2, '2 Construction', NULL, 0, '2023-07-04 12:10:59', '2025-09-04 06:53:21'),
(3, '2Build Homes ', NULL, 0, '2023-07-04 12:10:59', '2025-09-04 06:53:21'),
(4, '3M Luxury Homes', NULL, 0, '2023-07-04 12:10:59', '2025-09-04 06:53:21'),
(5, '4 Dimensions Building Contractors', NULL, 0, '2023-07-04 12:10:59', '2025-09-04 06:53:21'),
(6, '4 dimention', NULL, 0, '2023-07-04 12:10:59', '2025-09-04 06:53:21'),
(7, '5 River Homes', NULL, 0, '2023-07-04 12:10:59', '2025-09-04 06:53:21'),
(8, '5 Rivers Homes', NULL, 0, '2023-07-04 12:10:59', '2025-09-04 06:53:21'),
(9, '5AB Homes', NULL, 0, '2023-07-04 12:10:59', '2025-09-04 06:53:21'),
(10, '8Project ', NULL, 0, '2023-07-04 12:10:59', '2025-09-04 06:53:21'),
(11, '8Project Pty Ltd', NULL, 0, '2023-07-04 12:10:59', '2025-09-04 06:53:21'),
(12, '8projects Pty Ltd', NULL, 0, '2023-07-04 12:10:59', '2025-09-04 06:53:21'),
(13, 'A Plus Designer Homes', NULL, 0, '2023-07-04 12:10:59', '2025-09-04 06:53:21'),
(14, 'A1 Constructions PTY LTD', NULL, 0, '2023-07-04 12:10:59', '2025-09-04 06:53:21'),
(15, 'A1A Homes', NULL, 0, '2023-07-04 12:10:59', '2025-09-04 06:53:21'),
(16, 'AA Concrete Co', NULL, 0, '2023-07-04 12:10:59', '2025-09-04 06:53:21'),
(17, 'Aaron Worrall', NULL, 0, '2023-07-04 12:10:59', '2025-09-04 06:53:21'),
(18, 'Aarush Home', NULL, 0, '2023-07-04 12:10:59', '2025-09-04 06:53:21'),
(19, 'Achieve Homes', NULL, 0, '2023-07-04 12:10:59', '2025-09-04 06:53:21'),
(20, 'Acura Homes', NULL, 0, '2023-07-04 12:10:59', '2025-09-04 06:53:21'),
(21, 'Acustruct', NULL, 0, '2023-07-04 12:10:59', '2025-09-04 06:53:21'),
(22, 'Adam Wolff', NULL, 0, '2023-07-04 12:10:59', '2025-09-04 06:53:21'),
(23, 'Ador Homes Pty Ltd', NULL, 0, '2023-07-04 12:10:59', '2025-09-04 06:53:21'),
(24, 'Adrian , Kozulin', NULL, 0, '2023-07-04 12:10:59', '2025-09-04 06:53:21'),
(25, 'Alive 3D Pty Ltd', NULL, 0, '2023-07-04 12:10:59', '2025-09-04 06:53:21'),
(26, 'All Zone Roof Tiling', NULL, 0, '2023-07-04 12:10:59', '2025-09-04 06:53:21'),
(27, 'Aman Brar', NULL, 0, '2023-07-04 12:10:59', '2025-09-04 06:53:21'),
(28, 'Ammy , Matharu', NULL, 0, '2023-07-04 12:10:59', '2025-09-04 06:53:21'),
(29, 'Apec Homes', NULL, 0, '2023-07-04 12:10:59', '2025-09-04 06:53:21'),
(30, 'apex', NULL, 0, '2023-07-04 12:10:59', '2025-09-04 06:53:21'),
(31, 'Apex Homes', NULL, 0, '2023-07-04 12:10:59', '2025-09-04 06:53:21'),
(32, 'Apex Homes Estimating', NULL, 0, '2023-07-04 12:10:59', '2025-09-04 06:53:21'),
(33, 'Apex Plumbing Pty Ltd', NULL, 0, '2023-07-04 12:10:59', '2025-09-04 06:53:21'),
(34, 'ApexHome', NULL, 0, '2023-07-04 12:10:59', '2025-09-04 06:53:21'),
(35, 'ARC 3', NULL, 0, '2023-07-04 12:10:59', '2025-09-04 06:53:21'),
(36, 'Archmap Group Pty Ltd', NULL, 0, '2023-07-04 12:10:59', '2025-09-04 06:53:21'),
(37, 'Arise Homes', NULL, 0, '2023-07-04 12:10:59', '2025-09-04 06:53:21'),
(38, 'Arise Homes and Developments Pty Ltd', NULL, 0, '2023-07-04 12:10:59', '2025-09-04 06:53:21'),
(39, 'Ark Industrial Pty Ltd', NULL, 0, '2023-07-04 12:10:59', '2025-09-04 06:53:21'),
(40, 'Arkindustrial', NULL, 0, '2023-07-04 12:10:59', '2025-09-04 06:53:21'),
(41, 'ARKit', NULL, 0, '2023-07-04 12:10:59', '2025-09-04 06:53:21'),
(42, 'Arkle Homes', NULL, 0, '2023-07-04 12:10:59', '2025-09-04 06:53:21'),
(43, 'Arkle Homes and Developers Pty Ltd', NULL, 0, '2023-07-04 12:10:59', '2025-09-04 06:53:21'),
(44, 'Arries', NULL, 0, '2023-07-04 12:10:59', '2025-09-04 06:53:21'),
(45, 'Ashiyana Homes ', NULL, 0, '2023-07-04 12:10:59', '2025-09-04 06:53:21'),
(46, 'Asset Point Pty Ltd', NULL, 0, '2023-07-04 12:10:59', '2025-09-04 06:53:21'),
(47, 'Aultun Group ', NULL, 0, '2023-07-04 12:10:59', '2025-09-04 06:53:21'),
(48, 'Auscon Homes Pty Ltd', NULL, 0, '2023-07-04 12:10:59', '2025-09-04 06:53:21'),
(49, 'Ausecon', NULL, 0, '2023-07-04 12:10:59', '2025-09-04 06:53:21'),
(50, 'Ausecon Pty Ltd', NULL, 0, '2023-07-04 12:10:59', '2025-09-04 06:53:21'),
(51, 'Aussie Pest Solution', NULL, 0, '2023-07-04 12:10:59', '2025-09-04 06:53:21'),
(52, 'Auswide Builders', NULL, 0, '2023-07-04 12:10:59', '2025-09-04 06:53:21'),
(53, 'Aycon Constructions & Building Services Pty Ltd', NULL, 0, '2023-07-04 12:10:59', '2025-09-04 06:53:21'),
(54, 'Azad', NULL, 0, '2023-07-04 12:10:59', '2025-09-04 06:53:21'),
(55, 'Azad Building Pty Ltd', NULL, 0, '2023-07-04 12:10:59', '2025-09-04 06:53:21'),
(56, 'Azad Construction ', NULL, 0, '2023-07-04 12:10:59', '2025-09-04 06:53:21'),
(57, 'Azad Constructions ', NULL, 0, '2023-07-04 12:10:59', '2025-09-04 06:53:21'),
(58, 'BA Electrical & Data Solutions', NULL, 0, '2023-07-04 12:10:59', '2025-09-04 06:53:21'),
(59, 'Backman Builder', NULL, 0, '2023-07-04 12:10:59', '2025-09-04 06:53:21'),
(60, 'Backman Builders', NULL, 0, '2023-07-04 12:10:59', '2025-09-04 06:53:21'),
(61, 'Backmans Builder', NULL, 0, '2023-07-04 12:10:59', '2025-09-04 06:53:21'),
(62, 'BAD DEBT / AARNA HOMES PTY LTD', NULL, 0, '2023-07-04 12:10:59', '2025-09-04 06:53:21'),
(63, 'Balmain & Co', NULL, 0, '2023-07-04 12:10:59', '2025-09-04 06:53:21'),
(64, 'Balmain & Co, Figurhead Group, SIMOND', NULL, 0, '2023-07-04 12:10:59', '2025-09-04 06:53:21'),
(65, 'Balmain & Co, SIMOND', NULL, 0, '2023-07-04 12:10:59', '2025-09-04 06:53:21'),
(66, 'Basebuild Const.', NULL, 0, '2023-07-04 12:10:59', '2025-09-04 06:53:21'),
(67, 'Bassi Homes', NULL, 0, '2023-07-04 12:10:59', '2025-09-04 06:53:21'),
(68, 'Batth , Robin', NULL, 0, '2023-07-04 12:10:59', '2025-09-04 06:53:21'),
(69, 'Bayless Pultry Farm', NULL, 0, '2023-07-04 12:10:59', '2025-09-04 06:53:21'),
(70, 'Belcoast Homes', NULL, 0, '2023-07-04 12:10:59', '2025-09-04 06:53:21'),
(71, 'Bella Vista', NULL, 0, '2023-07-04 12:10:59', '2025-09-04 06:53:21'),
(72, 'Bentley Homes', NULL, 0, '2023-07-04 12:10:59', '2025-09-04 06:53:21'),
(73, 'Better Lifestyle Homes', NULL, 0, '2023-07-04 12:10:59', '2025-09-04 06:53:21'),
(74, 'Beyond Property Wyndham', NULL, 0, '2023-07-04 12:10:59', '2025-09-04 06:53:21'),
(75, 'Bezcon Homes and Developers Pty Ltd', NULL, 0, '2023-07-04 12:10:59', '2025-09-04 06:53:21'),
(76, 'Bharat Developments Pty Ltd (Bharat Homes)', NULL, 0, '2023-07-04 12:10:59', '2025-09-04 06:53:21'),
(77, 'Bharat Homes', NULL, 0, '2023-07-04 12:10:59', '2025-09-04 06:53:21'),
(78, 'Billings Long Pty Ltd', NULL, 0, '2023-07-04 12:10:59', '2025-09-04 06:53:21'),
(79, 'Birudo Pty Ltd', NULL, 0, '2023-07-04 12:10:59', '2025-09-04 06:53:21'),
(80, 'Bling Homes', NULL, 0, '2023-07-04 12:10:59', '2025-09-04 06:53:21'),
(81, 'Bling Homes Pty Ltd', NULL, 0, '2023-07-04 12:10:59', '2025-09-04 06:53:21'),
(82, 'Blue Chip Homes', NULL, 0, '2023-07-04 12:10:59', '2025-09-04 06:53:21'),
(83, 'Blue Oz Homes Pty Ltd', NULL, 0, '2023-07-04 12:10:59', '2025-09-04 06:53:21'),
(84, 'Bluehill Homes ', NULL, 0, '2023-07-04 12:10:59', '2025-09-04 06:53:21'),
(85, 'Bourne Construction Australia Pty Ltd', NULL, 0, '2023-07-04 12:10:59', '2025-09-04 06:53:21'),
(86, 'Bowden Corp', NULL, 0, '2023-07-04 12:10:59', '2025-09-04 06:53:21'),
(87, 'Bradlan Construction', NULL, 0, '2023-07-04 12:10:59', '2025-09-04 06:53:21'),
(88, 'Bradland', NULL, 0, '2023-07-04 12:10:59', '2025-09-04 06:53:21'),
(89, 'Bradland Constructions', NULL, 0, '2023-07-04 12:10:59', '2025-09-04 06:53:21'),
(90, 'Brandlands Construction', NULL, 0, '2023-07-04 12:10:59', '2025-09-04 06:53:21'),
(91, 'BRC Homes', NULL, 0, '2023-07-04 12:10:59', '2025-09-04 06:53:21'),
(92, 'Bret Fah', NULL, 0, '2023-07-04 12:10:59', '2025-09-04 06:53:21'),
(93, 'Bsoft Technologies', NULL, 0, '2023-07-04 12:10:59', '2025-09-04 06:53:21'),
(94, 'Budget Home 4 You', NULL, 0, '2023-07-04 12:10:59', '2025-09-04 06:53:21'),
(95, 'Bui, Minh', NULL, 0, '2023-07-04 12:10:59', '2025-09-04 06:53:21'),
(96, 'Build for Me', NULL, 0, '2023-07-04 12:10:59', '2025-09-04 06:53:21'),
(97, 'Build for Me (BAD DEBT)', NULL, 0, '2023-07-04 12:10:59', '2025-09-04 06:53:21'),
(98, 'BUILDFORME Homes Pty Ltd', NULL, 0, '2023-07-04 12:10:59', '2025-09-04 06:53:21'),
(99, 'Building Integrity Group Pty Ltd', NULL, 0, '2023-07-04 12:10:59', '2025-09-04 06:53:21'),
(100, 'Burbank Urban', NULL, 0, '2023-07-04 12:10:59', '2025-09-04 06:53:21'),
(101, 'Burj Homes', NULL, 0, '2023-07-04 12:10:59', '2025-09-04 06:53:21'),
(102, 'BYO Homes', NULL, 0, '2023-07-04 12:10:59', '2025-09-04 06:53:21'),
(103, 'Cain , Geoffrey', NULL, 0, '2023-07-04 12:10:59', '2025-09-04 06:53:21'),
(104, 'Calder Plumbing', NULL, 0, '2023-07-04 12:10:59', '2025-09-04 06:53:21'),
(105, 'Caliber Builders ', NULL, 0, '2023-07-04 12:10:59', '2025-09-04 06:53:21'),
(106, 'Carlton Homes', NULL, 0, '2023-07-04 12:10:59', '2025-09-04 06:53:21'),
(107, 'Cavalier', NULL, 0, '2023-07-04 12:10:59', '2025-09-04 06:53:21'),
(108, 'Cavalier Homes', NULL, 0, '2023-07-04 12:10:59', '2025-09-04 06:53:21'),
(109, 'Celestic Homes', NULL, 0, '2023-07-04 12:10:59', '2025-09-04 06:53:21'),
(110, 'Centurion Homes', NULL, 0, '2023-07-04 12:10:59', '2025-09-04 06:53:21'),
(111, 'Chalmers Const.', NULL, 0, '2023-07-04 12:10:59', '2025-09-04 06:53:21'),
(112, 'Chalmers Const. Pty Ltd', NULL, 0, '2023-07-04 12:10:59', '2025-09-04 06:53:21'),
(113, 'Chami Building Construction ', NULL, 0, '2023-07-04 12:10:59', '2025-09-04 06:53:21'),
(114, 'Chaplin, Paul', NULL, 0, '2023-07-04 12:10:59', '2025-09-04 06:53:21'),
(115, 'Charik Home Renovations', NULL, 0, '2023-07-04 12:10:59', '2025-09-04 06:53:21'),
(116, 'Chris, Wilson', NULL, 0, '2023-07-04 12:10:59', '2025-09-04 06:53:21'),
(117, 'Citi Corporation Pty Ltd', NULL, 0, '2023-07-04 12:10:59', '2025-09-04 06:53:21'),
(118, 'Clement Family Homes', NULL, 0, '2023-07-04 12:10:59', '2025-09-04 06:53:21'),
(119, 'Clement Homes', NULL, 0, '2023-07-04 12:10:59', '2025-09-04 06:53:21'),
(120, 'Clyde Strata P/L', NULL, 0, '2023-07-04 12:10:59', '2025-09-04 06:53:21'),
(121, 'Coastal Haus', NULL, 0, '2023-07-04 12:10:59', '2025-09-04 06:53:21'),
(122, 'Cordial Homes', NULL, 0, '2023-07-04 12:10:59', '2025-09-04 06:53:21'),
(123, 'Creation', NULL, 0, '2023-07-04 12:10:59', '2025-09-04 06:53:21'),
(124, 'Creation Homes VIC Pty Ltd', NULL, 0, '2023-07-04 12:10:59', '2025-09-04 06:53:21'),
(125, 'Creation Homes VIC Pty Ltd; Fugurhead; SIMOND', NULL, 0, '2023-07-04 12:10:59', '2025-09-04 06:53:21'),
(126, 'Creation Homes; Figurhead; SIMOND ', NULL, 0, '2023-07-04 12:10:59', '2025-09-04 06:53:21'),
(127, 'Creation, Michael', NULL, 0, '2023-07-04 12:10:59', '2025-09-04 06:53:21'),
(128, 'Cube - Design & Build Pty Ltd', NULL, 0, '2023-07-04 12:10:59', '2025-09-04 06:53:21'),
(129, 'Cube Constructions ', NULL, 0, '2023-07-04 12:10:59', '2025-09-04 06:53:21'),
(130, 'Cube Design', NULL, 0, '2023-07-04 12:10:59', '2025-09-04 06:53:21'),
(131, 'Customised Constructions', NULL, 0, '2023-07-04 12:10:59', '2025-09-04 06:53:21'),
(132, 'D Civil Form', NULL, 0, '2023-07-04 12:10:59', '2025-09-04 06:53:21'),
(133, 'D Civil Form Pty Ltd', NULL, 0, '2023-07-04 12:10:59', '2025-09-04 06:53:21'),
(134, 'D Form Civil Pty Ltd', NULL, 0, '2023-07-04 12:10:59', '2025-09-04 06:53:21'),
(135, 'Daljeet Singh', NULL, 0, '2023-07-04 12:10:59', '2025-09-04 06:53:21'),
(136, 'Danyal, Zaffar', NULL, 0, '2023-07-04 12:10:59', '2025-09-04 06:53:21'),
(137, 'DB & JS Constructions', NULL, 0, '2023-07-04 12:10:59', '2025-09-04 06:53:21'),
(138, 'DBG Projects', NULL, 0, '2023-07-04 12:10:59', '2025-09-04 06:53:21'),
(139, 'DBN Homes Pty Ltd', NULL, 0, '2023-07-04 12:10:59', '2025-09-04 06:53:21'),
(140, 'DBS Homes', NULL, 0, '2023-07-04 12:10:59', '2025-09-04 06:53:21'),
(141, 'Destiny Living Pty Ltd', NULL, 0, '2023-07-04 12:10:59', '2025-09-04 06:53:21'),
(142, 'Dev Builder', NULL, 0, '2023-07-04 12:10:59', '2025-09-04 06:53:21'),
(143, 'Dev Builders', NULL, 0, '2023-07-04 12:10:59', '2025-09-04 06:53:21'),
(144, 'Dixon Homes', NULL, 0, '2023-07-04 12:10:59', '2025-09-04 06:53:21'),
(145, 'DKT Building Solutions', NULL, 0, '2023-07-04 12:10:59', '2025-09-04 06:53:21'),
(146, 'DMG Homes Pty Ltd', NULL, 0, '2023-07-04 12:10:59', '2025-09-04 06:53:21'),
(147, 'Doaba Homes Pty Ltd', NULL, 0, '2023-07-04 12:10:59', '2025-09-04 06:53:21'),
(148, 'Doherty Building Group', NULL, 0, '2023-07-04 12:10:59', '2025-09-04 06:53:21'),
(149, 'Doherty Building Group, Surfcoast Const. Vic. Pty Ltd', NULL, 0, '2023-07-04 12:10:59', '2025-09-04 06:53:21'),
(150, 'Doherty Building Group; Surfcoast Const. Vic. Pty Ltd', NULL, 0, '2023-07-04 12:10:59', '2025-09-04 06:53:21'),
(151, 'Dream Oz Homes', NULL, 0, '2023-07-04 12:10:59', '2025-09-04 06:53:21'),
(152, 'Duah Consultan', NULL, 0, '2023-07-04 12:10:59', '2025-09-04 06:53:21'),
(153, 'Duah Consultant', NULL, 0, '2023-07-04 12:10:59', '2025-09-04 06:53:21'),
(154, 'Duah Consultants', NULL, 0, '2023-07-04 12:10:59', '2025-09-04 06:53:21'),
(155, 'Dulger Homes Pty Ltd', NULL, 0, '2023-07-04 12:10:59', '2025-09-04 06:53:21'),
(156, 'Dunlore', NULL, 0, '2023-07-04 12:10:59', '2025-09-04 06:53:21'),
(157, 'Dunlore Pty Ltd ', NULL, 0, '2023-07-04 12:10:59', '2025-09-04 06:53:21'),
(158, 'E2E Desgin', NULL, 0, '2023-07-04 12:10:59', '2025-09-04 06:53:21'),
(159, 'E2E Design', NULL, 0, '2023-07-04 12:10:59', '2025-09-04 06:53:21'),
(160, 'E2E Design Group ', NULL, 0, '2023-07-04 12:10:59', '2025-09-04 06:53:21'),
(161, 'E2E Design Group (Tony Kirk)', NULL, 0, '2023-07-04 12:10:59', '2025-09-04 06:53:21'),
(162, 'E2E Designer', NULL, 0, '2023-07-04 12:10:59', '2025-09-04 06:53:21'),
(163, 'Easbound Builders', NULL, 0, '2023-07-04 12:10:59', '2025-09-04 06:53:21'),
(164, 'Eastbound', NULL, 0, '2023-07-04 12:10:59', '2025-09-04 06:53:21'),
(165, 'Eastbound Builder', NULL, 0, '2023-07-04 12:10:59', '2025-09-04 06:53:21'),
(166, 'Eastbound Builders', NULL, 0, '2023-07-04 12:10:59', '2025-09-04 06:53:21'),
(167, 'Eastbound Buuilders', NULL, 0, '2023-07-04 12:10:59', '2025-09-04 06:53:21'),
(168, 'Eastbound Homes', NULL, 0, '2023-07-04 12:10:59', '2025-09-04 06:53:21'),
(169, 'Eastern Property', NULL, 0, '2023-07-04 12:10:59', '2025-09-04 06:53:21'),
(170, 'Eastern Property Services', NULL, 0, '2023-07-04 12:10:59', '2025-09-04 06:53:21'),
(171, 'Echo', NULL, 0, '2023-07-04 12:10:59', '2025-09-04 06:53:21'),
(172, 'Echo Homes', NULL, 0, '2023-07-04 12:10:59', '2025-09-04 06:53:21'),
(173, 'Echo Town', NULL, 0, '2023-07-04 12:10:59', '2025-09-04 06:53:21'),
(174, 'Echo Town Homes ', NULL, 0, '2023-07-04 12:10:59', '2025-09-04 06:53:21'),
(175, 'echo town house', NULL, 0, '2023-07-04 12:10:59', '2025-09-04 06:53:21'),
(176, 'Echo Townhomes', NULL, 0, '2023-07-04 12:10:59', '2025-09-04 06:53:21'),
(177, 'Edina Building Group Pty Ltd ', NULL, 0, '2023-07-04 12:10:59', '2025-09-04 06:53:21'),
(178, 'Element and Design', NULL, 0, '2023-07-04 12:10:59', '2025-09-04 06:53:21'),
(179, 'Element Design', NULL, 0, '2023-07-04 12:10:59', '2025-09-04 06:53:21'),
(180, 'Element Design & Build', NULL, 0, '2023-07-04 12:10:59', '2025-09-04 06:53:21'),
(181, 'Element Design and Build', NULL, 0, '2023-07-04 12:10:59', '2025-09-04 06:53:21'),
(182, 'Elements Design & Build', NULL, 0, '2023-07-04 12:10:59', '2025-09-04 06:53:21'),
(183, 'Elements Design and Build', NULL, 0, '2023-07-04 12:10:59', '2025-09-04 06:53:21'),
(184, 'Elements Group', NULL, 0, '2023-07-04 12:10:59', '2025-09-04 06:53:21'),
(185, 'Eleven Construction Pty Ltd', NULL, 0, '2023-07-04 12:10:59', '2025-09-04 06:53:21'),
(186, 'Elite New Homes', NULL, 0, '2023-07-04 12:10:59', '2025-09-04 06:53:21'),
(187, 'Enamour Homes', NULL, 0, '2023-07-04 12:10:59', '2025-09-04 06:53:21'),
(188, 'Encore', NULL, 0, '2023-07-04 12:10:59', '2025-09-04 06:53:21'),
(189, 'Encore Project', NULL, 0, '2023-07-04 12:10:59', '2025-09-04 06:53:21'),
(190, 'Encore Projects', NULL, 0, '2023-07-04 12:10:59', '2025-09-04 06:53:21'),
(191, 'Enso Homes', NULL, 0, '2023-07-04 12:10:59', '2025-09-04 06:53:21'),
(192, 'Escape Homes', NULL, 0, '2023-07-04 12:10:59', '2025-09-04 06:53:21'),
(193, 'Eurovia Homes', NULL, 0, '2023-07-04 12:10:59', '2025-09-04 06:53:21'),
(194, 'Everest Homes', NULL, 0, '2023-07-04 12:10:59', '2025-09-04 06:53:21'),
(195, 'Everkeen Group ', NULL, 0, '2023-07-04 12:10:59', '2025-09-04 06:53:21'),
(196, 'Everlast Homes', NULL, 0, '2023-07-04 12:10:59', '2025-09-04 06:53:21'),
(197, 'Everock Pty Ltd', NULL, 0, '2023-07-04 12:10:59', '2025-09-04 06:53:21'),
(198, 'Fatema , Rasouli', NULL, 0, '2023-07-04 12:10:59', '2025-09-04 06:53:21'),
(199, 'FDC Building', NULL, 0, '2023-07-04 12:10:59', '2025-09-04 06:53:21'),
(200, 'FDC Construction & Fitout', NULL, 0, '2023-07-04 12:10:59', '2025-09-04 06:53:21'),
(201, 'Ferrum Group', NULL, 0, '2023-07-04 12:10:59', '2025-09-04 06:53:21'),
(202, 'Figurehead', NULL, 0, '2023-07-04 12:10:59', '2025-09-04 06:53:21'),
(203, 'Figurehead Group', NULL, 0, '2023-07-04 12:10:59', '2025-09-04 06:53:21'),
(204, 'Figurehead Group, SIMOND, Creation Homes', NULL, 0, '2023-07-04 12:10:59', '2025-09-04 06:53:21'),
(205, 'Figurehead Group; Creation Homes; SIMOND ', NULL, 0, '2023-07-04 12:10:59', '2025-09-04 06:53:21'),
(206, 'Fillmirk', NULL, 0, '2023-07-04 12:11:00', '2025-09-04 06:53:21'),
(207, 'Filmark Pty Ltd', NULL, 0, '2023-07-04 12:11:00', '2025-09-04 06:53:21'),
(208, 'Flory Pty Ltd ', NULL, 0, '2023-07-04 12:11:00', '2025-09-04 06:53:21'),
(209, 'FQR Construction Pty Ltd ', NULL, 0, '2023-07-04 12:11:00', '2025-09-04 06:53:21'),
(210, 'Frontier Constructions', NULL, 0, '2023-07-04 12:11:00', '2025-09-04 06:53:21'),
(211, 'Fulton Hogan', NULL, 0, '2023-07-04 12:11:00', '2025-09-04 06:53:21'),
(212, 'GAD Homes', NULL, 0, '2023-07-04 12:11:00', '2025-09-04 06:53:21'),
(213, 'Garden View Homes ', NULL, 0, '2023-07-04 12:11:00', '2025-09-04 06:53:21'),
(214, 'Gardenview Homes', NULL, 0, '2023-07-04 12:11:00', '2025-09-04 06:53:21'),
(215, 'Gardenview Homes Pty Ltd', NULL, 0, '2023-07-04 12:11:00', '2025-09-04 06:53:21'),
(216, 'Gaurya Developments Pty Ltd', NULL, 0, '2023-07-04 12:11:00', '2025-09-04 06:53:21'),
(217, 'GEAP GROUP PTY LTD', NULL, 0, '2023-07-04 12:11:00', '2025-09-04 06:53:21'),
(218, 'Gianni Santini', NULL, 0, '2023-07-04 12:11:00', '2025-09-04 06:53:21'),
(219, 'Glamour Homes Australia ', NULL, 0, '2023-07-04 12:11:00', '2025-09-04 06:53:21'),
(220, 'Glamour Homes Australia Pty Ltd', NULL, 0, '2023-07-04 12:11:00', '2025-09-04 06:53:21'),
(221, 'Glenoak Homes Pty Ltd', NULL, 0, '2023-07-04 12:11:00', '2025-09-04 06:53:21'),
(222, 'Glenvill', NULL, 0, '2023-07-04 12:11:00', '2025-09-04 06:53:21'),
(223, 'Glenvill Project ', NULL, 0, '2023-07-04 12:11:00', '2025-09-04 06:53:21'),
(224, 'Glenvill Projects', NULL, 0, '2023-07-04 12:11:00', '2025-09-04 06:53:21'),
(225, 'Glenvill Pty Ltd', NULL, 0, '2023-07-04 12:11:00', '2025-09-04 06:53:21'),
(226, 'Global Build Group Pty. Ltd.', NULL, 0, '2023-07-04 12:11:00', '2025-09-04 06:53:21'),
(227, 'Golden Group Construction', NULL, 0, '2023-07-04 12:11:00', '2025-09-04 06:53:21'),
(228, 'Grand Construction', NULL, 0, '2023-07-04 12:11:00', '2025-09-04 06:53:21'),
(229, 'Grand Constructions Pty Ltd (t/as The Grand Homes Vic)', NULL, 0, '2023-07-04 12:11:00', '2025-09-04 06:53:21'),
(230, 'H.R. Bukala Building', NULL, 0, '2023-07-04 12:11:00', '2025-09-04 06:53:21'),
(231, 'Haf Construction Pty Ltd ', NULL, 0, '2023-07-04 12:11:00', '2025-09-04 06:53:21'),
(232, 'Haoscon Building Construction', NULL, 0, '2023-07-04 12:11:00', '2025-09-04 06:53:21'),
(233, 'Harcon Project', NULL, 0, '2023-07-04 12:11:00', '2025-09-04 06:53:21'),
(234, 'Harcon Projects', NULL, 0, '2023-07-04 12:11:00', '2025-09-04 06:53:21'),
(235, 'Harcon Properties', NULL, 0, '2023-07-04 12:11:00', '2025-09-04 06:53:21'),
(236, 'He Zhi , Hai', NULL, 0, '2023-07-04 12:11:00', '2025-09-04 06:53:21'),
(237, 'Hera Homes Pty Ltd ', NULL, 0, '2023-07-04 12:11:00', '2025-09-04 06:53:21'),
(238, 'Hercon Project', NULL, 0, '2023-07-04 12:11:00', '2025-09-04 06:53:21'),
(239, 'Hidesign Constructions Pty Ltd', NULL, 0, '2023-07-04 12:11:00', '2025-09-04 06:53:21'),
(240, 'High End Building and Developments ', NULL, 0, '2023-07-04 12:11:00', '2025-09-04 06:53:21'),
(241, 'Highmark Homes ', NULL, 0, '2023-07-04 12:11:00', '2025-09-04 06:53:21'),
(242, 'Himalaya Homes Pty Ltd', NULL, 0, '2023-07-04 12:11:00', '2025-09-04 06:53:21'),
(243, 'Hkon Homes', NULL, 0, '2023-07-04 12:11:00', '2025-09-04 06:53:21'),
(244, 'Hkon Homes Pty Ltd', NULL, 0, '2023-07-04 12:11:00', '2025-09-04 06:53:21'),
(245, 'Holbrook Homes ', NULL, 0, '2023-07-04 12:11:00', '2025-09-04 06:53:21'),
(246, 'Holdbrook Homes', NULL, 0, '2023-07-04 12:11:00', '2025-09-04 06:53:21'),
(247, 'Homemark Projects', NULL, 0, '2023-07-04 12:11:00', '2025-09-04 06:53:21'),
(248, 'Hortondo Homes Wallan', NULL, 0, '2023-07-04 12:11:00', '2025-09-04 06:53:21'),
(249, 'Hotondo Homes Ocean Grove', NULL, 0, '2023-07-04 12:11:00', '2025-09-04 06:53:21'),
(250, 'Hotondo Homes Wallan', NULL, 0, '2023-07-04 12:11:00', '2025-09-04 06:53:21'),
(251, 'ILG Homes', NULL, 0, '2023-07-04 12:11:00', '2025-09-04 06:53:21'),
(252, 'Ilyas H , Sheikh', NULL, 0, '2023-07-04 12:11:00', '2025-09-04 06:53:21'),
(253, 'Image One Homes Pty Ltd', NULL, 0, '2023-07-04 12:11:00', '2025-09-04 06:53:21'),
(254, 'Immanuel Homes Pty Ltd', NULL, 0, '2023-07-04 12:11:00', '2025-09-04 06:53:21'),
(255, 'Imppresive', NULL, 0, '2023-07-04 12:11:00', '2025-09-04 06:53:21'),
(256, 'Impressive Homes Pty Ltd', NULL, 0, '2023-07-04 12:11:00', '2025-09-04 06:53:21'),
(257, 'Infinity', NULL, 0, '2023-07-04 12:11:00', '2025-09-04 06:53:21'),
(258, 'infinity Australia homes', NULL, 0, '2023-07-04 12:11:00', '2025-09-04 06:53:21'),
(259, 'Infinity Building Group Australia', NULL, 0, '2023-07-04 12:11:00', '2025-09-04 06:53:21'),
(260, 'Infinity Homes', NULL, 0, '2023-07-04 12:11:00', '2025-09-04 06:53:21'),
(261, 'infinity Homes Australia', NULL, 0, '2023-07-04 12:11:00', '2025-09-04 06:53:21'),
(262, 'Insitu Group Pty Ltd', NULL, 0, '2023-07-04 12:11:00', '2025-09-04 06:53:21'),
(263, 'Insitu Group, Kennett Builders, McColl Smith Project', NULL, 0, '2023-07-04 12:11:00', '2025-09-04 06:53:21'),
(264, 'Integrity New Homes', NULL, 0, '2023-07-04 12:11:00', '2025-09-04 06:53:21'),
(265, 'Integrity New Homes Melbourne North', NULL, 0, '2023-07-04 12:11:00', '2025-09-04 06:53:21'),
(266, 'Integrity Newhomes Builder', NULL, 0, '2023-07-04 12:11:00', '2025-09-04 06:53:21'),
(267, 'Intergity New Homes', NULL, 0, '2023-07-04 12:11:00', '2025-09-04 06:53:21'),
(268, 'Inventing Group Pty Ltd', NULL, 0, '2023-07-04 12:11:00', '2025-09-04 06:53:21'),
(269, 'Inventing Homes', NULL, 0, '2023-07-04 12:11:00', '2025-09-04 06:53:21'),
(270, 'Iudara property', NULL, 0, '2023-07-04 12:11:00', '2025-09-04 06:53:21'),
(271, 'Iurada Property', NULL, 0, '2023-07-04 12:11:00', '2025-09-04 06:53:21'),
(272, 'Ivana, Bozic', NULL, 0, '2023-07-04 12:11:00', '2025-09-04 06:53:21'),
(273, 'Ivib Studio', NULL, 0, '2023-07-04 12:11:00', '2025-09-04 06:53:21'),
(274, 'J & Z Designer Homes (Intellect Homes)', NULL, 0, '2023-07-04 12:11:00', '2025-09-04 06:53:21'),
(275, 'J&N Homes Pty Ltd', NULL, 0, '2023-07-04 12:11:00', '2025-09-04 06:53:21'),
(276, 'J&S Homes', NULL, 0, '2023-07-04 12:11:00', '2025-09-04 06:53:21'),
(277, 'Jagdeep Singh', NULL, 0, '2023-07-04 12:11:00', '2025-09-04 06:53:21'),
(278, 'Jannapureddy , Ram ', NULL, 0, '2023-07-04 12:11:00', '2025-09-04 06:53:21'),
(279, 'Jazz , Mani', NULL, 0, '2023-07-04 12:11:00', '2025-09-04 06:53:21'),
(280, 'JBM Group ', NULL, 0, '2023-07-04 12:11:00', '2025-09-04 06:53:21'),
(281, 'Jelcon Pty Ltd ', NULL, 0, '2023-07-04 12:11:00', '2025-09-04 06:53:21'),
(282, 'Jemy , Jeso', NULL, 0, '2023-07-04 12:11:00', '2025-09-04 06:53:21'),
(283, 'Jemy Jose', NULL, 0, '2023-07-04 12:11:00', '2025-09-04 06:53:21'),
(284, 'Jenash Homes', NULL, 0, '2023-07-04 12:11:00', '2025-09-04 06:53:21'),
(285, 'Jenash Homes Pty Ltd', NULL, 0, '2023-07-04 12:11:00', '2025-09-04 06:53:21'),
(286, 'JENASH HOMES PTY. LTD.', NULL, 0, '2023-07-04 12:11:00', '2025-09-04 06:53:21'),
(287, 'Jeso , Jemy', NULL, 0, '2023-07-04 12:11:00', '2025-09-04 06:53:21'),
(288, 'Jh Sehjal Pty Ltd', NULL, 0, '2023-07-04 12:11:00', '2025-09-04 06:53:21'),
(289, 'Jhirmal Tillings', NULL, 0, '2023-07-04 12:11:00', '2025-09-04 06:53:21'),
(290, 'Jhirmal Tillings Pty Ltd', NULL, 0, '2023-07-04 12:11:00', '2025-09-04 06:53:21'),
(291, 'JHsehjal', NULL, 0, '2023-07-04 12:11:00', '2025-09-04 06:53:21'),
(292, 'Jhsehjal Pty Ltd', NULL, 0, '2023-07-04 12:11:00', '2025-09-04 06:53:21'),
(293, 'Jhsekjal', NULL, 0, '2023-07-04 12:11:00', '2025-09-04 06:53:21'),
(294, 'Jio Homes', NULL, 0, '2023-07-04 12:11:00', '2025-09-04 06:53:21'),
(295, 'Jio Homes Pty Ltd', NULL, 0, '2023-07-04 12:11:00', '2025-09-04 06:53:21'),
(296, 'JKAYS GROUP', NULL, 0, '2023-07-04 12:11:00', '2025-09-04 06:53:21'),
(297, 'JKP Homes', NULL, 0, '2023-07-04 12:11:00', '2025-09-04 06:53:21'),
(298, 'Jnx Construct ', NULL, 0, '2023-07-04 12:11:00', '2025-09-04 06:53:21'),
(299, 'JNX Construct Pty Ltd', NULL, 0, '2023-07-04 12:11:00', '2025-09-04 06:53:21'),
(300, 'JNX Construction ', NULL, 0, '2023-07-04 12:11:00', '2025-09-04 06:53:21'),
(301, 'JNX Constructions', NULL, 0, '2023-07-04 12:11:00', '2025-09-04 06:53:21'),
(302, 'JNX Homes', NULL, 0, '2023-07-04 12:11:00', '2025-09-04 06:53:21'),
(303, 'Jordan Maiolo friend', NULL, 0, '2023-07-04 12:11:00', '2025-09-04 06:53:21'),
(304, 'JSM Build', NULL, 0, '2023-07-04 12:11:00', '2025-09-04 06:53:21'),
(305, 'JSM Builder', NULL, 0, '2023-07-04 12:11:00', '2025-09-04 06:53:21'),
(306, 'Kaplan Constructions Group Pty Ltd', NULL, 0, '2023-07-04 12:11:00', '2025-09-04 06:53:21'),
(307, 'Kasana Construction', NULL, 0, '2023-07-04 12:11:00', '2025-09-04 06:53:21'),
(308, 'Keilor East Mowing', NULL, 0, '2023-07-04 12:11:00', '2025-09-04 06:53:21'),
(309, 'Kennett Builders, McColl Smith Projects', NULL, 0, '2023-07-04 12:11:00', '2025-09-04 06:53:21'),
(310, 'Kennett Builders, McColl Smith Projects Pty Ltd', NULL, 0, '2023-07-04 12:11:00', '2025-09-04 06:53:21'),
(311, 'Keogh Homes', NULL, 0, '2023-07-04 12:11:00', '2025-09-04 06:53:21'),
(312, 'Kew Construction', NULL, 0, '2023-07-04 12:11:00', '2025-09-04 06:53:21'),
(313, 'Kew Construction Pty Ltd ', NULL, 0, '2023-07-04 12:11:00', '2025-09-04 06:53:21'),
(314, 'Kew Constructions', NULL, 0, '2023-07-04 12:11:00', '2025-09-04 06:53:21'),
(315, 'Kew Garden Homes ', NULL, 0, '2023-07-04 12:11:00', '2025-09-04 06:53:21'),
(316, 'Khalid Mughal', NULL, 0, '2023-07-04 12:11:00', '2025-09-04 06:53:21'),
(317, 'Kharoud, Sonu', NULL, 0, '2023-07-04 12:11:00', '2025-09-04 06:53:21'),
(318, 'Khodr Homes', NULL, 0, '2023-07-04 12:11:00', '2025-09-04 06:53:21'),
(319, 'Kiel & Co Dev.', NULL, 0, '2023-07-04 12:11:00', '2025-09-04 06:53:21'),
(320, 'Kiel & Co. Developments', NULL, 0, '2023-07-04 12:11:00', '2025-09-04 06:53:21'),
(321, 'Kirandeep , Singh', NULL, 0, '2023-07-04 12:11:00', '2025-09-04 06:53:21'),
(322, 'Korbuild Pty Ltd', NULL, 0, '2023-07-04 12:11:00', '2025-09-04 06:53:21'),
(323, 'Korngold ', NULL, 0, '2023-07-04 12:11:00', '2025-09-04 06:53:21'),
(324, 'Korngold Construction', NULL, 0, '2023-07-04 12:11:00', '2025-09-04 06:53:21'),
(325, 'Kozzulin', NULL, 0, '2023-07-04 12:11:00', '2025-09-04 06:53:21'),
(326, 'Krongold Const', NULL, 0, '2023-07-04 12:11:00', '2025-09-04 06:53:21'),
(327, 'Krongold Construction ', NULL, 0, '2023-07-04 12:11:00', '2025-09-04 06:53:21'),
(328, 'Krongold Construction Group ', NULL, 0, '2023-07-04 12:11:00', '2025-09-04 06:53:21'),
(329, 'Krongold Construction Group Pty Ltd', NULL, 0, '2023-07-04 12:11:00', '2025-09-04 06:53:21'),
(330, 'Krongold Group', NULL, 0, '2023-07-04 12:11:00', '2025-09-04 06:53:21'),
(331, 'Krug Constructions', NULL, 0, '2023-07-04 12:11:00', '2025-09-04 06:53:21'),
(332, 'Kustom Living Pty Ltd', NULL, 0, '2023-07-04 12:11:00', '2025-09-04 06:53:21'),
(333, 'KWR Developments', NULL, 0, '2023-07-04 12:11:00', '2025-09-04 06:53:21'),
(334, 'Lanco Homes', NULL, 0, '2023-07-04 12:11:00', '2025-09-04 06:53:21'),
(335, 'Land Building', NULL, 0, '2023-07-04 12:11:00', '2025-09-04 06:53:21'),
(336, 'Lane building', NULL, 0, '2023-07-04 12:11:00', '2025-09-04 06:53:21'),
(337, 'Lane Building Group', NULL, 0, '2023-07-04 12:11:00', '2025-09-04 06:53:21'),
(338, 'Layton', NULL, 0, '2023-07-04 12:11:00', '2025-09-04 06:53:21'),
(339, 'Layton Homes', NULL, 0, '2023-07-04 12:11:00', '2025-09-04 06:53:21'),
(340, 'LDH Homes', NULL, 0, '2023-07-04 12:11:00', '2025-09-04 06:53:21'),
(341, 'Leader Build', NULL, 0, '2023-07-04 12:11:00', '2025-09-04 06:53:21'),
(342, 'Leaders Build', NULL, 0, '2023-07-04 12:11:00', '2025-09-04 06:53:21'),
(343, 'Level 10', NULL, 0, '2023-07-04 12:11:00', '2025-09-04 06:53:21'),
(344, 'Level 10 Pty', NULL, 0, '2023-07-04 12:11:00', '2025-09-04 06:53:21'),
(345, 'Level 10 Pty Ltd', NULL, 0, '2023-07-04 12:11:00', '2025-09-04 06:53:21'),
(346, 'Level 10pty ltd', NULL, 0, '2023-07-04 12:11:00', '2025-09-04 06:53:21'),
(347, 'level10 pty ltd', NULL, 0, '2023-07-04 12:11:00', '2025-09-04 06:53:21'),
(348, 'Levix Constrcutions', NULL, 0, '2023-07-04 12:11:00', '2025-09-04 06:53:21'),
(349, 'Levix Constructions', NULL, 0, '2023-07-04 12:11:00', '2025-09-04 06:53:21'),
(350, 'LG Builders Aust', NULL, 0, '2023-07-04 12:11:00', '2025-09-04 06:53:21'),
(351, 'Live Green Homes', NULL, 0, '2023-07-04 12:11:00', '2025-09-04 06:53:21'),
(352, 'LJ Corporation', NULL, 0, '2023-07-04 12:11:00', '2025-09-04 06:53:21'),
(353, 'LJ Homes', NULL, 0, '2023-07-04 12:11:00', '2025-09-04 06:53:21'),
(354, 'LKP Holdings Pty Ltd', NULL, 0, '2023-07-04 12:11:00', '2025-09-04 06:53:21'),
(355, 'Lloyd Group', NULL, 0, '2023-07-04 12:11:00', '2025-09-04 06:53:21'),
(356, 'Lloyd Group, Plan Group', NULL, 0, '2023-07-04 12:11:00', '2025-09-04 06:53:21'),
(357, 'Loaram Constructions', NULL, 0, '2023-07-04 12:11:00', '2025-09-04 06:53:21'),
(358, 'Long Point Construction', NULL, 0, '2023-07-04 12:11:00', '2025-09-04 06:53:21'),
(359, 'Longpoint Const. Group', NULL, 0, '2023-07-04 12:11:00', '2025-09-04 06:53:21'),
(360, 'Longpoint Construction Group', NULL, 0, '2023-07-04 12:11:00', '2025-09-04 06:53:21'),
(361, 'Lorven Homes', NULL, 0, '2023-07-04 12:11:00', '2025-09-04 06:53:21'),
(362, 'Lot 508 No 30 Skypac Street, Weir Views', NULL, 0, '2023-07-04 12:11:00', '2025-09-04 06:53:21'),
(363, 'LSR Const.', NULL, 0, '2023-07-04 12:11:00', '2025-09-04 06:53:21'),
(364, 'LSR Construction', NULL, 0, '2023-07-04 12:11:00', '2025-09-04 06:53:21'),
(365, 'LSR Construction Group Pty Ltd', NULL, 0, '2023-07-04 12:11:00', '2025-09-04 06:53:21'),
(366, 'M. I. Builders', NULL, 0, '2023-07-04 12:11:00', '2025-09-04 06:53:21'),
(367, 'M.I Builders', NULL, 0, '2023-07-04 12:11:00', '2025-09-04 06:53:21'),
(368, 'Magellan Projects', NULL, 0, '2023-07-04 12:11:00', '2025-09-04 06:53:21'),
(369, 'Magellan Projects Askin', NULL, 0, '2023-07-04 12:11:00', '2025-09-04 06:53:21'),
(370, 'Maharjan , Rajesh ', NULL, 0, '2023-07-04 12:11:00', '2025-09-04 06:53:21'),
(371, 'Mahesh Bhagwani', NULL, 0, '2023-07-04 12:11:00', '2025-09-04 06:53:21'),
(372, 'Mahogany Building', NULL, 0, '2023-07-04 12:11:00', '2025-09-04 06:53:21'),
(373, 'Mahogany Building Services Pty Ltd', NULL, 0, '2023-07-04 12:11:00', '2025-09-04 06:53:21'),
(374, 'MAICON DEVELOPMENTS PTY. LTD. & The Trustee for the GNC Developments', NULL, 0, '2023-07-04 12:11:00', '2025-09-04 06:53:21'),
(375, 'Mainbrace Constructions', NULL, 0, '2023-07-04 12:11:00', '2025-09-04 06:53:21'),
(376, 'Makray Homes Pth Ltd', NULL, 0, '2023-07-04 12:11:00', '2025-09-04 06:53:21'),
(377, 'Makray Homes Pty Ltd', NULL, 0, '2023-07-04 12:11:00', '2025-09-04 06:53:21'),
(378, 'malwid homes', NULL, 0, '2023-07-04 12:11:00', '2025-09-04 06:53:21'),
(379, 'Mamo Building Group', NULL, 0, '2023-07-04 12:11:00', '2025-09-04 06:53:21'),
(380, 'Mandorla, Adrian', NULL, 0, '2023-07-04 12:11:00', '2025-09-04 06:53:21'),
(381, 'Mann Builders', NULL, 0, '2023-07-04 12:11:00', '2025-09-04 06:53:21'),
(382, 'Mann Homes', NULL, 0, '2023-07-04 12:11:00', '2025-09-04 06:53:21'),
(383, 'Master Builders', NULL, 0, '2023-07-04 12:11:00', '2025-09-04 06:53:21'),
(384, 'Masters Build', NULL, 0, '2023-07-04 12:11:00', '2025-09-04 06:53:21'),
(385, 'Matrix Constructions', NULL, 0, '2023-07-04 12:11:00', '2025-09-04 06:53:21'),
(386, 'Matrix Constructions Pty Ltd', NULL, 0, '2023-07-04 12:11:00', '2025-09-04 06:53:21'),
(387, 'Mazzei', NULL, 0, '2023-07-04 12:11:00', '2025-09-04 06:53:21'),
(388, 'Mazzie', NULL, 0, '2023-07-04 12:11:00', '2025-09-04 06:53:21'),
(389, 'Mc Auburn Australia', NULL, 0, '2023-07-04 12:11:00', '2025-09-04 06:53:21'),
(390, 'McAuburn', NULL, 0, '2023-07-04 12:11:00', '2025-09-04 06:53:21'),
(391, 'McAuburn Australia', NULL, 0, '2023-07-04 12:11:00', '2025-09-04 06:53:21'),
(392, 'McAuburn Australia Pty Ltd', NULL, 0, '2023-07-04 12:11:00', '2025-09-04 06:53:21'),
(393, 'Mehrok Constructions', NULL, 0, '2023-07-04 12:11:00', '2025-09-04 06:53:21'),
(394, 'Meistone Construction', NULL, 0, '2023-07-04 12:11:00', '2025-09-04 06:53:21'),
(395, 'MEL BUILDERS', NULL, 0, '2023-07-04 12:11:00', '2025-09-04 06:53:21'),
(396, 'Melbcon Pty Ltd', NULL, 0, '2023-07-04 12:11:00', '2025-09-04 06:53:21'),
(397, 'Melbourne developers', NULL, 0, '2023-07-04 12:11:00', '2025-09-04 06:53:21'),
(398, 'Melbourne Homes Pty Ltd', NULL, 0, '2023-07-04 12:11:00', '2025-09-04 06:53:21'),
(399, 'Melbourne Industrial Builder', NULL, 0, '2023-07-04 12:11:00', '2025-09-04 06:53:21'),
(400, 'Melbourne Industrial Builders', NULL, 0, '2023-07-04 12:11:00', '2025-09-04 06:53:21'),
(401, 'Melbourne Industrial Builders Pty Ltd', NULL, 0, '2023-07-04 12:11:00', '2025-09-04 06:53:21'),
(402, 'Melbourne Royal Homes', NULL, 0, '2023-07-04 12:11:00', '2025-09-04 06:53:21'),
(403, 'Melbourne Royal Homes Pty Ltd', NULL, 0, '2023-07-04 12:11:00', '2025-09-04 06:53:21'),
(404, 'Melstone Construction', NULL, 0, '2023-07-04 12:11:00', '2025-09-04 06:53:21'),
(405, 'Melstone Construction Pty Ltd', NULL, 0, '2023-07-04 12:11:00', '2025-09-04 06:53:21'),
(406, 'Melstone Constructions', NULL, 0, '2023-07-04 12:11:00', '2025-09-04 06:53:21'),
(407, 'Melwid Homes', NULL, 0, '2023-07-04 12:11:00', '2025-09-04 06:53:21'),
(408, 'Melwide Homes', NULL, 0, '2023-07-04 12:11:00', '2025-09-04 06:53:21'),
(409, 'Mercuri Homes', NULL, 0, '2023-07-04 12:11:00', '2025-09-04 06:53:21'),
(410, 'Mercuri Homes Pty Ltd', NULL, 0, '2023-07-04 12:11:00', '2025-09-04 06:53:21'),
(411, 'Meteor Homes', NULL, 0, '2023-07-04 12:11:00', '2025-09-04 06:53:21'),
(412, 'Metricon Homes', NULL, 0, '2023-07-04 12:11:00', '2025-09-04 06:53:21'),
(413, 'Metronest', NULL, 0, '2023-07-04 12:11:00', '2025-09-04 06:53:21'),
(414, 'Metronest Homes', NULL, 0, '2023-07-04 12:11:00', '2025-09-04 06:53:21'),
(415, 'Mezz Builds', NULL, 0, '2023-07-04 12:11:00', '2025-09-04 06:53:21'),
(416, 'Mezzanie Builds', NULL, 0, '2023-07-04 12:11:00', '2025-09-04 06:53:21'),
(417, 'Mezzanine Build', NULL, 0, '2023-07-04 12:11:00', '2025-09-04 06:53:21'),
(418, 'Mezzanine Builds Pty Ltd', NULL, 0, '2023-07-04 12:11:00', '2025-09-04 06:53:21'),
(419, 'Mi Builder', NULL, 0, '2023-07-04 12:11:00', '2025-09-04 06:53:21'),
(420, 'Miller atkins', NULL, 0, '2023-07-04 12:11:00', '2025-09-04 06:53:21'),
(421, 'milwade homes', NULL, 0, '2023-07-04 12:11:00', '2025-09-04 06:53:21'),
(422, 'Mimar Design ', NULL, 0, '2023-07-04 12:11:00', '2025-09-04 06:53:21'),
(423, 'Minal', NULL, 0, '2023-07-04 12:11:00', '2025-09-04 06:53:21'),
(424, 'Minal Construction', NULL, 0, '2023-07-04 12:11:00', '2025-09-04 06:53:21'),
(425, 'Minal COnstructions', NULL, 0, '2023-07-04 12:11:00', '2025-09-04 06:53:21'),
(426, 'Minal Constructions Pty Ltd', NULL, 0, '2023-07-04 12:11:00', '2025-09-04 06:53:21'),
(427, 'Mirake Homes ', NULL, 0, '2023-07-04 12:11:00', '2025-09-04 06:53:21'),
(428, 'Mirakee', NULL, 0, '2023-07-04 12:11:00', '2025-09-04 06:53:21'),
(429, 'Mirakee Homes', NULL, 0, '2023-07-04 12:11:00', '2025-09-04 06:53:21'),
(430, 'Mireekee', NULL, 0, '2023-07-04 12:11:00', '2025-09-04 06:53:21'),
(431, 'Mirvac', NULL, 0, '2023-07-04 12:11:00', '2025-09-04 06:53:21'),
(432, 'Mirvac Home', NULL, 0, '2023-07-04 12:11:00', '2025-09-04 06:53:21'),
(433, 'Mirvac Home Builder ', NULL, 0, '2023-07-04 12:11:01', '2025-09-04 06:53:21'),
(434, 'Mirvac Home Builders ', NULL, 0, '2023-07-04 12:11:01', '2025-09-04 06:53:21'),
(435, 'Mirvac Home Builders Pty Ltd ', NULL, 0, '2023-07-04 12:11:01', '2025-09-04 06:53:21'),
(436, 'Mirvac Homes', NULL, 0, '2023-07-04 12:11:01', '2025-09-04 06:53:21'),
(437, 'Mirvac Homes Bulders', NULL, 0, '2023-07-04 12:11:01', '2025-09-04 06:53:21'),
(438, 'Mirvav', NULL, 0, '2023-07-04 12:11:01', '2025-09-04 06:53:21'),
(439, 'Mishal Homes', NULL, 0, '2023-07-04 12:11:01', '2025-09-04 06:53:21'),
(440, 'Mivac Homes', NULL, 0, '2023-07-04 12:11:01', '2025-09-04 06:53:21'),
(441, 'MKM Construction', NULL, 0, '2023-07-04 12:11:01', '2025-09-04 06:53:21'),
(442, 'MKM Constructions', NULL, 0, '2023-07-04 12:11:01', '2025-09-04 06:53:21'),
(443, 'Moderne Homes', NULL, 0, '2023-07-04 12:11:01', '2025-09-04 06:53:21'),
(444, 'Moderne Homez', NULL, 0, '2023-07-04 12:11:01', '2025-09-04 06:53:21'),
(445, 'Monument Construct Group ', NULL, 0, '2023-07-04 12:11:01', '2025-09-04 06:53:21'),
(446, 'Monument Construct Group Pty Ltd', NULL, 0, '2023-07-04 12:11:01', '2025-09-04 06:53:21'),
(447, 'Monument Property Group', NULL, 0, '2023-07-04 12:11:01', '2025-09-04 06:53:21'),
(448, 'Mossman Builders Group', NULL, 0, '2023-07-04 12:11:01', '2025-09-04 06:53:21'),
(449, 'Mr Chris Wilson', NULL, 0, '2023-07-04 12:11:01', '2025-09-04 06:53:21'),
(450, 'Mr Jemy Jeso', NULL, 0, '2023-07-04 12:11:01', '2025-09-04 06:53:21'),
(451, 'Mr. Chris Wilson', NULL, 0, '2023-07-04 12:11:01', '2025-09-04 06:53:21'),
(452, 'Muhammad , Bilal', NULL, 0, '2023-07-04 12:11:01', '2025-09-04 06:53:21'),
(453, 'Multi Homes ', NULL, 0, '2023-07-04 12:11:01', '2025-09-04 06:53:21'),
(454, 'Multi Tech Builder Pty Ltd', NULL, 0, '2023-07-04 12:11:01', '2025-09-04 06:53:21'),
(455, 'Multi Tech Builders Pty Ltd', NULL, 0, '2023-07-04 12:11:01', '2025-09-04 06:53:21'),
(456, 'Najjar Development', NULL, 0, '2023-07-04 12:11:01', '2025-09-04 06:53:21'),
(457, 'Nanak', NULL, 0, '2023-07-04 12:11:01', '2025-09-04 06:53:21'),
(458, 'nanak builder', NULL, 0, '2023-07-04 12:11:01', '2025-09-04 06:53:21'),
(459, 'Nanak Builders', NULL, 0, '2023-07-04 12:11:01', '2025-09-04 06:53:21'),
(460, 'Nanak Builders Pty Ltd', NULL, 0, '2023-07-04 12:11:01', '2025-09-04 06:53:21'),
(461, 'Natri', NULL, 0, '2023-07-04 12:11:01', '2025-09-04 06:53:21'),
(462, 'Natri Construction Pty Ltd', NULL, 0, '2023-07-04 12:11:01', '2025-09-04 06:53:21'),
(463, 'Nesto Homes', NULL, 0, '2023-07-04 12:11:01', '2025-09-04 06:53:21'),
(464, 'NewKey Investments Pty Ltd ', NULL, 0, '2023-07-04 12:11:01', '2025-09-04 06:53:21'),
(465, 'Newling Homes', NULL, 0, '2023-07-04 12:11:01', '2025-09-04 06:53:21'),
(466, 'Newling Homes Pty Ltd', NULL, 0, '2023-07-04 12:11:01', '2025-09-04 06:53:21'),
(467, 'Nijjar Developments ', NULL, 0, '2023-07-04 12:11:01', '2025-09-04 06:53:21'),
(468, 'Nira Homes', NULL, 0, '2023-07-04 12:11:01', '2025-09-04 06:53:21'),
(469, 'Nirmaan Homes Pty Ltd', NULL, 0, '2023-07-04 12:11:01', '2025-09-04 06:53:21'),
(470, 'NLQ Investements Pty Ltd', NULL, 0, '2023-07-04 12:11:01', '2025-09-04 06:53:21'),
(471, 'NLQ Investment', NULL, 0, '2023-07-04 12:11:01', '2025-09-04 06:53:21'),
(472, 'North Stone Construction', NULL, 0, '2023-07-04 12:11:01', '2025-09-04 06:53:21'),
(473, 'Nostra Property Group ', NULL, 0, '2023-07-04 12:11:01', '2025-09-04 06:53:21'),
(474, 'NSL Builders', NULL, 0, '2023-07-04 12:11:01', '2025-09-04 06:53:21'),
(475, 'NSM Construction Group Pty Ltd', NULL, 0, '2023-07-04 12:11:01', '2025-09-04 06:53:21'),
(477, 'Oakmont Construction', NULL, 0, '2023-07-04 12:11:01', '2025-09-04 06:53:21'),
(478, 'Obie Wahab', NULL, 0, '2023-07-04 12:11:01', '2025-09-04 06:53:21'),
(479, 'Omaxe Homes', NULL, 0, '2023-07-04 12:11:01', '2025-09-04 06:53:21'),
(480, 'On Q Homes', NULL, 0, '2023-07-04 12:11:01', '2025-09-04 06:53:21'),
(481, 'On Q Homes Pty Ltd', NULL, 0, '2023-07-04 12:11:01', '2025-09-04 06:53:21'),
(482, 'ORCHID HOMES PTY LTD', NULL, 0, '2023-07-04 12:11:01', '2025-09-04 06:53:21'),
(483, 'Oreana Homes', NULL, 0, '2023-07-04 12:11:01', '2025-09-04 06:53:21'),
(484, 'Orion Builders', NULL, 0, '2023-07-04 12:11:01', '2025-09-04 06:53:21'),
(485, 'Orion Homes', NULL, 0, '2023-07-04 12:11:01', '2025-09-04 06:53:21'),
(486, 'OTTO', NULL, 0, '2023-07-04 12:11:01', '2025-09-04 06:53:21'),
(487, 'Otto Construction ', NULL, 0, '2023-07-04 12:11:01', '2025-09-04 06:53:21'),
(488, 'Oz Villa homes pty Ltd', NULL, 0, '2023-07-04 12:11:01', '2025-09-04 06:53:21'),
(489, 'Ozmen Homes', NULL, 0, '2023-07-04 12:11:01', '2025-09-04 06:53:21'),
(490, 'Ozmen Homes Pty Ltd', NULL, 0, '2023-07-04 12:11:01', '2025-09-04 06:53:21'),
(491, 'Paciffic Homes', NULL, 0, '2023-07-04 12:11:01', '2025-09-04 06:53:21'),
(492, 'Paras Homes', NULL, 0, '2023-07-04 12:11:01', '2025-09-04 06:53:21'),
(493, 'Patel Building Group ', NULL, 0, '2023-07-04 12:11:01', '2025-09-04 06:53:21'),
(494, 'Patel, Maitreya', NULL, 0, '2023-07-04 12:11:01', '2025-09-04 06:53:21'),
(495, 'Paynters', NULL, 0, '2023-07-04 12:11:01', '2025-09-04 06:53:21'),
(496, 'Petel Building Group ', NULL, 0, '2023-07-04 12:11:01', '2025-09-04 06:53:21'),
(497, 'Piccolo Construction', NULL, 0, '2023-07-04 12:11:01', '2025-09-04 06:53:21'),
(498, 'Pinnacle Building', NULL, 0, '2023-07-04 12:11:01', '2025-09-04 06:53:21'),
(499, 'Pinnacle building Minaoui', NULL, 0, '2023-07-04 12:11:01', '2025-09-04 06:53:21'),
(500, 'Pipecam Pty Ltd', NULL, 0, '2023-07-04 12:11:01', '2025-09-04 06:53:21'),
(501, 'PJ Scott Homes', NULL, 0, '2023-07-04 12:11:01', '2025-09-04 06:53:21'),
(502, 'Planning & Design', NULL, 0, '2023-07-04 12:11:01', '2025-09-04 06:53:21'),
(503, 'Plus 1 Homes', NULL, 0, '2023-07-04 12:11:01', '2025-09-04 06:53:21'),
(504, 'Porter Davis Homes', NULL, 0, '2023-07-04 12:11:01', '2025-09-04 06:53:21'),
(505, 'Premium Build n Develop', NULL, 0, '2023-07-04 12:11:01', '2025-09-04 06:53:21'),
(506, 'Premium HOmes', NULL, 0, '2023-07-04 12:11:01', '2025-09-04 06:53:21'),
(507, 'Premium Homes Pty Ltd', NULL, 0, '2023-07-04 12:11:01', '2025-09-04 06:53:21'),
(508, 'Previan Property Group', NULL, 0, '2023-07-04 12:11:01', '2025-09-04 06:53:21'),
(509, 'Prime Construction Hub', NULL, 0, '2023-07-04 12:11:01', '2025-09-04 06:53:21'),
(510, 'PS Kang Pty Ltd', NULL, 0, '2023-07-04 12:11:01', '2025-09-04 06:53:21'),
(511, 'Pulis Construction Pty Ltd', NULL, 0, '2023-07-04 12:11:01', '2025-09-04 06:53:21'),
(512, 'Pun Homes Pty Ltd', NULL, 0, '2023-07-04 12:11:01', '2025-09-04 06:53:21'),
(513, 'PYP Constructions Pty Ltd (T/AS Eastbound Builders)', NULL, 0, '2023-07-04 12:11:01', '2025-09-04 06:53:21'),
(514, 'PYP Constructions Pty Ltd T/AS Eastbound Builders', NULL, 0, '2023-07-04 12:11:01', '2025-09-04 06:53:21'),
(515, 'Q - Tech Electrical', NULL, 0, '2023-07-04 12:11:01', '2025-09-04 06:53:21'),
(516, 'Q Const. Pty Ltd', NULL, 0, '2023-07-04 12:11:01', '2025-09-04 06:53:21'),
(517, 'Q-Tech Electrical Services', NULL, 0, '2023-07-04 12:11:01', '2025-09-04 06:53:21'),
(518, 'Qanstruct Pty Ltd', NULL, 0, '2023-07-04 12:11:01', '2025-09-04 06:53:21'),
(519, 'QnQ Homes', NULL, 0, '2023-07-04 12:11:01', '2025-09-04 06:53:21'),
(520, 'Qunstract', NULL, 0, '2023-07-04 12:11:01', '2025-09-04 06:53:21'),
(521, 'Raad, Albanaa', NULL, 0, '2023-07-04 12:11:01', '2025-09-04 06:53:21'),
(522, 'Rami', NULL, 0, '2023-07-04 12:11:01', '2025-09-04 06:53:21'),
(523, 'Rana Homes Pty Ltd ', NULL, 0, '2023-07-04 12:11:01', '2025-09-04 06:53:21'),
(524, 'Rayan, Malik ', NULL, 0, '2023-07-04 12:11:01', '2025-09-04 06:53:21'),
(525, 'Raysett Construction Australia Pty Ltd', NULL, 0, '2023-07-04 12:11:01', '2025-09-04 06:53:21'),
(526, 'Redine', NULL, 0, '2023-07-04 12:11:01', '2025-09-04 06:53:21'),
(527, 'Redine Construction', NULL, 0, '2023-07-04 12:11:01', '2025-09-04 06:53:21'),
(528, 'Redine Construction Pty Ltd', NULL, 0, '2023-07-04 12:11:01', '2025-09-04 06:53:21'),
(529, 'Redlion Homes', NULL, 0, '2023-07-04 12:11:01', '2025-09-04 06:53:21'),
(530, 'Redwood homes', NULL, 0, '2023-07-04 12:11:01', '2025-09-04 06:53:21'),
(531, 'Remo Holdings Pty Ltd', NULL, 0, '2023-07-04 12:11:01', '2025-09-04 06:53:21'),
(532, 'Rendine Constructions', NULL, 0, '2023-07-04 12:11:01', '2025-09-04 06:53:21'),
(533, 'Rendine Constructions Pty Ltd', NULL, 0, '2023-07-04 12:11:01', '2025-09-04 06:53:21'),
(534, 'Renfrey Building Group', NULL, 0, '2023-07-04 12:11:01', '2025-09-04 06:53:21'),
(535, 'Rever Homes', NULL, 0, '2023-07-04 12:11:01', '2025-09-04 06:53:21'),
(536, 'Ridgewater Homes', NULL, 0, '2023-07-04 12:11:01', '2025-09-04 06:53:21'),
(537, 'Rise Constructions', NULL, 0, '2023-07-04 12:11:01', '2025-09-04 06:53:21'),
(538, 'Riser Bespoke Builders', NULL, 0, '2023-07-04 12:11:01', '2025-09-04 06:53:21'),
(539, 'Rising Sun Homes Pty Ltd', NULL, 0, '2023-07-04 12:11:01', '2025-09-04 06:53:21'),
(540, 'RJ Development', NULL, 0, '2023-07-04 12:11:01', '2025-09-04 06:53:21'),
(541, 'RK Building Group ', NULL, 0, '2023-07-04 12:11:01', '2025-09-04 06:53:21'),
(542, 'Robbin Batth', NULL, 0, '2023-07-04 12:11:01', '2025-09-04 06:53:21'),
(543, 'Roof', NULL, 0, '2023-07-04 12:11:01', '2025-09-04 06:53:21'),
(544, 'Roof Clad Concepts', NULL, 0, '2023-07-04 12:11:01', '2025-09-04 06:53:21'),
(545, 'Roxton', NULL, 0, '2023-07-04 12:11:01', '2025-09-04 06:53:21'),
(546, 'roxton comercial', NULL, 0, '2023-07-04 12:11:01', '2025-09-04 06:53:21'),
(547, 'Roxton Commercial', NULL, 0, '2023-07-04 12:11:01', '2025-09-04 06:53:21'),
(548, 'Royal Custom Homes', NULL, 0, '2023-07-04 12:11:01', '2025-09-04 06:53:21'),
(549, 'Royal Homes', NULL, 0, '2023-07-04 12:11:01', '2025-09-04 06:53:21'),
(550, 'Royce Homes', NULL, 0, '2023-07-04 12:11:01', '2025-09-04 06:53:21'),
(551, 'RPL Construction', NULL, 0, '2023-07-04 12:11:01', '2025-09-04 06:53:21'),
(552, 'Ryan', NULL, 0, '2023-07-04 12:11:01', '2025-09-04 06:53:21'),
(553, 'S.P Clancy ', NULL, 0, '2023-07-04 12:11:01', '2025-09-04 06:53:21'),
(554, 'S.P Clancy Constructions Pty Ltd', NULL, 0, '2023-07-04 12:11:01', '2025-09-04 06:53:21'),
(555, 'SAI OM Developer', NULL, 0, '2023-07-04 12:11:01', '2025-09-04 06:53:21'),
(556, 'SAI OM Developers', NULL, 0, '2023-07-04 12:11:01', '2025-09-04 06:53:21'),
(557, 'Sakoon', NULL, 0, '2023-07-04 12:11:01', '2025-09-04 06:53:21'),
(558, 'Sakoon Homes', NULL, 0, '2023-07-04 12:11:01', '2025-09-04 06:53:21'),
(559, 'Saleh Homes', NULL, 0, '2023-07-04 12:11:01', '2025-09-04 06:53:21'),
(560, 'Sant Constructions Pty Ltd', NULL, 0, '2023-07-04 12:11:01', '2025-09-04 06:53:21'),
(561, 'Sarah , Charmand', NULL, 0, '2023-07-04 12:11:01', '2025-09-04 06:53:21'),
(562, 'Saw Constructions Pty Ltd', NULL, 0, '2023-07-04 12:11:01', '2025-09-04 06:53:21'),
(563, 'SBS Builder', NULL, 0, '2023-07-04 12:11:01', '2025-09-04 06:53:21'),
(564, 'SBS Builders ', NULL, 0, '2023-07-04 12:11:01', '2025-09-04 06:53:21'),
(565, 'SBS Builders and Developers', NULL, 0, '2023-07-04 12:11:01', '2025-09-04 06:53:21'),
(566, 'School Builders', NULL, 0, '2023-07-04 12:11:01', '2025-09-04 06:53:21'),
(567, 'SCMS', NULL, 0, '2023-07-04 12:11:01', '2025-09-04 06:53:21'),
(568, 'SDA', NULL, 0, '2023-07-04 12:11:01', '2025-09-04 06:53:21'),
(569, 'SDA New Build', NULL, 0, '2023-07-04 12:11:01', '2025-09-04 06:53:21'),
(570, 'SDA New Build Contracting', NULL, 0, '2023-07-04 12:11:01', '2025-09-04 06:53:21'),
(571, 'SDA New Build Contracting Pty Ltd', NULL, 0, '2023-07-04 12:11:01', '2025-09-04 06:53:21'),
(572, 'Sette Forbes Developments Pty Ltd', NULL, 0, '2023-07-04 12:11:01', '2025-09-04 06:53:21'),
(573, 'Shanqi Investment Pty Ltd', NULL, 0, '2023-07-04 12:11:01', '2025-09-04 06:53:21'),
(574, 'Shape Homes ', NULL, 0, '2023-07-04 12:11:01', '2025-09-04 06:53:21'),
(575, 'Sheikh, Ilyas H ', NULL, 0, '2023-07-04 12:11:01', '2025-09-04 06:53:21'),
(576, 'Sidhu Constructions Pty Ltd', NULL, 0, '2023-07-04 12:11:01', '2025-09-04 06:53:21'),
(577, 'Sidhu, Satinderbir', NULL, 0, '2023-07-04 12:11:01', '2025-09-04 06:53:21'),
(578, 'Sighn Homes', NULL, 0, '2023-07-04 12:11:01', '2025-09-04 06:53:21'),
(579, 'Sigma Oz Homes', NULL, 0, '2023-07-04 12:11:01', '2025-09-04 06:53:21'),
(580, 'Silion Investment', NULL, 0, '2023-07-04 12:11:01', '2025-09-04 06:53:21'),
(581, 'Silon Invest', NULL, 0, '2023-07-04 12:11:01', '2025-09-04 06:53:21'),
(582, 'Silon Invest Pty Ltd ', NULL, 0, '2023-07-04 12:11:01', '2025-09-04 06:53:21'),
(583, 'Simmond', NULL, 0, '2023-07-04 12:11:01', '2025-09-04 06:53:21'),
(584, 'Simon Builders', NULL, 0, '2023-07-04 12:11:01', '2025-09-04 06:53:21'),
(585, 'Simond ', NULL, 0, '2023-07-04 12:11:01', '2025-09-04 06:53:21'),
(586, 'Simond Builder ', NULL, 0, '2023-07-04 12:11:01', '2025-09-04 06:53:21'),
(587, 'Simond Builders', NULL, 0, '2023-07-04 12:11:01', '2025-09-04 06:53:21'),
(588, 'SIMONDS', NULL, 0, '2023-07-04 12:11:01', '2025-09-04 06:53:21'),
(589, 'Singh Homes Pty Ltd', NULL, 0, '2023-07-04 12:11:01', '2025-09-04 06:53:21'),
(590, 'Singh, Jagdeep', NULL, 0, '2023-07-04 12:11:01', '2025-09-04 06:53:21'),
(591, 'Singh, Sukhjinder ', NULL, 0, '2023-07-04 12:11:01', '2025-09-04 06:53:21'),
(592, 'Siya Homes', NULL, 0, '2023-07-04 12:11:01', '2025-09-04 06:53:21'),
(593, 'Siya Homes Pty Ltd', NULL, 0, '2023-07-04 12:11:01', '2025-09-04 06:53:21'),
(594, 'SK Royal Homes ', NULL, 0, '2023-07-04 12:11:01', '2025-09-04 06:53:21'),
(595, 'SKB Homes ', NULL, 0, '2023-07-04 12:11:01', '2025-09-04 06:53:21'),
(596, 'Skylight Homes', NULL, 0, '2023-07-04 12:11:01', '2025-09-04 06:53:21'),
(597, 'Skylight Homes Pty Ltd', NULL, 0, '2023-07-04 12:11:01', '2025-09-04 06:53:21'),
(598, 'Smart Vision Homes', NULL, 0, '2023-07-04 12:11:01', '2025-09-04 06:53:21'),
(599, 'Soho Living ', NULL, 0, '2023-07-04 12:11:01', '2025-09-04 06:53:21'),
(600, 'Southbourne Homes', NULL, 0, '2023-07-04 12:11:01', '2025-09-04 06:53:21'),
(601, 'Southbourne Homes Pty Ltd', NULL, 0, '2023-07-04 12:11:01', '2025-09-04 06:53:21'),
(602, 'Spence Construction', NULL, 0, '2023-07-04 12:11:01', '2025-09-04 06:53:21'),
(603, 'Springview Homes', NULL, 0, '2023-07-04 12:11:01', '2025-09-04 06:53:21'),
(604, 'SSP Home Victoria Pty Ltd', NULL, 0, '2023-07-04 12:11:01', '2025-09-04 06:53:21'),
(605, 'Star Construction ', NULL, 0, '2023-07-04 12:11:01', '2025-09-04 06:53:21'),
(606, 'Stefanidis, George', NULL, 0, '2023-07-04 12:11:01', '2025-09-04 06:53:21'),
(607, 'Street 51 ', NULL, 0, '2023-07-04 12:11:01', '2025-09-04 06:53:21'),
(608, 'Stroud Homes', NULL, 0, '2023-07-04 12:11:01', '2025-09-04 06:53:21'),
(609, 'Stroud Homes Melbourne Outer North East', NULL, 0, '2023-07-04 12:11:01', '2025-09-04 06:53:21'),
(610, 'Stylecraft Group Pty Ltd', NULL, 0, '2023-07-04 12:11:01', '2025-09-04 06:53:21'),
(611, 'Suitable Homes', NULL, 0, '2023-07-04 12:11:01', '2025-09-04 06:53:21'),
(612, 'Sukhjinder , Singh', NULL, 0, '2023-07-04 12:11:01', '2025-09-04 06:53:21'),
(613, 'Sunnyview', NULL, 0, '2023-07-04 12:11:01', '2025-09-04 06:53:21'),
(614, 'Sunset Master Builders', NULL, 0, '2023-07-04 12:11:01', '2025-09-04 06:53:21');
INSERT INTO `builders` (`id`, `title`, `description`, `archive`, `created_at`, `updated_at`) VALUES
(615, 'Sunyyview', NULL, 0, '2023-07-04 12:11:01', '2025-09-04 06:53:21'),
(616, 'Super choice homes ', NULL, 0, '2023-07-04 12:11:01', '2025-09-04 06:53:21'),
(617, 'Super Choices home', NULL, 0, '2023-07-04 12:11:01', '2025-09-04 06:53:21'),
(618, 'Super Choices Homes', NULL, 0, '2023-07-04 12:11:01', '2025-09-04 06:53:21'),
(619, 'Superchoice', NULL, 0, '2023-07-04 12:11:01', '2025-09-04 06:53:21'),
(620, 'Superchoice homes', NULL, 0, '2023-07-04 12:11:01', '2025-09-04 06:53:21'),
(621, 'Supna Homes', NULL, 0, '2023-07-04 12:11:01', '2025-09-04 06:53:21'),
(622, 'Surfcoast Const.', NULL, 0, '2023-07-04 12:11:01', '2025-09-04 06:53:21'),
(623, 'Surfcoast Const. Vic Pty Ltd', NULL, 0, '2023-07-04 12:11:01', '2025-09-04 06:53:21'),
(624, 'Surfcoast Const. Vic Pty Ltd, Doherty Building Group', NULL, 0, '2023-07-04 12:11:01', '2025-09-04 06:53:21'),
(625, 'Talbot Homes ', NULL, 0, '2023-07-04 12:11:01', '2025-09-04 06:53:21'),
(626, 'Talbot, Mark', NULL, 0, '2023-07-04 12:11:01', '2025-09-04 06:53:21'),
(627, 'Tarra Homes', NULL, 0, '2023-07-04 12:11:01', '2025-09-04 06:53:21'),
(628, 'Tellcon Homes', NULL, 0, '2023-07-04 12:11:01', '2025-09-04 06:53:21'),
(629, 'Tellcon Hones', NULL, 0, '2023-07-04 12:11:01', '2025-09-04 06:53:21'),
(630, 'Tempo Via Pty Ltd', NULL, 0, '2023-07-04 12:11:01', '2025-09-04 06:53:21'),
(631, 'Tender', NULL, 0, '2023-07-04 12:11:01', '2025-09-04 06:53:21'),
(632, 'Tendering', NULL, 0, '2023-07-04 12:11:01', '2025-09-04 06:53:21'),
(633, 'TG Builders Pty Ltd', NULL, 0, '2023-07-04 12:11:01', '2025-09-04 06:53:21'),
(634, 'The Abode', NULL, 0, '2023-07-04 12:11:01', '2025-09-04 06:53:21'),
(635, 'The Abode Homes', NULL, 0, '2023-07-04 12:11:01', '2025-09-04 06:53:21'),
(636, 'The Trustee for Devanshi', NULL, 0, '2023-07-04 12:11:01', '2025-09-04 06:53:21'),
(637, 'The Trustee for Devanshi Aadhya Family Trust', NULL, 0, '2023-07-04 12:11:01', '2025-09-04 06:53:21'),
(638, 'The Trustee for EATA Family Trust T/A Kaplan Constructions Group Pty Ltd', NULL, 0, '2023-07-04 12:11:01', '2025-09-04 06:53:21'),
(639, 'The Trustee for Prime Directive Trading Trust', NULL, 0, '2023-07-04 12:11:01', '2025-09-04 06:53:21'),
(640, 'The trustee for QUATTRONE FAMILY TRUST', NULL, 0, '2023-07-04 12:11:01', '2025-09-04 06:53:21'),
(641, 'The Trustee for Rahman Construction Trust', NULL, 0, '2023-07-04 12:11:01', '2025-09-04 06:53:21'),
(642, 'The Trustee for Ravinder S Dhillon and Kuldeep K Dhillon Family Trust', NULL, 0, '2023-07-04 12:11:01', '2025-09-04 06:53:21'),
(643, 'The Trustee for SALEH HOMES INVESTMENT TRUST', NULL, 0, '2023-07-04 12:11:01', '2025-09-04 06:53:21'),
(644, 'The Trustee for Summer Bay Group Family Trust', NULL, 0, '2023-07-04 12:11:01', '2025-09-04 06:53:21'),
(645, 'TM Builders Pty Ltd', NULL, 0, '2023-07-04 12:11:02', '2025-09-04 06:53:21'),
(646, 'TOR HOMES', NULL, 0, '2023-07-04 12:11:02', '2025-09-04 06:53:21'),
(647, 'Touchstone', NULL, 0, '2023-07-04 12:11:02', '2025-09-04 06:53:21'),
(648, 'Touchstone Homes', NULL, 0, '2023-07-04 12:11:02', '2025-09-04 06:53:21'),
(649, 'Touchstones Homes', NULL, 0, '2023-07-04 12:11:02', '2025-09-04 06:53:21'),
(650, 'Tran Corporation Australia Pty Ltd', NULL, 0, '2023-07-04 12:11:02', '2025-09-04 06:53:21'),
(651, 'Trevor Homes Western Pty Ltd', NULL, 0, '2023-07-04 12:11:02', '2025-09-04 06:53:21'),
(652, 'Trinity builders', NULL, 0, '2023-07-04 12:11:02', '2025-09-04 06:53:21'),
(653, 'Unicasa Homes ', NULL, 0, '2023-07-04 12:11:02', '2025-09-04 06:53:21'),
(654, 'Unicase Homes', NULL, 0, '2023-07-04 12:11:02', '2025-09-04 06:53:21'),
(655, 'Unik Constructions Pty Ltd', NULL, 0, '2023-07-04 12:11:02', '2025-09-04 06:53:21'),
(656, 'Unik Homes', NULL, 0, '2023-07-04 12:11:02', '2025-09-04 06:53:21'),
(657, 'United Developers', NULL, 0, '2023-07-04 12:11:02', '2025-09-04 06:53:21'),
(658, 'United Homes Australia Pty Ltd', NULL, 0, '2023-07-04 12:11:02', '2025-09-04 06:53:21'),
(659, 'Unlimited Homes', NULL, 0, '2023-07-04 12:11:02', '2025-09-04 06:53:21'),
(660, 'Unlimited Homes Pty Ltd ', NULL, 0, '2023-07-04 12:11:02', '2025-09-04 06:53:21'),
(661, 'Unlimited House', NULL, 0, '2023-07-04 12:11:02', '2025-09-04 06:53:21'),
(662, 'Urbanised Homes Australia Pty Ltd', NULL, 0, '2023-07-04 12:11:02', '2025-09-04 06:53:21'),
(663, 'Vaastu', NULL, 0, '2023-07-04 12:11:02', '2025-09-04 06:53:21'),
(664, 'Vaastu Homes', NULL, 0, '2023-07-04 12:11:02', '2025-09-04 06:53:21'),
(665, 'Vaastu Homes Pty Ltd', NULL, 0, '2023-07-04 12:11:02', '2025-09-04 06:53:21'),
(666, 'Vaastus Homes', NULL, 0, '2023-07-04 12:11:02', '2025-09-04 06:53:21'),
(667, 'Vaasty', NULL, 0, '2023-07-04 12:11:02', '2025-09-04 06:53:21'),
(668, 'Vaatus Homes', NULL, 0, '2023-07-04 12:11:02', '2025-09-04 06:53:21'),
(669, 'Varaich Homes', NULL, 0, '2023-07-04 12:11:02', '2025-09-04 06:53:21'),
(670, 'Varaich Homes Pty Ltd', NULL, 0, '2023-07-04 12:11:02', '2025-09-04 06:53:21'),
(671, 'Vastuus homes', NULL, 0, '2023-07-04 12:11:02', '2025-09-04 06:53:21'),
(672, 'vb', NULL, 0, '2023-07-04 12:11:02', '2025-09-04 06:53:21'),
(673, 'VB Homes', NULL, 0, '2023-07-04 12:11:02', '2025-09-04 06:53:21'),
(674, 'Venus Construction Group Pty Ltd (Venus Homes)', NULL, 0, '2023-07-04 12:11:02', '2025-09-04 06:53:21'),
(675, 'Venus Homes', NULL, 0, '2023-07-04 12:11:02', '2025-09-04 06:53:21'),
(676, 'Verma Property Consultants Pty Ltd', NULL, 0, '2023-07-04 12:11:02', '2025-09-04 06:53:21'),
(677, 'Vick Homes', NULL, 0, '2023-07-04 12:11:02', '2025-09-04 06:53:21'),
(678, 'Vicwest Builders', NULL, 0, '2023-07-04 12:11:02', '2025-09-04 06:53:21'),
(679, 'Virk Homes', NULL, 0, '2023-07-04 12:11:02', '2025-09-04 06:53:21'),
(680, 'Virk, Hira', NULL, 0, '2023-07-04 12:11:02', '2025-09-04 06:53:21'),
(681, 'Virsa Homes', NULL, 0, '2023-07-04 12:11:02', '2025-09-04 06:53:21'),
(682, 'Vish Homes', NULL, 0, '2023-07-04 12:11:02', '2025-09-04 06:53:21'),
(683, 'VK Constructions Australia Pty Ltd', NULL, 0, '2023-07-04 12:11:02', '2025-09-04 06:53:21'),
(684, 'Vura Build Pty Ltd ', NULL, 0, '2023-07-04 12:11:02', '2025-09-04 06:53:21'),
(685, 'Wardak', NULL, 0, '2023-07-04 12:11:02', '2025-09-04 06:53:21'),
(686, 'Wardak Property ', NULL, 0, '2023-07-04 12:11:02', '2025-09-04 06:53:21'),
(687, 'WB Built', NULL, 0, '2023-07-04 12:11:02', '2025-09-04 06:53:21'),
(688, 'Wolf Group', NULL, 0, '2023-07-04 12:11:02', '2025-09-04 06:53:21'),
(689, 'Wolf Group Australia', NULL, 0, '2023-07-04 12:11:02', '2025-09-04 06:53:21'),
(690, 'Wollemi Homes', NULL, 0, '2023-07-04 12:11:02', '2025-09-04 06:53:21'),
(691, 'Wood Villa', NULL, 0, '2023-07-04 12:11:02', '2025-09-04 06:53:21'),
(692, 'Wood Villa Homes', NULL, 0, '2023-07-04 12:11:02', '2025-09-04 06:53:21'),
(693, 'Woodlee Homes', NULL, 0, '2023-07-04 12:11:02', '2025-09-04 06:53:21'),
(694, 'Woodsman Projects', NULL, 0, '2023-07-04 12:11:02', '2025-09-04 06:53:21'),
(695, 'Yalla Investemnts', NULL, 0, '2023-07-04 12:11:02', '2025-09-04 06:53:21'),
(696, 'Yalla Investments Pty Ltd', NULL, 0, '2023-07-04 12:11:02', '2025-09-04 06:53:21'),
(697, 'Yilimi Construction', NULL, 0, '2023-07-04 12:11:02', '2025-09-04 06:53:21'),
(698, 'Yilimi Construction Pty Ltd', NULL, 0, '2023-07-04 12:11:02', '2025-09-04 06:53:21'),
(699, 'Yilimi Construction Pty Ltd (Peo and Pro Development)', NULL, 0, '2023-07-04 12:11:02', '2025-09-04 06:53:21'),
(700, 'Yilimi Construction Pty Ltd T/A 8CON (Peo and Pro Development)', NULL, 0, '2023-07-04 12:11:02', '2025-09-04 06:53:21'),
(701, 'Yilimi Constructions', NULL, 0, '2023-07-04 12:11:02', '2025-09-04 06:53:21'),
(702, 'Yillimi', NULL, 0, '2023-07-04 12:11:02', '2025-09-04 06:53:21'),
(703, 'Yilmi Construction', NULL, 0, '2023-07-04 12:11:02', '2025-09-04 06:53:21'),
(704, 'Yilmi Constructions', NULL, 0, '2023-07-04 12:11:02', '2025-09-04 06:53:21'),
(705, 'Zen Infinity Pty Ltd ', NULL, 0, '2023-07-04 12:11:02', '2025-09-04 06:53:21'),
(706, 'Zentos Constructions', NULL, 0, '2023-07-04 12:11:02', '2025-09-04 06:53:21'),
(707, 'Zentos Constructions Pty Ltd', NULL, 0, '2023-07-04 12:11:02', '2025-09-04 06:53:21'),
(708, 'ZESKON Homes', NULL, 0, '2023-07-04 12:11:02', '2025-09-04 06:53:21'),
(709, 'ab', NULL, 0, '2023-07-04 23:39:08', '2025-09-04 06:53:21'),
(710, 'absda', NULL, 0, '2023-07-04 23:44:29', '2025-09-04 06:53:21'),
(711, 'home', NULL, 0, '2023-08-14 00:46:21', '2025-09-04 06:53:21'),
(713, 'IDrea', NULL, 0, '2023-08-21 04:55:31', '2025-09-04 06:53:21'),
(714, 'Drea', NULL, 0, '2023-08-21 04:55:42', '2025-09-04 06:53:21'),
(715, 'Idream Property', NULL, 0, '2023-08-21 04:56:33', '2025-09-04 06:53:21'),
(716, 'Private', NULL, 0, '2023-08-21 04:58:13', '2025-09-04 06:53:21'),
(718, 'Stroud', NULL, 0, '2023-08-21 19:07:08', '2025-09-04 06:53:21'),
(719, 'elton home', NULL, 0, '2023-08-21 21:41:26', '2025-09-04 06:53:21'),
(720, 'el', NULL, 0, '2023-08-21 21:41:39', '2025-09-04 06:53:21'),
(721, 'Elton Homes Pty Ltd ', NULL, 0, '2023-08-21 21:42:12', '2025-09-04 06:53:21'),
(722, 'Goodtime Building Company Pty Ltd ', NULL, 0, '2023-08-21 23:21:19', '2025-09-04 06:53:21'),
(723, 'NIRMAA', NULL, 0, '2023-08-22 02:42:01', '2025-09-04 06:53:21'),
(724, 'Mantec Projects', NULL, 0, '2023-08-22 03:54:39', '2025-09-04 06:53:21'),
(725, 'Beren, Amy', NULL, 0, '2023-08-23 00:56:34', '2025-09-04 06:53:21'),
(726, 'constr', NULL, 0, '2023-08-23 02:01:21', '2025-09-04 06:53:21'),
(727, 'CONSTRUCT ALM PTY LTD', NULL, 0, '2023-08-23 02:01:28', '2025-09-04 06:53:21'),
(728, 'Orb Construction', NULL, 0, '2023-08-23 04:35:25', '2025-09-04 06:53:21'),
(729, 'gau', NULL, 0, '2023-08-23 18:25:50', '2025-09-04 06:53:21'),
(730, 'united h', NULL, 0, '2023-08-23 18:26:03', '2025-09-04 06:53:21'),
(731, 'mus', NULL, 0, '2023-08-24 01:04:58', '2025-09-04 06:53:21'),
(732, 'Mustafa', NULL, 0, '2023-08-24 01:05:04', '2025-09-04 06:53:21'),
(733, 'GJ Gardner Homes Bacchus Marsh', NULL, 0, '2023-08-24 02:52:42', '2025-09-04 06:53:21'),
(734, 'Trilium Development', NULL, 0, '2023-08-24 23:34:53', '2025-09-04 06:53:21'),
(735, 'Aras Holdings Pty Ltd', NULL, 0, '2023-08-25 01:24:21', '2025-09-04 06:53:21'),
(736, 'sv hom', NULL, 0, '2023-08-25 03:03:23', '2025-09-04 06:53:21'),
(737, 'SV Homes', NULL, 0, '2023-08-25 03:03:54', '2025-09-04 06:53:21'),
(738, 'sout', NULL, 0, '2023-08-25 03:12:42', '2025-09-04 06:53:21'),
(739, 'Southern Hemisphere Construction', NULL, 0, '2023-08-25 03:12:47', '2025-09-04 06:53:21'),
(740, 'jameson', NULL, 0, '2023-08-25 03:12:53', '2025-09-04 06:53:21'),
(741, 'jamesJameson , Dwayne on', NULL, 0, '2023-08-25 03:12:58', '2025-09-04 06:53:21'),
(742, 'Grande Homes Pty Ltd', NULL, 0, '2023-08-25 03:59:49', '2025-09-04 06:53:21'),
(743, 'Unik Homes Pty Ltd', NULL, 0, '2023-08-25 05:20:31', '2025-09-04 06:53:21'),
(744, 'Barnes Construction', NULL, 0, '2023-08-25 05:45:51', '2025-09-04 06:53:21'),
(745, 'Form United Builders', NULL, 0, '2023-08-25 05:47:43', '2025-09-04 06:53:21'),
(746, 'Berens , Amy', NULL, 0, '2023-08-29 04:58:15', '2025-09-04 06:53:21'),
(747, 'ador ', NULL, 0, '2023-08-29 20:08:19', '2025-09-04 06:53:21'),
(748, 'Ellgun Properties Pty Ltd ', NULL, 0, '2023-08-29 23:43:14', '2025-09-04 06:53:21'),
(749, 'mah', NULL, 0, '2023-08-30 03:40:33', '2025-09-04 06:53:21'),
(750, 'Mahogany Building Services', NULL, 0, '2023-08-30 03:40:38', '2025-09-04 06:53:21'),
(751, 'shrapnel', NULL, 0, '2023-08-30 04:00:59', '2025-09-04 06:53:21'),
(752, 'Shrapnel Trading Pty Ltd', NULL, 0, '2023-08-30 04:01:17', '2025-09-04 06:53:21'),
(753, 'Dhilon Pty Ltd', NULL, 0, '2023-08-30 05:22:35', '2025-09-04 06:53:21'),
(754, 'Glenvil', NULL, 0, '2023-08-30 06:41:59', '2025-09-04 06:53:21'),
(755, 'asp', NULL, 0, '2023-08-30 06:51:56', '2025-09-04 06:53:21'),
(756, 'Aspired Building Group ', NULL, 0, '2023-08-30 06:52:01', '2025-09-04 06:53:21'),
(757, 'assu', NULL, 0, '2023-08-30 06:52:28', '2025-09-04 06:53:21'),
(758, 'Assure Homes Australia', NULL, 0, '2023-08-30 06:52:38', '2025-09-04 06:53:21'),
(759, 'Amy Berens', NULL, 0, '2023-08-30 06:52:44', '2025-09-04 06:53:21'),
(760, 'newdes', NULL, 0, '2023-08-30 06:53:23', '2025-09-04 06:53:21'),
(761, 'Newdesign Homes Pty Ltd ', NULL, 0, '2023-08-30 06:53:29', '2025-09-04 06:53:21'),
(762, 'buildf', NULL, 0, '2023-08-30 07:25:58', '2025-09-04 06:53:21'),
(763, 'Morewell Homes', NULL, 0, '2023-08-30 07:27:50', '2025-09-04 06:53:21'),
(764, 'mirva', NULL, 0, '2023-08-30 20:05:38', '2025-09-04 06:53:21'),
(765, 'reron', NULL, 0, '2023-08-31 01:56:56', '2025-09-04 06:53:21'),
(766, 'The Trustee for Rerona Family Trust ', NULL, 0, '2023-08-31 01:57:02', '2025-09-04 06:53:21'),
(767, 'Dinesh Joshi', NULL, 0, '2023-08-31 03:41:58', '2025-09-04 06:53:21'),
(768, 'Devco Project', NULL, 0, '2023-08-31 03:42:22', '2025-09-04 06:53:21'),
(769, 'Turilay, Yash', NULL, 0, '2023-08-31 03:49:11', '2025-09-04 06:53:21'),
(770, 'The Trustee for MARZOUK FAMILY TRUST', NULL, 0, '2023-08-31 06:48:23', '2025-09-04 06:53:21'),
(771, 'Apex Homes Australia Pty Ltd', NULL, 0, '2023-08-31 09:05:29', '2025-09-04 06:53:21'),
(772, 'APLACE by Glenvill', NULL, 0, '2023-08-31 09:06:19', '2025-09-04 06:53:21'),
(773, 'Arch Tiling & Waterproofing', NULL, 0, '2023-08-31 09:07:26', '2025-09-04 06:53:21'),
(774, 'Archinspire', NULL, 0, '2023-08-31 09:08:22', '2025-09-04 06:53:21'),
(775, 'ARN BuildersARN BuildersARN Builders', NULL, 0, '2023-08-31 09:10:10', '2025-09-04 06:53:21'),
(776, 'Artisan Design Group', NULL, 0, '2023-08-31 09:10:58', '2025-09-04 06:53:21'),
(777, 'Aspire Homes Pty Ltd', NULL, 0, '2023-08-31 09:11:51', '2025-09-04 06:53:21'),
(778, 'Aussie Developers', NULL, 0, '2023-08-31 09:13:43', '2025-09-04 06:53:21'),
(779, 'B Builders', NULL, 0, '2023-08-31 09:15:36', '2025-09-04 06:53:21'),
(780, 'BBB Developments', NULL, 0, '2023-08-31 09:18:00', '2025-09-04 06:53:21'),
(781, 'Berens, Amy', NULL, 0, '2023-08-31 09:18:46', '2025-09-04 06:53:21'),
(782, 'Block Constructions', NULL, 0, '2023-08-31 09:21:54', '2025-09-04 06:53:21'),
(783, 'Blue Pacific Pty Ltd', NULL, 0, '2023-08-31 09:25:00', '2025-09-04 06:53:21'),
(784, 'Caliber Builders Melbourne Pty Ltd', NULL, 0, '2023-08-31 09:53:54', '2025-09-04 06:53:21'),
(785, 'Che, Dat', NULL, 0, '2023-08-31 09:55:03', '2025-09-04 06:53:21'),
(786, 'Continent Homes', NULL, 0, '2023-08-31 09:56:34', '2025-09-04 06:53:21'),
(787, 'damax group', NULL, 0, '2023-08-31 09:58:25', '2025-09-04 06:53:21'),
(788, 'David Reid Homes Melbourne West', NULL, 0, '2023-08-31 09:58:57', '2025-09-04 06:53:21'),
(789, 'Dream Build Homes Pty Ltd', NULL, 0, '2023-08-31 10:01:12', '2025-09-04 06:53:21'),
(790, 'Edge Building Group Pty Ltd', NULL, 0, '2023-08-31 10:02:44', '2025-09-04 06:53:21'),
(791, 'Hotondo Homes Ballarat', NULL, 0, '2023-08-31 10:10:38', '2025-09-04 06:53:21'),
(792, 'Joestarr Group', NULL, 0, '2023-08-31 10:15:33', '2025-09-04 06:53:21'),
(793, 'Karisik, Aleksandar', NULL, 0, '2023-08-31 10:16:12', '2025-09-04 06:53:21'),
(794, 'Key Start Living', NULL, 0, '2023-08-31 10:17:12', '2025-09-04 06:53:21'),
(795, 'Khan, Abdullah ', NULL, 0, '2023-08-31 10:18:29', '2025-09-04 06:53:21'),
(796, 'Kronstruct Pty Ltd', NULL, 0, '2023-08-31 10:20:00', '2025-09-04 06:53:21'),
(797, 'Lilium Construction Pty Ltd', NULL, 0, '2023-08-31 10:22:16', '2025-09-04 06:53:21'),
(798, 'Longvision Australia Pty Ltd', NULL, 0, '2023-08-31 10:23:27', '2025-09-04 06:53:21'),
(799, 'Maac Properties', NULL, 0, '2023-08-31 10:24:27', '2025-09-04 06:53:21'),
(800, 'Marcus Builders Pty Ltd', NULL, 0, '2023-08-31 10:26:12', '2025-09-04 06:53:21'),
(801, 'MD Homes', NULL, 0, '2023-08-31 10:27:34', '2025-09-04 06:53:21'),
(802, 'Metfold Sheetmetal', NULL, 0, '2023-08-31 10:29:43', '2025-09-04 06:53:21'),
(803, 'Noetic Place', NULL, 0, '2023-08-31 10:34:25', '2025-09-04 06:53:21'),
(804, 'One Team Build Group Pty Ltd', NULL, 0, '2023-08-31 10:35:48', '2025-09-04 06:53:21'),
(805, 'Pandori Homes Pty Ltd', NULL, 0, '2023-08-31 10:36:59', '2025-09-04 06:53:21'),
(806, 'Peace Properties Pty Ltd', NULL, 0, '2023-08-31 10:37:43', '2025-09-04 06:53:21'),
(807, 'Prime Builders Group Pty Ltd', NULL, 0, '2023-08-31 10:38:47', '2025-09-04 06:53:21'),
(808, 'Probity Construction Pty Ltd', NULL, 0, '2023-08-31 10:39:24', '2025-09-04 06:53:21'),
(809, 'Rataul, Lakhbir', NULL, 0, '2023-08-31 10:41:05', '2025-09-04 06:53:21'),
(810, 'Rayman Homes Pty Ltd', NULL, 0, '2023-08-31 10:41:49', '2025-09-04 06:53:21'),
(811, 'Rays Enterprise Construction', NULL, 0, '2023-08-31 10:42:16', '2025-09-04 06:53:21'),
(812, 'Rebecca', NULL, 0, '2023-08-31 10:42:49', '2025-09-04 06:53:21'),
(813, 'Sachin, Shevkar', NULL, 0, '2023-08-31 10:44:26', '2025-09-04 06:53:21'),
(814, 'Samios Plumbing Pty Ltd', NULL, 0, '2023-08-31 10:45:17', '2025-09-04 06:53:21'),
(816, 'Shevkar, Sachin', NULL, 0, '2023-08-31 10:48:00', '2025-09-04 06:53:21'),
(817, 'Simonds Homes VIC PL', NULL, 0, '2023-08-31 10:49:38', '2025-09-04 06:53:21'),
(818, 'Specialised Plumbing, Drainage & Roofing', NULL, 0, '2023-08-31 10:52:09', '2025-09-04 06:53:21'),
(819, 'Star Builders Pty Ltd', NULL, 0, '2023-08-31 10:52:56', '2025-09-04 06:53:21'),
(820, 'Stunning Makeovers Pty Ltd', NULL, 0, '2023-08-31 10:53:43', '2025-09-04 06:53:21'),
(821, 'Tarra Homes Victoria Pty Ltd', NULL, 0, '2023-08-31 10:55:52', '2025-09-04 06:53:21'),
(822, 'The Trustee for Nagpal Family Trust', NULL, 0, '2023-08-31 10:57:57', '2025-09-04 06:53:21'),
(823, 'The Trustee for Prime Directive Trading', NULL, 0, '2023-08-31 10:59:37', '2025-09-04 06:53:21'),
(824, 'Todoroski, Metodija', NULL, 0, '2023-08-31 11:01:50', '2025-09-04 06:53:21'),
(825, 'Urban Builders and Developers', NULL, 0, '2023-08-31 11:04:37', '2025-09-04 06:53:21'),
(826, 'WIND UP NOTICE RECEIVED 11/08 Infinity Homes Australia', NULL, 0, '2023-08-31 11:06:36', '2025-09-04 06:53:21'),
(827, 'Wu, Rebecca', NULL, 0, '2023-08-31 11:07:46', '2025-09-04 06:53:21'),
(828, 'YJ Constructions', NULL, 0, '2023-08-31 11:08:36', '2025-09-04 06:53:21'),
(829, 'Zeugma Homes Pty Ltd', NULL, 0, '2023-08-31 11:09:31', '2025-09-04 06:53:21'),
(830, 'Aussla', NULL, 0, '2023-09-01 02:09:37', '2025-09-04 06:53:21'),
(831, 'Aussland Building and Construction Pty Ltd', NULL, 0, '2023-09-01 02:10:19', '2025-09-04 06:53:21'),
(832, 'gaurya', NULL, 0, '2023-09-01 02:33:53', '2025-09-04 06:53:21'),
(833, 'Fenam Building', NULL, 0, '2023-09-01 02:44:05', '2025-09-04 06:53:21'),
(834, 'Elite Building Concepts', NULL, 0, '2023-09-01 02:46:25', '2025-09-04 06:53:21'),
(835, 'Melbourne ', NULL, 0, '2023-09-01 04:08:03', '2025-09-04 06:53:21'),
(836, 'Uniik', NULL, 0, '2023-09-01 04:18:52', '2025-09-04 06:53:21'),
(837, '-', NULL, 0, '2023-09-01 04:35:18', '2025-09-04 06:53:21'),
(838, 'fair', NULL, 0, '2023-09-01 04:43:45', '2025-09-04 06:53:21'),
(839, 'Fair Value Properties Pty Ltd', NULL, 0, '2023-09-01 04:43:51', '2025-09-04 06:53:21'),
(840, 'infini', NULL, 0, '2023-09-03 21:24:32', '2025-09-04 06:53:21'),
(841, 'the trustee for the bui familily trust', NULL, 0, '2023-09-03 21:53:33', '2025-09-04 06:53:21'),
(842, 'ellgu', NULL, 0, '2023-09-04 00:00:55', '2025-09-04 06:53:21'),
(843, 'Ellgun Properties Pty Ltd ', NULL, 0, '2023-09-04 00:00:55', '2025-09-04 06:53:21'),
(844, 'The Trustee for Rerona Family Trust ', NULL, 0, '2023-09-04 00:01:27', '2025-09-04 06:53:21'),
(845, 'tera', NULL, 0, '2023-09-04 02:03:43', '2025-09-04 06:53:21'),
(846, 'ter', NULL, 0, '2023-09-04 02:04:08', '2025-09-04 06:53:21'),
(847, 'Ava Communities', NULL, 0, '2023-09-04 02:34:22', '2025-09-04 06:53:21'),
(848, 'citi', NULL, 0, '2023-09-04 03:42:46', '2025-09-04 06:53:21'),
(849, 'Pretty Good Bones', NULL, 0, '2023-09-04 04:08:17', '2025-09-04 06:53:21'),
(850, 'Elite', NULL, 0, '2023-09-04 04:15:48', '2025-09-04 06:53:21'),
(851, 'PYP Constructions Pty Ltd (T/AS Riser Bespoke Builders)', NULL, 0, '2023-09-04 07:52:03', '2025-09-04 06:53:21'),
(852, 'the gra', NULL, 0, '2023-09-04 22:22:34', '2025-09-04 06:53:21'),
(853, 'the grand', NULL, 0, '2023-09-04 22:22:41', '2025-09-04 06:53:21'),
(854, 'Grand Constructions Pty Ltd', NULL, 0, '2023-09-04 22:22:50', '2025-09-04 06:53:21'),
(855, 'V', NULL, 0, '2023-09-04 23:00:36', '2025-09-04 06:53:21'),
(856, 'Idream Property Vic Pty Ltd ', NULL, 0, '2023-09-05 03:04:24', '2025-09-04 06:53:21'),
(857, 'Pepper Construction', NULL, 0, '2023-09-05 03:29:13', '2025-09-04 06:53:21'),
(858, 'JDN Training', NULL, 0, '2023-09-05 04:15:18', '2025-09-04 06:53:21'),
(859, 'JDN Training Pty Ltd', NULL, 0, '2023-09-05 04:15:42', '2025-09-04 06:53:21'),
(860, 'Providence Homes', NULL, 0, '2023-09-05 21:22:27', '2025-09-04 06:53:21'),
(862, 'Elite Building ', NULL, 0, '2023-09-06 01:20:49', '2025-09-04 06:53:21'),
(863, '100%', NULL, 0, '2023-09-06 03:09:02', '2025-09-04 06:53:21'),
(864, 'Walter Group', NULL, 0, '2023-09-06 03:27:48', '2025-09-04 06:53:21'),
(865, 'Hamil', NULL, 0, '2023-09-06 08:47:00', '2025-09-04 06:53:21'),
(866, 'Stanley Hamilton', NULL, 0, '2023-09-06 08:47:54', '2025-09-04 06:53:21'),
(867, 'evere', NULL, 0, '2023-09-06 20:02:26', '2025-09-04 06:53:21'),
(868, 'JDM Training', NULL, 0, '2023-09-06 20:04:04', '2025-09-04 06:53:21'),
(869, 'hima', NULL, 0, '2023-09-06 21:00:35', '2025-09-04 06:53:21'),
(870, '6', NULL, 0, '2023-09-07 00:05:34', '2025-09-04 06:53:21'),
(871, 'provide', NULL, 0, '2023-09-07 03:13:08', '2025-09-04 06:53:21'),
(872, 'prov', NULL, 0, '2023-09-07 21:23:48', '2025-09-04 06:53:21'),
(873, 'Rays ', NULL, 0, '2023-09-08 00:10:41', '2025-09-04 06:53:21'),
(874, 'pearl', NULL, 0, '2023-09-08 02:03:39', '2025-09-04 06:53:21'),
(875, 'PMD Building Group', NULL, 0, '2023-09-08 03:03:19', '2025-09-04 06:53:21'),
(876, 'supna', NULL, 0, '2023-09-08 03:29:03', '2025-09-04 06:53:21'),
(877, 'south', NULL, 0, '2023-09-08 06:23:51', '2025-09-04 06:53:21'),
(878, 'ker', NULL, 0, '2023-09-08 06:32:46', '2025-09-04 06:53:21'),
(879, 'Kern Constructions ', NULL, 0, '2023-09-08 06:32:55', '2025-09-04 06:53:21'),
(880, 'Propper Constructions', NULL, 0, '2023-09-10 20:17:43', '2025-09-04 06:53:21'),
(881, 'Propper Constructions VIC Pty Ltd ', NULL, 0, '2023-09-10 20:17:53', '2025-09-04 06:53:21'),
(882, 'orka home', NULL, 0, '2023-09-11 00:24:35', '2025-09-04 06:53:21'),
(883, 'aussland', NULL, 0, '2023-09-11 00:24:52', '2025-09-04 06:53:21'),
(884, 'buildfor', NULL, 0, '2023-09-11 00:53:54', '2025-09-04 06:53:21'),
(885, 'Ilyas', NULL, 0, '2023-09-11 01:07:26', '2025-09-04 06:53:21'),
(886, 'Kirkon', NULL, 0, '2023-09-11 02:55:44', '2025-09-04 06:53:21'),
(887, 'shrapne', NULL, 0, '2023-09-11 18:37:25', '2025-09-04 06:53:21'),
(888, 'Infin', NULL, 0, '2023-09-12 00:14:38', '2025-09-04 06:53:21'),
(889, 'zento', NULL, 0, '2023-09-12 02:32:58', '2025-09-04 06:53:21'),
(890, 'Damax', NULL, 0, '2023-09-12 18:51:17', '2025-09-04 06:53:21'),
(891, 'nostra', NULL, 0, '2023-09-12 21:07:20', '2025-09-04 06:53:21'),
(892, 'uniq', NULL, 0, '2023-09-12 21:16:45', '2025-09-04 06:53:21'),
(893, 'Built By Unique', NULL, 0, '2023-09-12 21:17:10', '2025-09-04 06:53:21'),
(894, 'glrn', NULL, 0, '2023-09-12 22:07:36', '2025-09-04 06:53:21'),
(895, 'pea', NULL, 0, '2023-09-12 23:31:27', '2025-09-04 06:53:21'),
(896, 'The Trustee for Pearl Building and Construction Unit Trust ', NULL, 0, '2023-09-13 00:18:37', '2025-09-04 06:53:21'),
(897, 'singh', NULL, 0, '2023-09-13 02:36:29', '2025-09-04 06:53:21'),
(898, 'Unique Builder ', NULL, 0, '2023-09-13 20:37:08', '2025-09-04 06:53:21'),
(899, '5a', NULL, 0, '2023-09-14 18:08:35', '2025-09-04 06:53:21'),
(900, 'uni', NULL, 0, '2023-09-14 19:01:27', '2025-09-04 06:53:21'),
(901, 'dream o', NULL, 0, '2023-09-14 22:11:52', '2025-09-04 06:53:21'),
(902, 'gj gar', NULL, 0, '2023-09-15 01:30:57', '2025-09-04 06:53:21'),
(903, 'Wyndham City Homes', NULL, 0, '2023-09-15 01:31:07', '2025-09-04 06:53:21'),
(904, 'Creation Homes VIC Pty Ltd; Saleh Homes', NULL, 0, '2023-09-16 01:11:30', '2025-09-04 06:53:21'),
(905, 'amp', NULL, 0, '2023-09-17 15:45:19', '2025-09-04 06:53:21'),
(906, 'AmKapp Investments', NULL, 0, '2023-09-17 15:45:32', '2025-09-04 06:53:21'),
(907, 'DS', NULL, 0, '2023-09-17 16:07:27', '2025-09-04 06:53:21'),
(908, 'robert', NULL, 0, '2023-09-17 19:50:08', '2025-09-04 06:53:21'),
(909, 'Tenders', NULL, 0, '2023-09-17 21:50:43', '2025-09-04 06:53:21'),
(910, 'AMKAPP Investments Pty Ltd', NULL, 0, '2023-09-17 21:53:08', '2025-09-04 06:53:21'),
(911, '5AB', NULL, 0, '2023-09-17 21:53:31', '2025-09-04 06:53:21'),
(912, 'Robert Shamon Pty Ltd', NULL, 0, '2023-09-17 21:58:06', '2025-09-04 06:53:21'),
(913, 'x', NULL, 0, '2023-09-17 22:36:36', '2025-09-04 06:53:21'),
(914, 'Xtreme Building and Developments', NULL, 0, '2023-09-17 22:36:52', '2025-09-04 06:53:21'),
(915, 'Crea', NULL, 0, '2023-09-17 23:03:46', '2025-09-04 06:53:21'),
(916, 'the trustee for', NULL, 0, '2023-09-18 20:54:37', '2025-09-04 06:53:21'),
(917, 'the trustee for punjab', NULL, 0, '2023-09-18 20:54:48', '2025-09-04 06:53:21'),
(918, 'inf', NULL, 0, '2023-09-18 23:04:41', '2025-09-04 06:53:21'),
(919, 'Infinite Property Enterprises Pty Ltd ', NULL, 0, '2023-09-18 23:04:49', '2025-09-04 06:53:21'),
(920, 'Simon', NULL, 0, '2023-09-18 23:06:01', '2025-09-04 06:53:21'),
(921, 'kh', NULL, 0, '2023-09-19 22:50:57', '2025-09-04 06:53:21'),
(922, 'Elmobayed; khalil', NULL, 0, '2023-09-19 22:51:18', '2025-09-04 06:53:21'),
(923, 'G', NULL, 0, '2023-09-19 23:59:05', '2025-09-04 06:53:21'),
(924, 'Alto Build', NULL, 0, '2023-09-20 02:19:57', '2025-09-04 06:53:21'),
(925, 'Luma', NULL, 0, '2023-09-20 03:07:55', '2025-09-04 06:53:21'),
(926, 'Balm', NULL, 0, '2023-09-20 03:08:15', '2025-09-04 06:53:21'),
(927, 'avista', NULL, 0, '2023-09-21 21:49:54', '2025-09-04 06:53:21'),
(928, 'Avista Homes', NULL, 0, '2023-09-21 23:18:21', '2025-09-04 06:53:21'),
(929, '1', NULL, 0, '2023-09-24 18:44:22', '2025-09-04 06:53:21'),
(930, 'Amkap Investments', NULL, 0, '2023-09-24 18:44:44', '2025-09-04 06:53:21'),
(931, 'mam', NULL, 0, '2023-09-24 19:05:49', '2025-09-04 06:53:21'),
(932, 'Alinor ', NULL, 0, '2023-09-24 23:37:40', '2025-09-04 06:53:21'),
(933, 'Alinor Group Const. & Dev Pty Ltd', NULL, 0, '2023-09-25 00:14:00', '2025-09-04 06:53:21'),
(934, 'The Trustee for Reron', NULL, 0, '2023-09-25 00:29:14', '2025-09-04 06:53:21'),
(935, 'Plan Group', NULL, 0, '2023-09-25 02:42:01', '2025-09-04 06:53:21'),
(936, 'Carlisle Homes', NULL, 0, '2023-09-25 19:32:26', '2025-09-04 06:53:21'),
(937, 'Long Island Homes', NULL, 0, '2023-09-25 20:05:16', '2025-09-04 06:53:21'),
(938, 'af', NULL, 0, '2023-09-25 22:36:15', '2025-09-04 06:53:21'),
(939, 'aljawfi ', NULL, 0, '2023-09-25 22:36:35', '2025-09-04 06:53:21'),
(940, 'vicwest', NULL, 0, '2023-09-26 01:13:56', '2025-09-04 06:53:21'),
(941, 'db', NULL, 0, '2023-09-26 03:59:55', '2025-09-04 06:53:21'),
(942, 'Gisb', NULL, 0, '2023-09-26 17:54:56', '2025-09-04 06:53:21'),
(943, 'Gisborne Build ', NULL, 0, '2023-09-26 17:55:09', '2025-09-04 06:53:21'),
(944, 'gardner', NULL, 0, '2023-09-26 20:34:44', '2025-09-04 06:53:21'),
(945, 'Wyndham City Homes Ply Ltd', NULL, 0, '2023-09-26 20:35:01', '2025-09-04 06:53:21'),
(946, 'construc', NULL, 0, '2023-09-27 01:26:54', '2025-09-04 06:53:21'),
(947, 'amkapp', NULL, 0, '2023-09-27 01:57:25', '2025-09-04 06:53:21'),
(948, 'AM', NULL, 0, '2023-09-27 01:57:41', '2025-09-04 06:53:21'),
(949, 'United Homes Australia Pty Ltd', NULL, 0, '2023-09-27 03:15:29', '2025-09-04 06:53:21'),
(950, '7', NULL, 0, '2023-09-27 07:04:06', '2025-09-04 06:53:21'),
(951, 's', NULL, 0, '2023-09-28 00:10:33', '2025-09-04 06:53:21'),
(952, 'aa ', NULL, 0, '2023-09-28 02:42:26', '2025-09-04 06:53:21'),
(953, 'Willben Construction', NULL, 0, '2023-09-28 02:42:41', '2025-09-04 06:53:21'),
(954, 'Willben Construction Pty Ltd', NULL, 0, '2023-09-28 02:42:55', '2025-09-04 06:53:21'),
(955, 'avista home', NULL, 0, '2023-09-28 23:52:43', '2025-09-04 06:53:21'),
(956, 'Robbie Lotz', NULL, 0, '2023-09-29 01:12:19', '2025-09-04 06:53:21'),
(957, 'everlas', NULL, 0, '2023-09-29 02:58:59', '2025-09-04 06:53:21'),
(958, 'mirv', NULL, 0, '2023-09-29 03:48:05', '2025-09-04 06:53:21'),
(959, 'Balmain and Co.', NULL, 0, '2023-09-29 03:48:27', '2025-09-04 06:53:21'),
(960, 'Green Living', NULL, 0, '2023-09-29 04:19:08', '2025-09-04 06:53:21'),
(961, 'Balmain & Co, Figurhead Group, Creation Homes', NULL, 0, '2023-10-02 02:52:11', '2025-09-04 06:53:21'),
(962, 'TurfOne', NULL, 0, '2023-10-02 03:09:37', '2025-09-04 06:53:21'),
(963, 'Zaf Builders and Developers', NULL, 0, '2023-10-02 03:10:02', '2025-09-04 06:53:21'),
(964, 'DULGER', NULL, 0, '2023-10-02 21:40:13', '2025-09-04 06:53:21'),
(965, 'Epic Homes Melbourne', NULL, 0, '2023-10-03 03:46:54', '2025-09-04 06:53:21'),
(966, 'Blue Cedat Construction', NULL, 0, '2023-10-03 03:48:07', '2025-09-04 06:53:21'),
(967, 'matrix', NULL, 0, '2023-10-04 00:00:12', '2025-09-04 06:53:21'),
(968, 'citizen homes', NULL, 0, '2023-10-04 00:53:53', '2025-09-04 06:53:21'),
(969, 'BHI Group Pty Ltd', NULL, 0, '2023-10-04 03:08:57', '2025-09-04 06:53:21'),
(970, 'Avista Homes Pty Ltd', NULL, 0, '2023-10-04 03:26:02', '2025-09-04 06:53:21'),
(971, 'Mr Robert Lotz', NULL, 0, '2023-10-04 03:34:07', '2025-09-04 06:53:21'),
(972, 'nana', NULL, 0, '2023-10-04 19:08:29', '2025-09-04 06:53:21'),
(973, 'Pavitar', NULL, 0, '2023-10-05 19:37:14', '2025-09-04 06:53:21'),
(974, 'Pavitar Pyt', NULL, 0, '2023-10-05 19:37:28', '2025-09-04 06:53:21'),
(975, 'Impact Build', NULL, 0, '2023-10-05 23:14:30', '2025-09-04 06:53:21'),
(976, 'Austwide Trade', NULL, 0, '2023-10-06 01:00:37', '2025-09-04 06:53:21'),
(977, 'L3 Construcions', NULL, 0, '2023-10-06 01:53:09', '2025-09-04 06:53:21'),
(978, 'Neo-Modern Investments', NULL, 0, '2023-10-06 03:40:36', '2025-09-04 06:53:21'),
(979, 'Xircon Homes', NULL, 0, '2023-10-06 05:14:19', '2025-09-04 06:53:21'),
(980, 'SAIRS Builder', NULL, 0, '2023-10-09 05:46:34', '2025-09-04 06:53:21'),
(981, 'everlast', NULL, 0, '2023-10-09 06:29:14', '2025-09-04 06:53:21'),
(982, 'SDA ne', NULL, 0, '2023-10-09 20:38:28', '2025-09-04 06:53:21'),
(983, 'Invin', NULL, 0, '2023-10-09 21:45:52', '2025-09-04 06:53:21'),
(984, 'Harc', NULL, 0, '2023-10-10 00:01:41', '2025-09-04 06:53:21'),
(985, 'J Jack', NULL, 0, '2023-10-10 00:49:35', '2025-09-04 06:53:21'),
(986, 'Monument construct', NULL, 0, '2023-10-10 02:31:24', '2025-09-04 06:53:21'),
(987, 'build', NULL, 0, '2023-10-10 03:32:44', '2025-09-04 06:53:21'),
(988, 'Impa', NULL, 0, '2023-10-10 03:33:00', '2025-09-04 06:53:21'),
(989, 'rjk', NULL, 0, '2023-10-10 06:45:12', '2025-09-04 06:53:21'),
(990, 'RJK Services', NULL, 0, '2023-10-10 06:45:30', '2025-09-04 06:53:21'),
(991, 'Jamie', NULL, 0, '2023-10-10 23:15:18', '2025-09-04 06:53:21'),
(992, 'impact', NULL, 0, '2023-10-10 23:54:13', '2025-09-04 06:53:21'),
(993, 'Hi Pages', NULL, 0, '2023-10-11 00:45:56', '2025-09-04 06:53:21'),
(994, 'arkcon hom', NULL, 0, '2023-10-11 23:21:18', '2025-09-04 06:53:21'),
(995, 'Arkcon Homes', NULL, 0, '2023-10-11 23:21:25', '2025-09-04 06:53:21'),
(996, 'Arkcon Homes Pty Ltd', NULL, 0, '2023-10-11 23:21:33', '2025-09-04 06:53:21'),
(997, 'Arckon Homes', NULL, 0, '2023-10-12 02:15:01', '2025-09-04 06:53:21'),
(998, 'Jana Trust', NULL, 0, '2023-10-13 04:09:43', '2025-09-04 06:53:21'),
(999, 'dbn', NULL, 0, '2023-10-13 05:27:44', '2025-09-04 06:53:21'),
(1000, 'citize', NULL, 0, '2023-10-13 06:00:50', '2025-09-04 06:53:21'),
(1001, 'cor', NULL, 0, '2023-10-15 18:57:34', '2025-09-04 06:53:21'),
(1002, 'cordia', NULL, 0, '2023-10-15 18:57:34', '2025-09-04 06:53:21'),
(1003, 'trini', NULL, 0, '2023-10-15 21:19:42', '2025-09-04 06:53:21'),
(1004, 'Khan, Salman ', NULL, 0, '2023-10-16 00:27:04', '2025-09-04 06:53:21'),
(1005, 'Amro Development', NULL, 0, '2023-10-17 00:04:15', '2025-09-04 06:53:21'),
(1006, 'acon', NULL, 0, '2023-10-17 02:58:29', '2025-09-04 06:53:21'),
(1007, 'east', NULL, 0, '2023-10-17 15:57:55', '2025-09-04 06:53:21'),
(1008, 'Palazzo Group', NULL, 0, '2023-10-17 22:07:09', '2025-09-04 06:53:21'),
(1009, 'tusk', NULL, 0, '2023-10-18 01:24:18', '2025-09-04 06:53:21'),
(1010, 'Tusk Building Group Pty Ltd', NULL, 0, '2023-10-18 02:09:16', '2025-09-04 06:53:21'),
(1011, 'NNB Homes', NULL, 0, '2023-10-18 03:42:10', '2025-09-04 06:53:21'),
(1012, 'Mr Ashish Nagpal', NULL, 0, '2023-10-18 04:40:13', '2025-09-04 06:53:21'),
(1013, 'ISNET Technologies', NULL, 0, '2023-10-18 04:40:38', '2025-09-04 06:53:21'),
(1014, 'the trus', NULL, 0, '2023-10-18 19:42:32', '2025-09-04 06:53:21'),
(1015, 'The Trustee for PUNJAB HOMES UNIT TRUST', NULL, 0, '2023-10-18 19:43:18', '2025-09-04 06:53:21'),
(1016, 'pyp', NULL, 0, '2023-10-18 21:40:34', '2025-09-04 06:53:21'),
(1017, 'stan', NULL, 0, '2023-10-19 17:38:58', '2025-09-04 06:53:21'),
(1018, 'Stajic Stan', NULL, 0, '2023-10-19 17:39:09', '2025-09-04 06:53:21'),
(1019, 'Bigp', NULL, 0, '2023-10-19 19:07:08', '2025-09-04 06:53:21'),
(1020, 'Bigpond', NULL, 0, '2023-10-19 19:07:23', '2025-09-04 06:53:21'),
(1021, 'Synergy Building Group', NULL, 0, '2023-10-19 21:21:21', '2025-09-04 06:53:21'),
(1022, 'Pacific Homes', NULL, 0, '2023-10-19 21:36:56', '2025-09-04 06:53:21'),
(1023, 'mi', NULL, 0, '2023-10-20 02:35:28', '2025-09-04 06:53:21'),
(1024, 'Prosand Sanding', NULL, 0, '2023-10-22 22:02:16', '2025-09-04 06:53:21'),
(1025, 'Prosand Sanding Grinding', NULL, 0, '2023-10-22 22:02:29', '2025-09-04 06:53:21'),
(1026, 'mahd', NULL, 0, '2023-10-22 23:47:19', '2025-09-04 06:53:21'),
(1027, 'mahdi ', NULL, 0, '2023-10-22 23:48:07', '2025-09-04 06:53:21'),
(1028, 'Mahdi Projects', NULL, 0, '2023-10-22 23:48:34', '2025-09-04 06:53:21'),
(1029, 'trustee', NULL, 0, '2023-10-23 00:55:14', '2025-09-04 06:53:21'),
(1030, 'The trustee for Zane ', NULL, 0, '2023-10-23 00:55:57', '2025-09-04 06:53:21'),
(1031, 'The trustee for Zane and Clair Davidson Family Trust ', NULL, 0, '2023-10-23 00:56:12', '2025-09-04 06:53:21'),
(1032, 'Prestige Building Consultants', NULL, 0, '2023-10-23 03:15:38', '2025-09-04 06:53:21'),
(1033, 'Monument ', NULL, 0, '2023-10-23 06:28:26', '2025-09-04 06:53:21'),
(1034, 'Glenvi', NULL, 0, '2023-10-23 17:57:41', '2025-09-04 06:53:21'),
(1035, 'mmj', NULL, 0, '2023-10-23 18:03:43', '2025-09-04 06:53:21'),
(1036, 'Pallazo Group', NULL, 0, '2023-10-23 18:03:49', '2025-09-04 06:53:21'),
(1037, 'kwr', NULL, 0, '2023-10-23 18:04:02', '2025-09-04 06:53:21'),
(1038, 'kwr de', NULL, 0, '2023-10-23 18:04:20', '2025-09-04 06:53:21'),
(1039, 'Norge Architectural Building', NULL, 0, '2023-10-23 18:57:27', '2025-09-04 06:53:21'),
(1040, 'Norge Architectural Building Pty Ltd ', NULL, 0, '2023-10-23 20:04:05', '2025-09-04 06:53:21'),
(1041, 'Omnia Homes', NULL, 0, '2023-10-23 22:08:12', '2025-09-04 06:53:21'),
(1042, 'Macbild Group Pty Ltd', NULL, 0, '2023-10-24 02:56:14', '2025-09-04 06:53:21'),
(1043, 'urban', NULL, 0, '2023-10-24 17:22:51', '2025-09-04 06:53:21'),
(1044, 'blue oz', NULL, 0, '2023-10-24 19:49:40', '2025-09-04 06:53:21'),
(1045, 'Civic Homes', NULL, 0, '2023-10-25 21:43:39', '2025-09-04 06:53:21'),
(1046, 'Montoro Roofing', NULL, 0, '2023-10-25 23:24:30', '2025-09-04 06:53:21'),
(1047, 'Pivot Homes', NULL, 0, '2023-10-26 18:26:19', '2025-09-04 06:53:21'),
(1048, 'Steve Bennett', NULL, 0, '2023-10-27 01:15:15', '2025-09-04 06:53:21'),
(1049, 'kyp', NULL, 0, '2023-10-30 03:45:12', '2025-09-04 06:53:21'),
(1050, 'Arrow Way', NULL, 0, '2023-10-30 09:05:34', '2025-09-04 06:53:21'),
(1051, 'Arrow Way Ptd Ltd', NULL, 0, '2023-10-30 09:05:55', '2025-09-04 06:53:21'),
(1052, 'ai', NULL, 0, '2023-10-30 20:38:14', '2025-09-04 06:53:21'),
(1053, 'Unik', NULL, 0, '2023-10-30 21:29:52', '2025-09-04 06:53:21'),
(1054, 'ever', NULL, 0, '2023-10-30 21:33:28', '2025-09-04 06:53:21'),
(1055, 'amka', NULL, 0, '2023-10-30 22:14:37', '2025-09-04 06:53:21'),
(1056, 'AMP Building', NULL, 0, '2023-10-31 01:30:03', '2025-09-04 06:53:21'),
(1057, 'Croft Developments Pty Ltd', NULL, 0, '2023-10-31 01:36:23', '2025-09-04 06:53:21'),
(1058, '4', NULL, 0, '2023-10-31 19:57:53', '2025-09-04 06:53:21'),
(1059, 'aww', NULL, 0, '2023-10-31 20:33:14', '2025-09-04 06:53:21'),
(1060, 'amk', NULL, 0, '2023-10-31 20:33:28', '2025-09-04 06:53:21'),
(1061, 'cast', NULL, 0, '2023-10-31 23:31:02', '2025-09-04 06:53:21'),
(1062, 'castle', NULL, 0, '2023-10-31 23:31:07', '2025-09-04 06:53:21'),
(1063, 'New Castle Homes', NULL, 0, '2023-10-31 23:31:37', '2025-09-04 06:53:21'),
(1064, 'Eleme', NULL, 0, '2023-11-01 01:09:59', '2025-09-04 06:53:21'),
(1065, 'jt', NULL, 0, '2023-11-01 01:35:15', '2025-09-04 06:53:21'),
(1066, 'JT & VAN building Contruction', NULL, 0, '2023-11-01 01:35:27', '2025-09-04 06:53:21'),
(1067, 'longp', NULL, 0, '2023-11-01 03:28:20', '2025-09-04 06:53:21'),
(1068, 'Dixit', NULL, 0, '2023-11-01 22:42:51', '2025-09-04 06:53:21'),
(1069, 'Dixit Enterprises', NULL, 0, '2023-11-01 22:43:01', '2025-09-04 06:53:21'),
(1070, 'mkm', NULL, 0, '2023-11-02 01:35:29', '2025-09-04 06:53:21'),
(1071, 'construct alm', NULL, 0, '2023-11-02 01:50:18', '2025-09-04 06:53:21'),
(1072, 'Pace Building Group', NULL, 0, '2023-11-02 03:32:21', '2025-09-04 06:53:21'),
(1073, 'Bhinder Carpentry Pty Ltd', NULL, 0, '2023-11-02 21:57:45', '2025-09-04 06:53:21'),
(1074, 'ARN BuildersARN BuildersARN Builders', NULL, 0, '2023-11-02 22:05:02', '2025-09-04 06:53:21'),
(1075, 'ARN Builder', NULL, 0, '2023-11-02 22:05:15', '2025-09-04 06:53:21'),
(1076, 'Bright', NULL, 0, '2023-11-03 00:30:43', '2025-09-04 06:53:21'),
(1077, 'Bright Homes Australia', NULL, 0, '2023-11-03 00:30:52', '2025-09-04 06:53:21'),
(1078, 'MHS Trinity Pty Ltd (T/As Trinity Builders)', NULL, 0, '2023-11-03 02:15:55', '2025-09-04 06:53:21'),
(1079, 'ado', NULL, 0, '2023-11-03 06:28:50', '2025-09-04 06:53:21'),
(1080, 'Sustainable Homes Melbourne', NULL, 0, '2023-11-06 03:26:35', '2025-09-04 06:53:21'),
(1081, 'Sakoon h', NULL, 0, '2023-11-06 19:55:30', '2025-09-04 06:53:21'),
(1082, 'Ramandeep Singh', NULL, 0, '2023-11-07 04:08:00', '2025-09-04 06:53:21'),
(1083, 'Builders of Architecture', NULL, 0, '2023-11-07 04:23:17', '2025-09-04 06:53:21'),
(1084, 'ask', NULL, 0, '2023-11-07 18:40:11', '2025-09-04 06:53:21'),
(1085, 'ass', NULL, 0, '2023-11-07 18:42:16', '2025-09-04 06:53:21'),
(1086, 'jo', NULL, 0, '2023-11-07 22:04:42', '2025-09-04 06:53:21'),
(1087, 'Jose Jerric', NULL, 0, '2023-11-07 22:04:55', '2025-09-04 06:53:21'),
(1088, 'the trustee for gavmar family trust', NULL, 0, '2023-11-09 00:58:24', '2025-09-04 06:53:21'),
(1089, 'PH House Build Pty Ltd ', NULL, 0, '2023-11-09 19:43:20', '2025-09-04 06:53:21'),
(1090, 'Builders of Architpaceecture', NULL, 0, '2023-11-09 20:16:04', '2025-09-04 06:53:21'),
(1091, 'VIC', NULL, 0, '2023-11-09 21:01:30', '2025-09-04 06:53:21'),
(1092, 'the tr', NULL, 0, '2023-11-09 23:10:09', '2025-09-04 06:53:21'),
(1093, 'domain', NULL, 0, '2023-11-10 01:20:52', '2025-09-04 06:53:21'),
(1094, 'Kotam Projects Pty Ltd', NULL, 0, '2023-11-10 02:38:08', '2025-09-04 06:53:21'),
(1095, 'Apcon Construction', NULL, 0, '2023-11-10 03:24:08', '2025-09-04 06:53:21'),
(1096, 'Burge Built', NULL, 0, '2023-11-10 03:26:53', '2025-09-04 06:53:21'),
(1097, 'quee', NULL, 0, '2023-11-13 02:17:58', '2025-09-04 06:53:21'),
(1098, 'Queen Homes', NULL, 0, '2023-11-13 02:18:09', '2025-09-04 06:53:21'),
(1099, 'united home', NULL, 0, '2023-11-13 19:05:34', '2025-09-04 06:53:21'),
(1100, 'sakoo', NULL, 0, '2023-11-13 20:44:35', '2025-09-04 06:53:21'),
(1101, 'Riva Homes', NULL, 0, '2023-11-14 01:02:03', '2025-09-04 06:53:21'),
(1102, 'David Reid Homes', NULL, 0, '2023-11-14 01:02:16', '2025-09-04 06:53:21'),
(1103, 'Glenv', NULL, 0, '2023-11-14 05:44:37', '2025-09-04 06:53:21'),
(1104, 'Blue Cedar Construction Pty Ltd', NULL, 0, '2023-11-15 03:01:28', '2025-09-04 06:53:21'),
(1105, 'ANK Homes', NULL, 0, '2023-11-15 09:01:56', '2025-09-04 06:53:21'),
(1106, 'p', NULL, 0, '2023-11-15 19:45:17', '2025-09-04 06:53:21'),
(1107, 'pear', NULL, 0, '2023-11-15 19:46:02', '2025-09-04 06:53:21'),
(1108, 'sin', NULL, 0, '2023-11-15 22:40:11', '2025-09-04 06:53:21'),
(1109, 'Buildwick Homes Pty Ltd', NULL, 0, '2023-11-16 00:09:17', '2025-09-04 06:53:21'),
(1110, 'ssdn', NULL, 0, '2023-11-16 00:27:50', '2025-09-04 06:53:21'),
(1111, 'supn', NULL, 0, '2023-11-16 00:28:14', '2025-09-04 06:53:21'),
(1112, 'SSDN Group Pty Ltd (T/As Supna Homes)', NULL, 0, '2023-11-16 00:28:40', '2025-09-04 06:53:21'),
(1113, 'Cover Tradi', NULL, 0, '2023-11-16 00:59:01', '2025-09-04 06:53:21'),
(1114, 'Westgate Concrete', NULL, 0, '2023-11-16 12:19:13', '2025-09-04 06:53:21'),
(1115, 'Uhomes', NULL, 0, '2023-11-16 12:24:48', '2025-09-04 06:53:21'),
(1116, 'lio', NULL, 0, '2023-11-16 19:12:53', '2025-09-04 06:53:21'),
(1117, 'Blue', NULL, 0, '2023-11-16 21:18:39', '2025-09-04 06:53:21'),
(1118, 'Figu', NULL, 0, '2023-11-16 21:59:32', '2025-09-04 06:53:21'),
(1119, 'Westgate Concreting Pty Ltd', NULL, 0, '2023-11-19 19:30:25', '2025-09-04 06:53:21'),
(1120, 'New Castle Homes', NULL, 0, '2023-11-20 23:54:14', '2025-09-04 06:53:21'),
(1121, 'newpol', NULL, 0, '2023-11-21 05:42:23', '2025-09-04 06:53:21'),
(1122, 'Newpol Construction', NULL, 0, '2023-11-21 05:42:58', '2025-09-04 06:53:21'),
(1123, 'oz', NULL, 0, '2023-11-21 23:50:02', '2025-09-04 06:53:21'),
(1124, 'Gbuild Homes', NULL, 0, '2023-11-22 01:36:02', '2025-09-04 06:53:21'),
(1125, 'Khalsa Constructions', NULL, 0, '2023-11-23 03:37:21', '2025-09-04 06:53:21'),
(1126, 'The Trustee for Brycon Property Group Unit', NULL, 0, '2023-11-23 04:00:15', '2025-09-04 06:53:21'),
(1127, 'ma', NULL, 0, '2023-11-23 18:49:06', '2025-09-04 06:53:21'),
(1128, 'AM Homes Group Pty Ltd', NULL, 0, '2023-11-23 23:57:09', '2025-09-04 06:53:21'),
(1129, 'New Castle Homesabge3vhjjnuujkllllllllw`', NULL, 0, '2023-11-26 22:28:36', '2025-09-04 06:53:21'),
(1130, 'New Castle Homes`', NULL, 0, '2023-11-26 22:28:47', '2025-09-04 06:53:21'),
(1131, 'zentos', NULL, 0, '2023-11-26 22:51:06', '2025-09-04 06:53:21'),
(1132, 'ASK Investment', NULL, 0, '2023-11-27 19:37:11', '2025-09-04 06:53:21'),
(1133, 'abi', NULL, 0, '2023-11-28 00:08:55', '2025-09-04 06:53:21'),
(1134, 'khan', NULL, 0, '2023-11-28 00:48:28', '2025-09-04 06:53:21'),
(1135, 'skylight', NULL, 0, '2023-11-28 21:41:08', '2025-09-04 06:53:21'),
(1136, 'CIVI', NULL, 0, '2023-11-30 00:44:59', '2025-09-04 06:53:21'),
(1137, 'The trustee', NULL, 0, '2023-11-30 20:01:18', '2025-09-04 06:53:21'),
(1138, 'monu', NULL, 0, '2023-11-30 20:31:55', '2025-09-04 06:53:21'),
(1139, 'ark', NULL, 0, '2023-11-30 21:38:42', '2025-09-04 06:53:21'),
(1140, 'ARKit Pty Ltd', NULL, 0, '2023-11-30 21:38:51', '2025-09-04 06:53:21'),
(1141, 'asse', NULL, 0, '2023-12-03 20:27:56', '2025-09-04 06:53:21'),
(1142, 'au', NULL, 0, '2023-12-03 20:34:49', '2025-09-04 06:53:21'),
(1143, 'AMS Construction', NULL, 0, '2023-12-04 01:02:48', '2025-09-04 06:53:21'),
(1144, 'IKA C', NULL, 0, '2023-12-04 08:23:15', '2025-09-04 06:53:21'),
(1145, 'Ika Construction Group', NULL, 0, '2023-12-04 09:37:05', '2025-09-04 06:53:21'),
(1146, 'Seafan Construction Pty Ltd ', NULL, 0, '2023-12-04 20:09:16', '2025-09-04 06:53:21'),
(1147, 'The trustee for GAVMAR FAMILY TRUST (T/As Domain Improvements)', NULL, 0, '2023-12-04 21:50:04', '2025-09-04 06:53:21'),
(1148, 'Kang Trades', NULL, 0, '2023-12-05 00:45:08', '2025-09-04 06:53:21'),
(1149, 'Iquip', NULL, 0, '2023-12-05 09:28:55', '2025-09-04 06:53:21'),
(1150, 'Ridg', NULL, 0, '2023-12-05 20:43:26', '2025-09-04 06:53:21'),
(1151, 'Equisent Group', NULL, 0, '2023-12-06 00:39:02', '2025-09-04 06:53:21'),
(1152, 'omnia', NULL, 0, '2023-12-06 18:24:35', '2025-09-04 06:53:21'),
(1153, 'AMS', NULL, 0, '2023-12-06 19:00:10', '2025-09-04 06:53:21'),
(1154, 'Figurhead Group ', NULL, 0, '2023-12-06 20:16:51', '2025-09-04 06:53:21'),
(1155, 'sky', NULL, 0, '2023-12-07 01:48:57', '2025-09-04 06:53:21'),
(1156, 'Cape', NULL, 0, '2023-12-07 15:13:34', '2025-09-04 06:53:21'),
(1157, 'Cape Group', NULL, 0, '2023-12-07 15:14:25', '2025-09-04 06:53:21'),
(1158, 'Lyn McNair', NULL, 0, '2023-12-11 02:38:19', '2025-09-04 06:53:21'),
(1159, 'Fair Build Homes Pty Ltd', NULL, 0, '2023-12-11 18:59:35', '2025-09-04 06:53:21'),
(1160, 'Ima', NULL, 0, '2023-12-11 19:53:56', '2025-09-04 06:53:21'),
(1161, '5AB Commercial', NULL, 0, '2023-12-12 15:15:39', '2025-09-04 06:53:21'),
(1162, 'Talbuild', NULL, 0, '2023-12-12 23:54:19', '2025-09-04 06:53:21'),
(1163, 'Ri Building Developments Pty Ltd ', NULL, 0, '2023-12-13 20:41:30', '2025-09-04 06:53:21'),
(1164, 'Himal', NULL, 0, '2023-12-13 21:32:27', '2025-09-04 06:53:21'),
(1165, 'Son Builders', NULL, 0, '2023-12-14 04:22:25', '2025-09-04 06:53:21'),
(1166, 'Stavitel', NULL, 0, '2023-12-14 20:11:18', '2025-09-04 06:53:21'),
(1167, 'jeff', NULL, 0, '2023-12-17 23:52:36', '2025-09-04 06:53:21'),
(1168, 'Jose , Jerric', NULL, 0, '2023-12-17 23:52:49', '2025-09-04 06:53:22'),
(1169, 'jose', NULL, 0, '2023-12-17 23:52:54', '2025-09-04 06:53:22'),
(1170, 'YHB Group', NULL, 0, '2023-12-17 23:58:44', '2025-09-04 06:53:22'),
(1171, 'Zouk Group', NULL, 0, '2023-12-18 02:56:29', '2025-09-04 06:53:22'),
(1172, 'bukala', NULL, 0, '2023-12-18 03:56:23', '2025-09-04 06:53:22'),
(1173, 'H.R Bukala Building', NULL, 0, '2023-12-18 03:56:35', '2025-09-04 06:53:22'),
(1174, 'Creation Homes', NULL, 0, '2023-12-19 17:28:16', '2025-09-04 06:53:22'),
(1175, 'NEW CAS', NULL, 0, '2023-12-20 02:40:44', '2025-09-04 06:53:22'),
(1176, 'lvant', NULL, 0, '2023-12-27 10:12:09', '2025-09-04 06:53:22'),
(1177, 'Lvant Pty Ltd', NULL, 0, '2023-12-27 10:12:20', '2025-09-04 06:53:22'),
(1178, 'HIM', NULL, 0, '2024-01-03 18:11:28', '2025-09-04 06:53:22'),
(1179, 'Shayona Corporation', NULL, 0, '2024-01-04 20:36:48', '2025-09-04 06:53:22'),
(1180, 'Shayona Corporation Pty Ltd (T/As TheAbode Homes)', NULL, 0, '2024-01-04 21:13:26', '2025-09-04 06:53:22'),
(1181, 'chubies', NULL, 0, '2024-01-04 21:17:31', '2025-09-04 06:53:22'),
(1182, 'Chubbies P/L ATF Matthews & Bajada ', NULL, 0, '2024-01-04 21:17:41', '2025-09-04 06:53:22'),
(1183, 'Shayona Corporation Pty Ltd (T/As TheAbode Homes)', NULL, 0, '2024-01-05 00:32:41', '2025-09-04 06:53:22'),
(1184, '88', NULL, 0, '2024-01-05 03:19:21', '2025-09-04 06:53:22'),
(1185, 'Figurehead; SAW Construction', NULL, 0, '2024-01-05 03:22:11', '2025-09-04 06:53:22'),
(1186, 'Clarke Hopkins Clarke', NULL, 0, '2024-01-05 03:24:41', '2025-09-04 06:53:22'),
(1187, 'James Cherappat', NULL, 0, '2024-01-08 01:57:29', '2025-09-04 06:53:22'),
(1188, 'Chubbies P/L ATF Matthews & Bajada', NULL, 0, '2024-01-08 03:08:54', '2025-09-04 06:53:22'),
(1189, 'GOLDFIE', NULL, 0, '2024-01-08 04:10:55', '2025-09-04 06:53:22'),
(1190, 'GOLDFIELDS', NULL, 0, '2024-01-08 04:11:29', '2025-09-04 06:53:22'),
(1191, 'family first', NULL, 0, '2024-01-09 00:02:22', '2025-09-04 06:53:22'),
(1192, 'Family First Constructions Pty Ltd', NULL, 0, '2024-01-09 00:02:43', '2025-09-04 06:53:22'),
(1193, 'EPS Plumbing', NULL, 0, '2024-01-09 02:49:51', '2025-09-04 06:53:22'),
(1194, 'octone', NULL, 0, '2024-01-09 02:56:11', '2025-09-04 06:53:22'),
(1195, 'Octone Constructions Pty Ltd', NULL, 0, '2024-01-09 02:56:30', '2025-09-04 06:53:22'),
(1196, 'H. Troon', NULL, 0, '2024-01-09 04:16:12', '2025-09-04 06:53:22'),
(1197, 'ICON', NULL, 0, '2024-01-09 04:16:30', '2025-09-04 06:53:22'),
(1198, 'meza', NULL, 0, '2024-01-09 21:56:05', '2025-09-04 06:53:22'),
(1199, 'Mazzarelia Stefan', NULL, 0, '2024-01-09 21:56:27', '2025-09-04 06:53:22'),
(1200, 'king', NULL, 0, '2024-01-10 00:22:39', '2025-09-04 06:53:22'),
(1201, 'King Victoria Homes', NULL, 0, '2024-01-10 00:22:57', '2025-09-04 06:53:22'),
(1202, 'tri', NULL, 0, '2024-01-10 01:41:17', '2025-09-04 06:53:22'),
(1203, 'Triton Builders', NULL, 0, '2024-01-10 01:41:36', '2025-09-04 06:53:22'),
(1204, 'octa', NULL, 0, '2024-01-10 23:53:23', '2025-09-04 06:53:22'),
(1205, 'Octa Group', NULL, 0, '2024-01-10 23:53:31', '2025-09-04 06:53:22'),
(1206, 'Cheljemi Pty ltd', NULL, 0, '2024-01-11 01:53:08', '2025-09-04 06:53:22'),
(1207, 'domesca', NULL, 0, '2024-01-11 18:08:39', '2025-09-04 06:53:22'),
(1208, 'Domesca Homes', NULL, 0, '2024-01-11 18:08:47', '2025-09-04 06:53:22'),
(1209, 'domes', NULL, 0, '2024-01-11 21:04:24', '2025-09-04 06:53:22'),
(1210, 'Aamico Homes', NULL, 0, '2024-01-11 23:51:27', '2025-09-04 06:53:22'),
(1211, 'ausl', NULL, 0, '2024-01-12 00:56:47', '2025-09-04 06:53:22'),
(1212, 'trit', NULL, 0, '2024-01-12 03:21:07', '2025-09-04 06:53:22'),
(1213, 'adore homes', NULL, 0, '2024-01-14 20:20:11', '2025-09-04 06:53:22'),
(1214, 'Docsmate', NULL, 0, '2024-01-14 21:40:12', '2025-09-04 06:53:22'),
(1215, 'Krisma Constructions Pty Ltd', NULL, 0, '2024-01-15 01:09:05', '2025-09-04 06:53:22'),
(1216, 'WBD Group', NULL, 0, '2024-01-15 01:44:38', '2025-09-04 06:53:22'),
(1217, 'matri', NULL, 0, '2024-01-15 02:21:09', '2025-09-04 06:53:22'),
(1218, 'varai', NULL, 0, '2024-01-15 19:09:34', '2025-09-04 06:53:22'),
(1219, 'Virk Builders', NULL, 0, '2024-01-15 19:18:57', '2025-09-04 06:53:22'),
(1220, 'the trustee for NTJ Investment', NULL, 0, '2024-01-16 00:27:40', '2025-09-04 06:53:22'),
(1221, 'the trustee for NTJ Investment Trust', NULL, 0, '2024-01-16 00:27:57', '2025-09-04 06:53:22'),
(1222, 'BUILDFORME Homes Pty Ltd and VK Construction Australia Pty Ltd', NULL, 0, '2024-01-16 01:20:41', '2025-09-04 06:53:22'),
(1223, 'Never Stop Group', NULL, 0, '2024-01-16 02:09:17', '2025-09-04 06:53:22'),
(1224, 'Eagle Eye ', NULL, 0, '2024-01-17 02:07:42', '2025-09-04 06:53:22'),
(1225, 'Eagle Eye Constructions', NULL, 0, '2024-01-17 02:07:54', '2025-09-04 06:53:22'),
(1226, 'singh homes', NULL, 0, '2024-01-17 18:50:01', '2025-09-04 06:53:22'),
(1227, 'a', NULL, 0, '2024-01-17 18:56:58', '2025-09-04 06:53:22'),
(1228, '23 broom', NULL, 0, '2024-01-17 19:01:43', '2025-09-04 06:53:22'),
(1229, 'Arc3', NULL, 0, '2024-01-17 23:44:28', '2025-09-04 06:53:22'),
(1230, 'ARC3 builders, ', NULL, 0, '2024-01-17 23:44:52', '2025-09-04 06:53:22'),
(1231, 'ARC3 builders, Raysett, ', NULL, 0, '2024-01-17 23:45:01', '2025-09-04 06:53:22'),
(1232, 'ARC3 builders, Raysett, FIMMA, ', NULL, 0, '2024-01-17 23:45:08', '2025-09-04 06:53:22'),
(1233, 'ARC3 builders, Raysett, FIMMA, Newton Manor', NULL, 0, '2024-01-17 23:45:16', '2025-09-04 06:53:22'),
(1234, 'Locbuild', NULL, 0, '2024-01-18 02:11:41', '2025-09-04 06:53:22'),
(1235, 'Theovaliotis ', NULL, 0, '2024-01-18 18:09:26', '2025-09-04 06:53:22'),
(1236, 'Theo Valiotis Building of Engineering, ', NULL, 0, '2024-01-18 18:09:43', '2025-09-04 06:53:22'),
(1237, 'Theo Valiotis Building of Engineering, ADCO, ', NULL, 0, '2024-01-18 18:09:51', '2025-09-04 06:53:22'),
(1238, 'Theo Valiotis Building of Engineering, ADCO, Hutchinson Builders, ', NULL, 0, '2024-01-18 18:10:00', '2025-09-04 06:53:22'),
(1239, 'Theo Valiotis Building of Engineering, ADCO, Hutchinson Builders & Kane Construction', NULL, 0, '2024-01-18 18:10:11', '2025-09-04 06:53:22'),
(1240, 'Theo Valiotis Building of Engineering, ADCO, Hutchinson Builders & Kane Constructions', NULL, 0, '2024-01-18 18:10:16', '2025-09-04 06:53:22'),
(1241, 'NORGE', NULL, 0, '2024-01-18 20:23:38', '2025-09-04 06:53:22'),
(1242, 'vr', NULL, 0, '2024-01-18 22:44:05', '2025-09-04 06:53:22'),
(1243, 'Duah', NULL, 0, '2024-01-18 22:44:27', '2025-09-04 06:53:22'),
(1244, 'Stavitel Pty Ltd', NULL, 0, '2024-01-19 01:51:51', '2025-09-04 06:53:22'),
(1245, 'theo valio', NULL, 0, '2024-01-19 03:12:46', '2025-09-04 06:53:22');
INSERT INTO `builders` (`id`, `title`, `description`, `archive`, `created_at`, `updated_at`) VALUES
(1246, 'VR Homes', NULL, 0, '2024-01-21 21:58:04', '2025-09-04 06:53:22'),
(1247, 'natr', NULL, 0, '2024-01-22 02:39:45', '2025-09-04 06:53:22'),
(1248, 'Amicus', NULL, 0, '2024-01-22 03:37:49', '2025-09-04 06:53:22'),
(1249, 'Dynamic Builders', NULL, 0, '2024-01-22 19:23:25', '2025-09-04 06:53:22'),
(1250, 'vicwes', NULL, 0, '2024-01-22 20:31:41', '2025-09-04 06:53:22'),
(1251, 'krisma', NULL, 0, '2024-01-22 20:55:32', '2025-09-04 06:53:22'),
(1252, 'Mimosa Homes', NULL, 0, '2024-01-23 00:07:19', '2025-09-04 06:53:22'),
(1253, 'G9 Properties', NULL, 0, '2024-01-23 02:37:16', '2025-09-04 06:53:22'),
(1254, 'Filip Lukicic', NULL, 0, '2024-01-23 03:57:25', '2025-09-04 06:53:22'),
(1255, 'Cobbe', NULL, 0, '2024-01-23 23:59:49', '2025-09-04 06:53:22'),
(1256, 'Cobest Trust Pty Ltd', NULL, 0, '2024-01-24 00:00:01', '2025-09-04 06:53:22'),
(1257, 'Novo Homes', NULL, 0, '2024-01-24 01:19:16', '2025-09-04 06:53:22'),
(1258, 'ArcAbodes', NULL, 0, '2024-01-24 01:29:57', '2025-09-04 06:53:22'),
(1259, 'vb home', NULL, 0, '2024-01-24 02:47:28', '2025-09-04 06:53:22'),
(1260, 'gran', NULL, 0, '2024-01-24 03:25:19', '2025-09-04 06:53:22'),
(1261, 'Grandeur Homes', NULL, 0, '2024-01-24 03:25:37', '2025-09-04 06:53:22'),
(1262, 'Grandeur Homes', NULL, 0, '2024-01-24 23:15:18', '2025-09-04 06:53:22'),
(1263, 'Austar Homes', NULL, 0, '2024-01-25 18:19:02', '2025-09-04 06:53:22'),
(1264, 'the trustee for grandeur Homes', NULL, 0, '2024-01-25 20:10:29', '2025-09-04 06:53:22'),
(1265, 'alsa', NULL, 0, '2024-01-25 20:32:08', '2025-09-04 06:53:22'),
(1266, 'Alsa Constructions', NULL, 0, '2024-01-25 20:32:18', '2025-09-04 06:53:22'),
(1267, 'Fannissa Ahgdassi', NULL, 0, '2024-01-26 02:09:59', '2025-09-04 06:53:22'),
(1268, 'ao', NULL, 0, '2024-01-26 04:07:10', '2025-09-04 06:53:22'),
(1269, 'AoneConstruction group', NULL, 0, '2024-01-26 08:11:18', '2025-09-04 06:53:22'),
(1270, '1699 Construction Group Pty Ltd T/As Double Edge Homes ', NULL, 0, '2024-01-28 19:55:49', '2025-09-04 06:53:22'),
(1271, 'docmate', NULL, 0, '2024-01-28 21:18:52', '2025-09-04 06:53:22'),
(1272, 'AAMI', NULL, 0, '2024-01-28 23:43:08', '2025-09-04 06:53:22'),
(1273, 'mark', NULL, 0, '2024-01-29 00:07:51', '2025-09-04 06:53:22'),
(1274, 'Mark Touma', NULL, 0, '2024-01-29 00:08:13', '2025-09-04 06:53:22'),
(1275, 'united', NULL, 0, '2024-01-29 02:05:43', '2025-09-04 06:53:22'),
(1276, 'HTD Group', NULL, 0, '2024-01-29 18:14:17', '2025-09-04 06:53:22'),
(1277, 'ALM PTy', NULL, 0, '2024-01-29 21:37:49', '2025-09-04 06:53:22'),
(1278, 'Arma', NULL, 0, '2024-01-30 20:04:08', '2025-09-04 06:53:22'),
(1279, 'Armax Constructions Pty Ltd', NULL, 0, '2024-01-30 20:04:19', '2025-09-04 06:53:22'),
(1280, 'Zenali Homes', NULL, 0, '2024-01-30 20:56:02', '2025-09-04 06:53:22'),
(1281, 'Ridgwater Homes', NULL, 0, '2024-01-30 21:08:47', '2025-09-04 06:53:22'),
(1282, 'Dean Larti', NULL, 0, '2024-01-30 23:46:24', '2025-09-04 06:53:22'),
(1283, '5', NULL, 0, '2024-01-31 06:04:35', '2025-09-04 06:53:22'),
(1284, 'Fanissa Aghdassi', NULL, 0, '2024-01-31 18:51:09', '2025-09-04 06:53:22'),
(1285, 'Aust', NULL, 0, '2024-01-31 22:20:29', '2025-09-04 06:53:22'),
(1286, 'Taza Huseni', NULL, 0, '2024-02-01 00:54:17', '2025-09-04 06:53:22'),
(1287, 'arc', NULL, 0, '2024-02-01 03:25:08', '2025-09-04 06:53:22'),
(1288, 'Devco Project, FIMMA Construction, McCorkel Construction, Monaco Hickey', NULL, 0, '2024-02-02 01:57:49', '2025-09-04 06:53:22'),
(1289, 'Newpol Construction, United Commercial Projects', NULL, 0, '2024-02-02 02:00:12', '2025-09-04 06:53:22'),
(1290, 'Redwood Construction 2', NULL, 0, '2024-02-04 20:27:19', '2025-09-04 06:53:22'),
(1291, 'Rerona Family', NULL, 0, '2024-02-04 23:57:37', '2025-09-04 06:53:22'),
(1292, 'long', NULL, 0, '2024-02-05 04:00:11', '2025-09-04 06:53:22'),
(1293, 'Alchemy Construct, ', NULL, 0, '2024-02-05 18:31:57', '2025-09-04 06:53:22'),
(1294, 'Alchemy Construct, Gazelle Constructions Pty Ltd, Harris HMC Construction, SJ Higgins Group', NULL, 0, '2024-02-05 18:32:32', '2025-09-04 06:53:22'),
(1295, 'Adam O\'Keefe', NULL, 0, '2024-02-07 03:38:49', '2025-09-04 06:53:22'),
(1296, 'Mark Lewis', NULL, 0, '2024-02-07 03:39:57', '2025-09-04 06:53:22'),
(1297, 'Figurhead Group, Saw Construction ', NULL, 0, '2024-02-09 00:59:18', '2025-09-04 06:53:22'),
(1298, 'Trinity', NULL, 0, '2024-02-09 03:22:16', '2025-09-04 06:53:22'),
(1299, 'Carelli Constructions', NULL, 0, '2024-02-11 18:27:58', '2025-09-04 06:53:22'),
(1300, 'Buxton Construction', NULL, 0, '2024-02-11 18:28:30', '2025-09-04 06:53:22'),
(1301, 'woods', NULL, 0, '2024-02-11 22:15:55', '2025-09-04 06:53:22'),
(1302, 'Contemporary Homes Group Pty Ltd', NULL, 0, '2024-02-11 23:54:01', '2025-09-04 06:53:22'),
(1303, 'Blacksheep Construct', NULL, 0, '2024-02-12 08:03:24', '2025-09-04 06:53:22'),
(1304, 'Knicon Pty Ltd.', NULL, 0, '2024-02-12 18:46:01', '2025-09-04 06:53:22'),
(1305, 'Alex Nguyen', NULL, 0, '2024-02-12 18:46:11', '2025-09-04 06:53:22'),
(1306, 'Siva, Ruthra', NULL, 0, '2024-02-12 20:12:41', '2025-09-04 06:53:22'),
(1307, 'Contemporary Homes Group Pty Ltd', NULL, 0, '2024-02-13 03:38:15', '2025-09-04 06:53:22'),
(1308, 'Southb', NULL, 0, '2024-02-13 04:02:15', '2025-09-04 06:53:22'),
(1309, 'Redwood Design & Construct Pty Ltd', NULL, 0, '2024-02-13 04:08:09', '2025-09-04 06:53:22'),
(1310, 'The trustee for the BCA Built Trust', NULL, 0, '2024-02-14 18:16:05', '2025-09-04 06:53:22'),
(1311, 'Riser', NULL, 0, '2024-02-14 18:16:21', '2025-09-04 06:53:22'),
(1312, 'Ajamco Homes T/As Amien Sidaoui', NULL, 0, '2024-02-14 23:43:20', '2025-09-04 06:53:22'),
(1313, 'Sarah Marganis', NULL, 0, '2024-02-15 02:27:08', '2025-09-04 06:53:22'),
(1314, 'United Commercial Projects', NULL, 0, '2024-02-15 18:39:46', '2025-09-04 06:53:22'),
(1315, 'omar phu', NULL, 0, '2024-02-15 19:05:26', '2025-09-04 06:53:22'),
(1316, 'mark lew', NULL, 0, '2024-02-16 03:09:49', '2025-09-04 06:53:22'),
(1317, 'Gaurya Homes', NULL, 0, '2024-02-18 16:51:20', '2025-09-04 06:53:22'),
(1318, 'Capital Commercial Building', NULL, 0, '2024-02-18 17:08:36', '2025-09-04 06:53:22'),
(1319, 'JRS Engineering', NULL, 0, '2024-02-18 17:19:58', '2025-09-04 06:53:22'),
(1320, 'united ho', NULL, 0, '2024-02-18 21:20:11', '2025-09-04 06:53:22'),
(1321, 'Imperial buildee', NULL, 0, '2024-02-18 21:59:50', '2025-09-04 06:53:22'),
(1322, 'Imperial Builder Pty Ltd', NULL, 0, '2024-02-18 22:00:00', '2025-09-04 06:53:22'),
(1323, 'proj8 construction', NULL, 0, '2024-02-19 01:44:13', '2025-09-04 06:53:22'),
(1324, 'City Scape Homes', NULL, 0, '2024-02-19 01:49:51', '2025-09-04 06:53:22'),
(1325, '2 Construct Pty Ltd', NULL, 0, '2024-02-19 03:22:53', '2025-09-04 06:53:22'),
(1326, 'Aspekt Pty Ltd', NULL, 0, '2024-02-19 03:23:23', '2025-09-04 06:53:22'),
(1327, 'Ceq Builder', NULL, 0, '2024-02-19 19:21:58', '2025-09-04 06:53:22'),
(1328, 'ACX Industries', NULL, 0, '2024-02-19 22:16:13', '2025-09-04 06:53:22'),
(1329, 'Mukado Pty Ltd', NULL, 0, '2024-02-20 03:12:01', '2025-09-04 06:53:22'),
(1330, 'Fortune Building Group Pty Ltd', NULL, 0, '2024-02-20 03:49:11', '2025-09-04 06:53:22'),
(1331, '10%', NULL, 0, '2024-02-20 04:05:21', '2025-09-04 06:53:22'),
(1332, 'Viom Construction Pty Ltd', NULL, 0, '2024-02-20 18:57:18', '2025-09-04 06:53:22'),
(1333, 'Tick Homes', NULL, 0, '2024-02-20 20:27:02', '2025-09-04 06:53:22'),
(1334, 'Wolf Construction', NULL, 0, '2024-02-22 03:50:16', '2025-09-04 06:53:22'),
(1335, 'lee', NULL, 0, '2024-02-22 06:31:05', '2025-09-04 06:53:22'),
(1336, 'Leneeva Homes', NULL, 0, '2024-02-22 06:31:20', '2025-09-04 06:53:22'),
(1337, 'grand', NULL, 0, '2024-02-23 00:15:16', '2025-09-04 06:53:22'),
(1338, 'indus h', NULL, 0, '2024-02-23 00:23:42', '2025-09-04 06:53:22'),
(1339, 'Indus Homes Pty Ltd', NULL, 0, '2024-02-23 00:23:54', '2025-09-04 06:53:22'),
(1340, 'Perrady Group', NULL, 0, '2024-02-23 03:05:26', '2025-09-04 06:53:22'),
(1341, 'Hoto', NULL, 0, '2024-02-25 20:41:19', '2025-09-04 06:53:22'),
(1342, 'Eleet Developers', NULL, 0, '2024-02-25 23:45:23', '2025-09-04 06:53:22'),
(1343, 'grande', NULL, 0, '2024-02-26 01:09:59', '2025-09-04 06:53:22'),
(1344, 'Jussicq Homes', NULL, 0, '2024-02-26 01:46:48', '2025-09-04 06:53:22'),
(1345, 'HK', NULL, 0, '2024-02-26 19:45:35', '2025-09-04 06:53:22'),
(1346, 'HK Unique Homes', NULL, 0, '2024-02-26 19:45:51', '2025-09-04 06:53:22'),
(1347, 'woodle', NULL, 0, '2024-02-26 22:18:50', '2025-09-04 06:53:22'),
(1348, 'JK A', NULL, 0, '2024-02-26 22:36:19', '2025-09-04 06:53:22'),
(1349, 'JK Ausway', NULL, 0, '2024-02-26 22:36:28', '2025-09-04 06:53:22'),
(1350, 'himala', NULL, 0, '2024-02-26 23:26:19', '2025-09-04 06:53:22'),
(1351, 'himalaya', NULL, 0, '2024-02-26 23:26:24', '2025-09-04 06:53:22'),
(1352, 'city sca', NULL, 0, '2024-02-26 23:35:59', '2025-09-04 06:53:22'),
(1353, 'Duggan Plumbing', NULL, 0, '2024-02-27 03:48:15', '2025-09-04 06:53:22'),
(1354, 'FIMMA Construction', NULL, 0, '2024-02-27 09:25:30', '2025-09-04 06:53:22'),
(1355, 'FIMMA Constructions', NULL, 0, '2024-02-27 09:25:55', '2025-09-04 06:53:22'),
(1356, 'Creations', NULL, 0, '2024-02-27 18:34:27', '2025-09-04 06:53:22'),
(1357, 'skyli', NULL, 0, '2024-02-27 21:20:10', '2025-09-04 06:53:22'),
(1358, 'A.', NULL, 0, '2024-02-27 23:55:22', '2025-09-04 06:53:22'),
(1359, 'A.E.A Ethnic Publishers Pty Ltd ', NULL, 0, '2024-02-27 23:55:36', '2025-09-04 06:53:22'),
(1360, 'Planet ', NULL, 0, '2024-02-28 02:36:56', '2025-09-04 06:53:22'),
(1361, 'Planet Green Project Pty Ltd', NULL, 0, '2024-02-28 02:37:00', '2025-09-04 06:53:22'),
(1362, 'Creation Projects', NULL, 0, '2024-02-28 02:55:51', '2025-09-04 06:53:22'),
(1363, 'ADCO, Hutchinson Builders & Kane Constructions', NULL, 0, '2024-02-28 02:56:49', '2025-09-04 06:53:22'),
(1364, 'ADCO, Hutchinson Builders, Kane Constructions & Building Engineer', NULL, 0, '2024-02-28 03:01:30', '2025-09-04 06:53:22'),
(1365, 'ADCO, Hutchinson Builders, Kane Constructions & Building Engineering', NULL, 0, '2024-02-28 03:01:36', '2025-09-04 06:53:22'),
(1366, 'Maevcon Pty ltd', NULL, 0, '2024-02-28 03:38:57', '2025-09-04 06:53:22'),
(1367, 'ALM ', NULL, 0, '2024-02-28 03:48:23', '2025-09-04 06:53:22'),
(1368, 'Recon Property', NULL, 0, '2024-02-29 03:34:03', '2025-09-04 06:53:22'),
(1369, 'Diamond Builders', NULL, 0, '2024-02-29 18:21:24', '2025-09-04 06:53:22'),
(1370, 'Mr Rakesh Khetarpal', NULL, 0, '2024-02-29 20:05:50', '2025-09-04 06:53:22'),
(1371, 'Dushan Homes', NULL, 0, '2024-03-01 03:42:08', '2025-09-04 06:53:22'),
(1372, 'construct', NULL, 0, '2024-03-03 21:28:25', '2025-09-04 06:53:22'),
(1373, 'SJ Higgins', NULL, 0, '2024-03-04 05:36:52', '2025-09-04 06:53:22'),
(1374, 'sra', NULL, 0, '2024-03-04 17:58:29', '2025-09-04 06:53:22'),
(1375, 'Edgepoint Homes', NULL, 0, '2024-03-04 18:22:02', '2025-09-04 06:53:22'),
(1376, 'SJ Higgins, Melbcon, Jardon Group, Alchemy Construct, Magellan Projects', NULL, 0, '2024-03-05 05:03:37', '2025-09-04 06:53:22'),
(1377, 'New 47 ', NULL, 0, '2024-03-06 00:07:08', '2025-09-04 06:53:22'),
(1378, 'New 47 Pty Ltd ', NULL, 0, '2024-03-06 00:07:20', '2025-09-04 06:53:22'),
(1379, 'Mike Lewis', NULL, 0, '2024-03-06 04:34:09', '2025-09-04 06:53:22'),
(1380, 'Oakhaven Group Pty Ltd', NULL, 0, '2024-03-06 07:41:56', '2025-09-04 06:53:22'),
(1381, 'kotam', NULL, 0, '2024-03-06 18:41:31', '2025-09-04 06:53:22'),
(1382, '2AG ', NULL, 0, '2024-03-06 21:21:04', '2025-09-04 06:53:22'),
(1383, 'Kingdom Construction & Insitu Group', NULL, 0, '2024-03-07 05:24:39', '2025-09-04 06:53:22'),
(1384, 'Sahib Homes Pty Ltd ', NULL, 0, '2024-03-08 00:58:51', '2025-09-04 06:53:22'),
(1385, 'Jem Homes', NULL, 0, '2024-03-08 03:11:36', '2025-09-04 06:53:22'),
(1386, 'Para Constructions Pty Ltd', NULL, 0, '2024-03-10 20:26:52', '2025-09-04 06:53:22'),
(1387, 'Bos Constructions ', NULL, 0, '2024-03-10 20:46:36', '2025-09-04 06:53:22'),
(1388, 'mizo', NULL, 0, '2024-03-11 02:44:39', '2025-09-04 06:53:22'),
(1389, 'Mizo Carpentry', NULL, 0, '2024-03-11 02:44:53', '2025-09-04 06:53:22'),
(1390, 'Reno Con', NULL, 0, '2024-03-12 02:46:32', '2025-09-04 06:53:22'),
(1391, 'Newpol Construction, ', NULL, 0, '2024-03-12 03:11:53', '2025-09-04 06:53:22'),
(1392, 'Newpol Construction, Ark Industrial', NULL, 0, '2024-03-12 03:12:01', '2025-09-04 06:53:22'),
(1393, 'Parkvue Financial Services', NULL, 0, '2024-03-12 21:03:53', '2025-09-04 06:53:22'),
(1394, 'Sevenhill & Co. Pty Ltd', NULL, 0, '2024-03-12 22:56:00', '2025-09-04 06:53:22'),
(1395, 'grace', NULL, 0, '2024-03-12 23:26:56', '2025-09-04 06:53:22'),
(1396, 'Grace Homes', NULL, 0, '2024-03-12 23:27:06', '2025-09-04 06:53:22'),
(1397, 'The Trustee for Brycon Property Group UnitTrust (T/As David Reid Homes - InnerHomes)', NULL, 0, '2024-03-13 01:41:34', '2025-09-04 06:53:22'),
(1398, '2AG Pty Ltd', NULL, 0, '2024-03-13 18:33:50', '2025-09-04 06:53:22'),
(1399, 'clemen', NULL, 0, '2024-03-14 01:45:35', '2025-09-04 06:53:22'),
(1400, 'Rover Projects Pty Ltd', NULL, 0, '2024-03-14 04:20:53', '2025-09-04 06:53:22'),
(1401, 'Gle', NULL, 0, '2024-03-15 02:41:16', '2025-09-04 06:53:22'),
(1402, 'Aone Truss ', NULL, 0, '2024-03-17 22:36:18', '2025-09-04 06:53:22'),
(1403, 'Tara ', NULL, 0, '2024-03-17 23:53:31', '2025-09-04 06:53:22'),
(1404, 'Tara Homes', NULL, 0, '2024-03-17 23:53:36', '2025-09-04 06:53:22'),
(1405, 'aaone', NULL, 0, '2024-03-18 00:37:27', '2025-09-04 06:53:22'),
(1406, 'creaty', NULL, 0, '2024-03-18 01:15:24', '2025-09-04 06:53:22'),
(1407, 'AMS Build Pty Ltd', NULL, 0, '2024-03-18 03:33:45', '2025-09-04 06:53:22'),
(1408, 'Devco Project, Jardon Group, Magellan Projects, Melbcon Pty Ltd, SJ Higgins', NULL, 0, '2024-03-18 03:52:56', '2025-09-04 06:53:22'),
(1409, 'Ireland Brown Construction, McCorkell Constructions, Building Engineering, Monaco Hickey', NULL, 0, '2024-03-18 04:09:31', '2025-09-04 06:53:22'),
(1410, 'Ten Ten Nine', NULL, 0, '2024-03-19 00:27:14', '2025-09-04 06:53:22'),
(1411, '2Construct, APM Group, CICG, McCOLL Smith Projects, SJ Higgins', NULL, 0, '2024-03-19 05:51:02', '2025-09-04 06:53:22'),
(1412, 'co', NULL, 0, '2024-03-19 18:51:40', '2025-09-04 06:53:22'),
(1413, 'MIMOSA', NULL, 0, '2024-03-19 21:31:07', '2025-09-04 06:53:22'),
(1414, 'GR', NULL, 0, '2024-03-20 02:27:28', '2025-09-04 06:53:22'),
(1415, 'New Key', NULL, 0, '2024-03-21 00:11:40', '2025-09-04 06:53:22'),
(1416, 'sidaoui', NULL, 0, '2024-03-21 01:40:11', '2025-09-04 06:53:22'),
(1417, 'hadron', NULL, 0, '2024-03-21 20:06:57', '2025-09-04 06:53:22'),
(1418, 'MEGP Industries Pty Ltd T/As Hadron Building Group ', NULL, 0, '2024-03-21 20:07:11', '2025-09-04 06:53:22'),
(1419, 'uy', NULL, 0, '2024-03-21 22:31:42', '2025-09-04 06:53:22'),
(1420, 'David ', NULL, 0, '2024-03-22 01:14:48', '2025-09-04 06:53:22'),
(1421, 'David Makdessy', NULL, 0, '2024-03-22 01:15:09', '2025-09-04 06:53:22'),
(1422, 'Newpol Construction, ARK Industrial, ', NULL, 0, '2024-03-22 02:26:04', '2025-09-04 06:53:22'),
(1423, 'Newpol Construction, ARK Industrial, Bowden Corporation Pty Ltd', NULL, 0, '2024-03-22 02:26:24', '2025-09-04 06:53:22'),
(1424, 'Tiger Developments', NULL, 0, '2024-03-22 07:57:20', '2025-09-04 06:53:22'),
(1425, 'David Makdessy', NULL, 0, '2024-03-25 00:24:07', '2025-09-04 06:53:22'),
(1426, 'Neo Modern Investment', NULL, 0, '2024-03-25 18:14:42', '2025-09-04 06:53:22'),
(1427, 'Jem', NULL, 0, '2024-03-25 20:24:04', '2025-09-04 06:53:22'),
(1428, 'double ', NULL, 0, '2024-03-25 22:23:54', '2025-09-04 06:53:22'),
(1429, 'Futuristic Homes', NULL, 0, '2024-03-25 22:42:38', '2025-09-04 06:53:22'),
(1430, 'Melissa , Rob', NULL, 0, '2024-03-25 23:39:51', '2025-09-04 06:53:22'),
(1431, '808 Pty Ltd', NULL, 0, '2024-03-25 23:52:49', '2025-09-04 06:53:22'),
(1432, 'Rashmi Group Pty Ltd T/As DuahConsultants', NULL, 0, '2024-03-26 02:01:16', '2025-09-04 06:53:22'),
(1433, 'Orb Development', NULL, 0, '2024-03-26 02:57:09', '2025-09-04 06:53:22'),
(1434, 'sUPER', NULL, 0, '2024-03-26 07:59:18', '2025-09-04 06:53:22'),
(1435, 'Capital Building Group', NULL, 0, '2024-03-26 08:01:38', '2025-09-04 06:53:22'),
(1436, 'Orb Developments Pty Ltd', NULL, 0, '2024-03-26 19:28:43', '2025-09-04 06:53:22'),
(1437, 'newkey', NULL, 0, '2024-03-26 19:30:54', '2025-09-04 06:53:22'),
(1438, 'Amra Construction Pty Ltd ', NULL, 0, '2024-03-26 20:59:03', '2025-09-04 06:53:22'),
(1439, 'Singh , Ziniya', NULL, 0, '2024-03-27 00:33:21', '2025-09-04 06:53:22'),
(1440, 'Figurehead Construction, ', NULL, 0, '2024-03-27 18:50:16', '2025-09-04 06:53:22'),
(1441, 'Figurehead Construction, Balmain & Co, SJ Higgins & Building Engineering', NULL, 0, '2024-03-27 18:50:21', '2025-09-04 06:53:22'),
(1442, 'figurehead con', NULL, 0, '2024-03-27 18:52:28', '2025-09-04 06:53:22'),
(1443, 'Toak Projects', NULL, 0, '2024-03-28 00:21:33', '2025-09-04 06:53:22'),
(1444, 'Ireland Brown, Fairbrother, Kane, Nicholson', NULL, 0, '2024-03-28 02:48:46', '2025-09-04 06:53:22'),
(1445, 'Ekrem Sengul', NULL, 0, '2024-03-28 20:41:42', '2025-09-04 06:53:22'),
(1446, 'Capital Commercial Interiors Pty Ltd ', NULL, 0, '2024-03-31 20:15:53', '2025-09-04 06:53:22'),
(1447, 'zini', NULL, 0, '2024-03-31 23:41:45', '2025-09-04 06:53:22'),
(1448, 'Mussa, Sam', NULL, 0, '2024-04-01 00:50:16', '2025-09-04 06:53:22'),
(1449, 'granda', NULL, 0, '2024-04-01 03:15:12', '2025-09-04 06:53:22'),
(1450, 'Probity Homes', NULL, 0, '2024-04-01 03:25:23', '2025-09-04 06:53:22'),
(1451, 'ireland', NULL, 0, '2024-04-01 05:33:42', '2025-09-04 06:53:22'),
(1452, 'buid', NULL, 0, '2024-04-01 19:12:37', '2025-09-04 06:53:22'),
(1453, 'buildforme', NULL, 0, '2024-04-01 19:12:44', '2025-09-04 06:53:22'),
(1454, 'Hotondo Homes ', NULL, 0, '2024-04-02 01:05:55', '2025-09-04 06:53:22'),
(1455, 'Honghung Enterprises Pty Ltd.', NULL, 0, '2024-04-02 08:14:54', '2025-09-04 06:53:22'),
(1456, 'jio', NULL, 0, '2024-04-02 18:18:05', '2025-09-04 06:53:22'),
(1457, 'Pro Image Plaster', NULL, 0, '2024-04-03 03:27:37', '2025-09-04 06:53:22'),
(1458, 'Langdon Building', NULL, 0, '2024-04-03 22:13:11', '2025-09-04 06:53:22'),
(1459, 'mater', NULL, 0, '2024-04-03 23:12:22', '2025-09-04 06:53:22'),
(1460, 'anio', NULL, 0, '2024-04-04 00:50:00', '2025-09-04 06:53:22'),
(1461, 'Midson Construction Pty Ltd', NULL, 0, '2024-04-04 02:52:51', '2025-09-04 06:53:22'),
(1462, 'VAA', NULL, 0, '2024-04-04 23:55:48', '2025-09-04 06:53:22'),
(1463, 'Figurehead Construction', NULL, 0, '2024-04-05 03:27:50', '2025-09-04 06:53:22'),
(1464, 'Becon Constructions, Insitu Group Pty Ltd, Newpol Construction', NULL, 0, '2024-04-05 03:30:17', '2025-09-04 06:53:22'),
(1465, 'Balmain & Co, ', NULL, 0, '2024-04-05 03:31:23', '2025-09-04 06:53:22'),
(1466, 'Balmain & Co, Building Engineering', NULL, 0, '2024-04-05 03:31:30', '2025-09-04 06:53:22'),
(1467, 'Balmain & Co, Building Engineering, Figurehead Construction, ', NULL, 0, '2024-04-05 03:31:47', '2025-09-04 06:53:22'),
(1468, 'Balmain & Co, Building Engineering, Figurehead Construction, SJ Higgins Group', NULL, 0, '2024-04-05 03:31:57', '2025-09-04 06:53:22'),
(1469, 'Image Homes', NULL, 0, '2024-04-05 07:52:27', '2025-09-04 06:53:22'),
(1470, 'Lu, Anne', NULL, 0, '2024-04-05 07:52:54', '2025-09-04 06:53:22'),
(1471, 'cordial', NULL, 0, '2024-04-07 19:10:35', '2025-09-04 06:53:22'),
(1472, 'oakhavew', NULL, 0, '2024-04-07 19:48:16', '2025-09-04 06:53:22'),
(1473, 'proj8 Contructions', NULL, 0, '2024-04-07 20:14:51', '2025-09-04 06:53:22'),
(1474, 'Lindsay , Chris', NULL, 0, '2024-04-07 23:29:48', '2025-09-04 06:53:22'),
(1475, 'RPL Construction, Carelli Construction, SJ Higgins', NULL, 0, '2024-04-08 04:08:34', '2025-09-04 06:53:22'),
(1476, 'highline', NULL, 0, '2024-04-08 04:10:35', '2025-09-04 06:53:22'),
(1477, 'Highline Living', NULL, 0, '2024-04-08 04:10:40', '2025-09-04 06:53:22'),
(1478, 'The Trustee for M & P Taouk Unit Trust ', NULL, 0, '2024-04-08 19:51:18', '2025-09-04 06:53:22'),
(1479, 'Constructions ', NULL, 0, '2024-04-08 23:06:54', '2025-09-04 06:53:22'),
(1480, 'Constructions Company Aust', NULL, 0, '2024-04-08 23:07:07', '2025-09-04 06:53:22'),
(1481, 'clement', NULL, 0, '2024-04-08 23:17:23', '2025-09-04 06:53:22'),
(1482, 'ORb', NULL, 0, '2024-04-08 23:53:20', '2025-09-04 06:53:22'),
(1483, '-, Angelo', NULL, 0, '2024-04-09 01:19:42', '2025-09-04 06:53:22'),
(1484, 'La Pearl Homes', NULL, 0, '2024-04-09 02:18:03', '2025-09-04 06:53:22'),
(1485, 'Aaustralian Home Dreams Pty Ltd', NULL, 0, '2024-04-11 21:34:07', '2025-09-04 06:53:22'),
(1486, 'gogi', NULL, 0, '2024-04-14 21:36:38', '2025-09-04 06:53:22'),
(1487, 'sawa', NULL, 0, '2024-04-14 21:36:52', '2025-09-04 06:53:22'),
(1488, 'Gogi Sarwara', NULL, 0, '2024-04-14 21:37:25', '2025-09-04 06:53:22'),
(1489, 'm', NULL, 0, '2024-04-15 03:02:13', '2025-09-04 06:53:22'),
(1490, 'Anne', NULL, 0, '2024-04-15 04:14:03', '2025-09-04 06:53:22'),
(1491, 'Prof8 Construction', NULL, 0, '2024-04-15 04:14:10', '2025-09-04 06:53:22'),
(1492, 'Anne Lu', NULL, 0, '2024-04-15 04:14:16', '2025-09-04 06:53:22'),
(1493, 'Nagra, JT Singh', NULL, 0, '2024-04-15 19:18:55', '2025-09-04 06:53:22'),
(1494, 'Lence Parevska', NULL, 0, '2024-04-15 22:14:47', '2025-09-04 06:53:22'),
(1495, 'MBR Group', NULL, 0, '2024-04-15 22:16:40', '2025-09-04 06:53:22'),
(1496, 'Australian Home Dreams Pty Ltd', NULL, 0, '2024-04-16 01:05:58', '2025-09-04 06:53:22'),
(1497, 'Eco Sure', NULL, 0, '2024-04-16 01:45:03', '2025-09-04 06:53:22'),
(1498, 'Eco-Sure Homes', NULL, 0, '2024-04-16 01:45:17', '2025-09-04 06:53:22'),
(1499, 'MK Construction', NULL, 0, '2024-04-16 08:52:17', '2025-09-04 06:53:22'),
(1500, 'The Trustee for M & P Taouk Unit Trust', NULL, 0, '2024-04-17 02:58:15', '2025-09-04 06:53:22'),
(1501, 'ARK Industrial, BLR Provincial Construction', NULL, 0, '2024-04-17 04:05:42', '2025-09-04 06:53:22'),
(1502, 'Sandy Webster', NULL, 0, '2024-04-17 04:57:59', '2025-09-04 06:53:22'),
(1503, 'fly', NULL, 0, '2024-04-17 23:39:24', '2025-09-04 06:53:22'),
(1504, 'Flyod Dalling Developments Pty Ltd ', NULL, 0, '2024-04-17 23:39:40', '2025-09-04 06:53:22'),
(1505, 'W', NULL, 0, '2024-04-18 02:06:34', '2025-09-04 06:53:22'),
(1506, 'iconi', NULL, 0, '2024-04-18 03:04:24', '2025-09-04 06:53:22'),
(1507, 'The Trustee for Iconic Trust T/As IconicEngineering Australia', NULL, 0, '2024-04-18 03:05:01', '2025-09-04 06:53:22'),
(1508, 'The Trustee for Iconic Trust T/As IconicEngineering Australia', NULL, 0, '2024-04-18 08:05:05', '2025-09-04 06:53:22'),
(1509, 'Hunghong Enterprises Pty Ltd', NULL, 0, '2024-04-19 00:54:26', '2025-09-04 06:53:22'),
(1510, 'midso', NULL, 0, '2024-04-19 04:00:10', '2025-09-04 06:53:22'),
(1511, 'Matrix Designer Builder', NULL, 0, '2024-04-19 08:51:10', '2025-09-04 06:53:22'),
(1512, 'Truffo Building Corporation', NULL, 0, '2024-04-19 08:51:56', '2025-09-04 06:53:22'),
(1513, 'ph house', NULL, 0, '2024-04-22 03:37:51', '2025-09-04 06:53:22'),
(1514, 'Daniel Sousa', NULL, 0, '2024-04-22 08:00:20', '2025-09-04 06:53:22'),
(1515, 'The Trustee for Truffo Discretionary Trust T/As Truffo Building Corporation Pty Ltd ', NULL, 0, '2024-04-22 20:18:07', '2025-09-04 06:53:22'),
(1516, 'Enable Group', NULL, 0, '2024-04-23 01:28:20', '2025-09-04 06:53:22'),
(1517, 'jnx', NULL, 0, '2024-04-23 01:36:32', '2025-09-04 06:53:22'),
(1518, 'Gagan', NULL, 0, '2024-04-23 01:37:02', '2025-09-04 06:53:22'),
(1519, 'Gagandeep Bhangu', NULL, 0, '2024-04-23 01:37:15', '2025-09-04 06:53:22'),
(1520, 'gd ', NULL, 0, '2024-04-23 02:24:38', '2025-09-04 06:53:22'),
(1521, 'ARC3, Cobild, Maben Group', NULL, 0, '2024-04-23 04:51:29', '2025-09-04 06:53:22'),
(1522, 'Windrock Group', NULL, 0, '2024-04-23 04:54:39', '2025-09-04 06:53:22'),
(1523, 'NewGen Projects', NULL, 0, '2024-04-23 09:39:01', '2025-09-04 06:53:22'),
(1524, 'Lunja Sam', NULL, 0, '2024-04-23 23:53:25', '2025-09-04 06:53:22'),
(1525, 'grandeur', NULL, 0, '2024-04-24 00:57:58', '2025-09-04 06:53:22'),
(1526, 'paramount', NULL, 0, '2024-04-24 03:36:44', '2025-09-04 06:53:22'),
(1527, 'Paramount Living', NULL, 0, '2024-04-24 03:37:08', '2025-09-04 06:53:22'),
(1528, 'un', NULL, 0, '2024-04-24 06:23:00', '2025-09-04 06:53:22'),
(1529, 'Prep Projects', NULL, 0, '2024-04-24 08:12:20', '2025-09-04 06:53:22'),
(1530, 'Enable', NULL, 0, '2024-04-24 08:13:22', '2025-09-04 06:53:22'),
(1531, 'Pep Projects Pty Ltd', NULL, 0, '2024-04-24 20:17:29', '2025-09-04 06:53:22'),
(1532, 'd', NULL, 0, '2024-04-24 21:27:35', '2025-09-04 06:53:22'),
(1533, 'NewpolARK IndustrialBowden Corporation', NULL, 0, '2024-04-25 01:07:36', '2025-09-04 06:53:22'),
(1534, 'Lee Group Constructions', NULL, 0, '2024-04-25 01:30:37', '2025-09-04 06:53:22'),
(1535, 'Ryland Homes', NULL, 0, '2024-04-25 02:02:35', '2025-09-04 06:53:22'),
(1536, 'Zia Qamar', NULL, 0, '2024-04-25 02:48:54', '2025-09-04 06:53:22'),
(1537, 'J & Z Designer', NULL, 0, '2024-04-25 19:16:18', '2025-09-04 06:53:22'),
(1538, 'mimo', NULL, 0, '2024-04-26 02:57:54', '2025-09-04 06:53:22'),
(1539, 'para', NULL, 0, '2024-04-26 02:58:05', '2025-09-04 06:53:22'),
(1540, 'Wolle', NULL, 0, '2024-04-26 07:53:21', '2025-09-04 06:53:22'),
(1541, 'lg build', NULL, 0, '2024-04-29 03:11:53', '2025-09-04 06:53:22'),
(1542, 'zia', NULL, 0, '2024-04-29 22:59:57', '2025-09-04 06:53:22'),
(1543, 'Major Projects Management Pty Ltd', NULL, 0, '2024-04-30 21:48:18', '2025-09-04 06:53:22'),
(1544, 'Ascon Project, Black Sheep Construct, Buildcore Group, Circon Constructions, Cobolt Constructions Pt', NULL, 0, '2024-05-01 04:23:55', '2025-09-04 06:53:22'),
(1545, 'Isailah Chagumaira', NULL, 0, '2024-05-01 23:07:01', '2025-09-04 06:53:22'),
(1546, 'Alchemy Construct, Devco Project', NULL, 0, '2024-05-02 03:19:54', '2025-09-04 06:53:22'),
(1547, 'Alchemy Construct, Devco Project & Construction Management, ', NULL, 0, '2024-05-02 03:20:01', '2025-09-04 06:53:22'),
(1548, 'Alchemy Construct, Devco Project & Construction Management, SJ Higgins Group', NULL, 0, '2024-05-02 03:20:10', '2025-09-04 06:53:22'),
(1549, '2Construct, ', NULL, 0, '2024-05-02 03:20:20', '2025-09-04 06:53:22'),
(1550, '2Construct, Commercial Industrial Construction Group (CICG), ', NULL, 0, '2024-05-02 03:20:32', '2025-09-04 06:53:22'),
(1551, '2Construct, Commercial Industrial Construction Group (CICG), Melbcon Pty Ltd', NULL, 0, '2024-05-02 03:20:40', '2025-09-04 06:53:22'),
(1552, 'H. Troon Construction & Developments, ', NULL, 0, '2024-05-02 03:21:37', '2025-09-04 06:53:22'),
(1553, 'H. Troon Construction & Developments, McCorkell Constructions, ', NULL, 0, '2024-05-02 03:21:43', '2025-09-04 06:53:22'),
(1554, 'H. Troon Construction & Developments, McCorkell Constructions, Nicholson Construction, ', NULL, 0, '2024-05-02 03:21:50', '2025-09-04 06:53:22'),
(1555, 'H. Troon Construction & Developments, McCorkell Constructions, Nicholson Construction, Plan Group', NULL, 0, '2024-05-02 03:21:54', '2025-09-04 06:53:22'),
(1556, 'Carelli Constructions, ', NULL, 0, '2024-05-02 03:22:13', '2025-09-04 06:53:22'),
(1557, 'Carelli Constructions, Cobolt Constructions Pty Ltd, ', NULL, 0, '2024-05-02 03:22:20', '2025-09-04 06:53:22'),
(1558, 'Carelli Constructions, Cobolt Constructions Pty Ltd, Insitu Group Pty Ltd ', NULL, 0, '2024-05-02 03:22:27', '2025-09-04 06:53:22'),
(1559, '6PM', NULL, 0, '2024-05-02 03:52:16', '2025-09-04 06:53:22'),
(1560, '6PM Construction Management', NULL, 0, '2024-05-02 03:52:48', '2025-09-04 06:53:22'),
(1561, 'edge', NULL, 0, '2024-05-02 04:20:40', '2025-09-04 06:53:22'),
(1562, 'H. Troon Construction & Developments, Mc Corkell Constructions, Nicholson Construction, Plan Group', NULL, 0, '2024-05-02 04:37:26', '2025-09-04 06:53:22'),
(1563, 'Ascon Project, Black Sheep Construct, Buildcore Group, Circon Constructions, Cobolt Constructions Pt', NULL, 0, '2024-05-02 04:39:49', '2025-09-04 06:53:22'),
(1564, 'Alc', NULL, 0, '2024-05-02 04:40:21', '2025-09-04 06:53:22'),
(1565, 'alexsander karistik', NULL, 0, '2024-05-02 20:01:01', '2025-09-04 06:53:22'),
(1566, 'Nicon Building', NULL, 0, '2024-05-02 20:22:10', '2025-09-04 06:53:22'),
(1567, 'H.', NULL, 0, '2024-05-03 05:58:23', '2025-09-04 06:53:22'),
(1568, 'Dulger Homes', NULL, 0, '2024-05-03 10:55:06', '2025-09-04 06:53:22'),
(1569, 'Built Environs (VIC), ', NULL, 0, '2024-05-05 19:44:16', '2025-09-04 06:53:22'),
(1570, 'Built Environs (VIC), Monaco Hickey Group Pty Ltd, ', NULL, 0, '2024-05-05 19:44:22', '2025-09-04 06:53:22'),
(1571, 'Built Environs (VIC), Monaco Hickey Group Pty Ltd, SJ Higgins Group', NULL, 0, '2024-05-05 19:44:26', '2025-09-04 06:53:22'),
(1572, 'la ', NULL, 0, '2024-05-05 20:15:52', '2025-09-04 06:53:22'),
(1573, 'Luxor Living', NULL, 0, '2024-05-06 03:05:41', '2025-09-04 06:53:22'),
(1574, 'Gary', NULL, 0, '2024-05-06 03:05:49', '2025-09-04 06:53:22'),
(1575, 'Dhilon Homes', NULL, 0, '2024-05-06 03:05:58', '2025-09-04 06:53:22'),
(1576, 'parkvue', NULL, 0, '2024-05-06 03:09:44', '2025-09-04 06:53:22'),
(1577, '2construct', NULL, 0, '2024-05-06 05:10:54', '2025-09-04 06:53:22'),
(1578, 'Evve Group', NULL, 0, '2024-05-06 06:32:18', '2025-09-04 06:53:22'),
(1579, 'alchem', NULL, 0, '2024-05-06 06:33:32', '2025-09-04 06:53:22'),
(1580, 'LG Builder', NULL, 0, '2024-05-06 20:08:39', '2025-09-04 06:53:22'),
(1581, 'Neverstop', NULL, 0, '2024-05-07 01:48:02', '2025-09-04 06:53:22'),
(1582, 'melwide', NULL, 0, '2024-05-07 22:30:48', '2025-09-04 06:53:22'),
(1583, 'melwid', NULL, 0, '2024-05-07 22:30:51', '2025-09-04 06:53:22'),
(1584, 'Steven Barber', NULL, 0, '2024-05-08 03:38:12', '2025-09-04 06:53:22'),
(1585, 'Ben Greene', NULL, 0, '2024-05-08 04:47:24', '2025-09-04 06:53:22'),
(1586, 'Galaxy Family Homes', NULL, 0, '2024-05-08 08:13:55', '2025-09-04 06:53:22'),
(1587, '2cons', NULL, 0, '2024-05-08 22:45:24', '2025-09-04 06:53:22'),
(1588, 'prett', NULL, 0, '2024-05-09 01:46:12', '2025-09-04 06:53:22'),
(1589, 'The Trustee for Grandeur Homes Trust T/As', NULL, 0, '2024-05-09 02:04:53', '2025-09-04 06:53:22'),
(1590, 'Monaco Hickey, Building Engineering, Ireland Brown Construction', NULL, 0, '2024-05-09 23:26:26', '2025-09-04 06:53:22'),
(1591, 'The Trustee for X-Press', NULL, 0, '2024-05-10 00:06:31', '2025-09-04 06:53:22'),
(1592, 'Thinkpods Pty Ltd', NULL, 0, '2024-05-10 01:01:54', '2025-09-04 06:53:22'),
(1593, 'The Trustee for BLV Unit Trust', NULL, 0, '2024-05-10 04:31:19', '2025-09-04 06:53:22'),
(1594, 'Ajay Verma', NULL, 0, '2024-05-10 04:34:47', '2025-09-04 06:53:22'),
(1595, 'Domestic Residential', NULL, 0, '2024-05-10 04:44:32', '2025-09-04 06:53:22'),
(1596, 'beau', NULL, 0, '2024-05-10 04:45:06', '2025-09-04 06:53:22'),
(1597, 'Stefan Callea', NULL, 0, '2024-05-10 04:45:22', '2025-09-04 06:53:22'),
(1598, 'Ikon', NULL, 0, '2024-05-13 00:26:08', '2025-09-04 06:53:22'),
(1599, 'The Trustee for X-Press Homes Unit Trust T/As Ikon Homes ', NULL, 0, '2024-05-13 00:26:24', '2025-09-04 06:53:22'),
(1600, 'Tania Maiolo', NULL, 0, '2024-05-13 01:09:31', '2025-09-04 06:53:22'),
(1601, 'J&', NULL, 0, '2024-05-13 01:18:32', '2025-09-04 06:53:22'),
(1602, 'granjd con', NULL, 0, '2024-05-13 02:35:36', '2025-09-04 06:53:22'),
(1603, 'mare', NULL, 0, '2024-05-13 03:03:33', '2025-09-04 06:53:22'),
(1604, 'Morewe', NULL, 0, '2024-05-13 03:03:49', '2025-09-04 06:53:22'),
(1605, 'j &S', NULL, 0, '2024-05-13 04:05:39', '2025-09-04 06:53:22'),
(1606, 'j & S', NULL, 0, '2024-05-13 04:05:50', '2025-09-04 06:53:22'),
(1607, 'Luv Homes', NULL, 0, '2024-05-13 19:45:01', '2025-09-04 06:53:22'),
(1608, 'me', NULL, 0, '2024-05-13 19:55:55', '2025-09-04 06:53:22'),
(1609, 'camillo', NULL, 0, '2024-05-13 23:11:21', '2025-09-04 06:53:22'),
(1610, 'Ezy Homes', NULL, 0, '2024-05-14 03:33:57', '2025-09-04 06:53:22'),
(1611, 'Monaco Hickey Group Pty Ltd', NULL, 0, '2024-05-14 03:54:01', '2025-09-04 06:53:22'),
(1612, 'Monaco Hickey', NULL, 0, '2024-05-14 05:49:37', '2025-09-04 06:53:22'),
(1613, 'Pearl Design Homes', NULL, 0, '2024-05-14 10:08:58', '2025-09-04 06:53:22'),
(1614, 'galaxy', NULL, 0, '2024-05-14 21:56:19', '2025-09-04 06:53:22'),
(1615, 'nova', NULL, 0, '2024-05-14 22:26:35', '2025-09-04 06:53:22'),
(1616, 'Monaco Hickey roup Pty Ltd, SJ Higgins', NULL, 0, '2024-05-14 23:48:47', '2025-09-04 06:53:22'),
(1617, 'SARABJEET', NULL, 0, '2024-05-15 02:59:28', '2025-09-04 06:53:22'),
(1618, 'Mr Sarabjeet Singh', NULL, 0, '2024-05-15 02:59:33', '2025-09-04 06:53:22'),
(1619, 'Iconic Engineering', NULL, 0, '2024-05-15 23:58:22', '2025-09-04 06:53:22'),
(1620, 'proj', NULL, 0, '2024-05-16 01:31:22', '2025-09-04 06:53:22'),
(1621, 'Jardon Group, Magellan Projects, Melbcon Pty Ltd, SJ Higgins', NULL, 0, '2024-05-16 03:48:16', '2025-09-04 06:53:22'),
(1622, 'ss', NULL, 0, '2024-05-16 03:59:49', '2025-09-04 06:53:22'),
(1623, 'ACB Construction', NULL, 0, '2024-05-16 10:26:11', '2025-09-04 06:53:22'),
(1624, 'Min ', NULL, 0, '2024-05-16 10:27:13', '2025-09-04 06:53:22'),
(1625, 'PH Consulting and Management Pty Ltd ', NULL, 0, '2024-05-16 10:27:24', '2025-09-04 06:53:22'),
(1626, 'PH Consulting and Management Pty Ltd', NULL, 0, '2024-05-16 10:27:31', '2025-09-04 06:53:22'),
(1627, 'H. Troon Construction & Developments, Mc Corkell Constructions, Plan Group', NULL, 0, '2024-05-16 20:56:38', '2025-09-04 06:53:22'),
(1628, 'taok', NULL, 0, '2024-05-16 23:02:23', '2025-09-04 06:53:22'),
(1629, 'Taouk', NULL, 0, '2024-05-16 23:02:38', '2025-09-04 06:53:22'),
(1630, 'nsm', NULL, 0, '2024-05-17 01:47:40', '2025-09-04 06:53:22'),
(1631, '9', NULL, 0, '2024-05-17 04:03:52', '2025-09-04 06:53:22'),
(1632, 'Matrix Des', NULL, 0, '2024-05-17 04:24:50', '2025-09-04 06:53:22'),
(1633, 'Newpol ConsstructionAPM GroupBuxton ConstructionMelbcon Pty LtdEPS Plumbing', NULL, 0, '2024-05-20 01:29:46', '2025-09-04 06:53:22'),
(1634, 'Building Engineering', NULL, 0, '2024-05-20 02:41:33', '2025-09-04 06:53:22'),
(1635, 'MMSC Telstra ', NULL, 0, '2024-05-21 01:25:43', '2025-09-04 06:53:22'),
(1636, 'H. Troon Construction & Developments, McCorkell Constructions, Plan Group', NULL, 0, '2024-05-21 02:45:20', '2025-09-04 06:53:22'),
(1637, 'Prime Global Homes', NULL, 0, '2024-05-21 03:31:48', '2025-09-04 06:53:22'),
(1638, 'monaco', NULL, 0, '2024-05-21 04:06:36', '2025-09-04 06:53:22'),
(1639, 'major', NULL, 0, '2024-05-21 04:34:06', '2025-09-04 06:53:22'),
(1640, 'Chester Homes', NULL, 0, '2024-05-21 16:01:25', '2025-09-04 06:53:22'),
(1641, 'sab', NULL, 0, '2024-05-21 20:00:01', '2025-09-04 06:53:22'),
(1642, 'Infinit', NULL, 0, '2024-05-21 22:24:32', '2025-09-04 06:53:22'),
(1643, 'citi co', NULL, 0, '2024-05-22 00:02:33', '2025-09-04 06:53:22'),
(1644, 'dulge', NULL, 0, '2024-05-22 02:01:18', '2025-09-04 06:53:22'),
(1645, 'Alchemy Construct, SJ Higgins Group', NULL, 0, '2024-05-22 03:33:19', '2025-09-04 06:53:22'),
(1646, 'Nicholson Construction', NULL, 0, '2024-05-22 04:06:08', '2025-09-04 06:53:22'),
(1647, 'Builder', NULL, 0, '2024-05-22 17:17:32', '2025-09-04 06:53:22'),
(1648, 'PYP Constructions Pty Ltd (T/AS RiserBespoke Builders)', NULL, 0, '2024-05-22 19:48:17', '2025-09-04 06:53:22'),
(1649, 'Mezza', NULL, 0, '2024-05-23 02:27:24', '2025-09-04 06:53:22'),
(1650, 'A&J Complete Builders', NULL, 0, '2024-05-24 01:11:04', '2025-09-04 06:53:22'),
(1651, 'rayman', NULL, 0, '2024-05-26 22:26:06', '2025-09-04 06:53:22'),
(1652, 'a&j ', NULL, 0, '2024-05-26 22:36:58', '2025-09-04 06:53:22'),
(1653, 'Jashari Alim', NULL, 0, '2024-05-27 01:51:48', '2025-09-04 06:53:22'),
(1654, 'Minicon Construction', NULL, 0, '2024-05-27 03:29:52', '2025-09-04 06:53:22'),
(1655, 'macdonald&co', NULL, 0, '2024-05-27 04:39:28', '2025-09-04 06:53:22'),
(1656, 'Dhillon Homes', NULL, 0, '2024-05-27 17:26:31', '2025-09-04 06:53:22'),
(1657, 'persp', NULL, 0, '2024-05-27 20:38:30', '2025-09-04 06:53:22'),
(1658, 'Prespective design', NULL, 0, '2024-05-27 20:39:14', '2025-09-04 06:53:22'),
(1659, 'touk', NULL, 0, '2024-05-27 22:30:48', '2025-09-04 06:53:22'),
(1660, 'H. Troon Construction & Developments', NULL, 0, '2024-05-28 04:32:01', '2025-09-04 06:53:22'),
(1661, 'Buildstrong Builders Pty Ltd ', NULL, 0, '2024-05-28 18:58:24', '2025-09-04 06:53:22'),
(1662, 'mccorke', NULL, 0, '2024-05-29 02:39:03', '2025-09-04 06:53:22'),
(1663, 'McCorkell ', NULL, 0, '2024-05-29 02:39:10', '2025-09-04 06:53:22'),
(1664, 'McCorkell Constructions', NULL, 0, '2024-05-29 02:39:16', '2025-09-04 06:53:22'),
(1665, 'Tuskar Constructions Pty Ltd', NULL, 0, '2024-05-29 03:44:35', '2025-09-04 06:53:22'),
(1666, 'Jam Group Australia', NULL, 0, '2024-05-30 01:28:14', '2025-09-04 06:53:22'),
(1667, 'The Trustee for Rajvansh', NULL, 0, '2024-05-30 02:57:04', '2025-09-04 06:53:22'),
(1668, 'Finney Construction', NULL, 0, '2024-05-30 03:02:33', '2025-09-04 06:53:22'),
(1669, 'Fasone Group', NULL, 0, '2024-05-30 05:24:02', '2025-09-04 06:53:22'),
(1670, 'KZ Homes Pty Ltd ', NULL, 0, '2024-05-30 21:15:33', '2025-09-04 06:53:22'),
(1671, 'TA & VA Pty Ltd T/As Golden Haven Homes', NULL, 0, '2024-05-30 23:04:05', '2025-09-04 06:53:22'),
(1672, 'mazz', NULL, 0, '2024-05-30 23:28:06', '2025-09-04 06:53:22'),
(1673, 'mca', NULL, 0, '2024-05-31 02:18:55', '2025-09-04 06:53:22'),
(1674, 'civ', NULL, 0, '2024-05-31 03:01:51', '2025-09-04 06:53:22'),
(1675, 'Zain Homes', NULL, 0, '2024-05-31 03:32:57', '2025-09-04 06:53:22'),
(1676, 'TA & VA pty', NULL, 0, '2024-05-31 03:33:09', '2025-09-04 06:53:22'),
(1677, 'TA & VA Pty Ltd', NULL, 0, '2024-05-31 03:33:17', '2025-09-04 06:53:22'),
(1678, 'Mc Corkell Constructions, Monaco Hickey, Building E', NULL, 0, '2024-05-31 03:50:00', '2025-09-04 06:53:22'),
(1679, 'Mc Corkell Constructions, Monaco Hickey, Building Engineering, Ireland Brown Construction', NULL, 0, '2024-05-31 03:50:36', '2025-09-04 06:53:22'),
(1680, 'Lobo, Adrian', NULL, 0, '2024-06-01 07:17:07', '2025-09-04 06:53:22'),
(1681, 'Tandem Building Group', NULL, 0, '2024-06-02 21:04:15', '2025-09-04 06:53:22'),
(1682, 'Jardon', NULL, 0, '2024-06-03 01:42:54', '2025-09-04 06:53:22'),
(1683, 'Jardon Group, Magellan Projects', NULL, 0, '2024-06-03 01:43:10', '2025-09-04 06:53:22'),
(1684, 'Fairbrother Victoria, ', NULL, 0, '2024-06-03 01:57:08', '2025-09-04 06:53:22'),
(1685, 'Fairbrother Victoria, FIMMA Constructions, ', NULL, 0, '2024-06-03 01:57:14', '2025-09-04 06:53:22'),
(1686, 'Fairbrother Victoria, FIMMA Constructions, Monaco Hickey Group Pty Ltd, ', NULL, 0, '2024-06-03 01:57:21', '2025-09-04 06:53:22'),
(1687, 'Fairbrother Victoria, FIMMA Constructions, Monaco Hickey Group Pty Ltd, Newpol Construction', NULL, 0, '2024-06-03 01:57:26', '2025-09-04 06:53:22'),
(1688, 'Abdul Malik Rayan', NULL, 0, '2024-06-03 03:37:17', '2025-09-04 06:53:22'),
(1689, 'Elite Custom', NULL, 0, '2024-06-03 03:49:34', '2025-09-04 06:53:22'),
(1690, 'Mc Corke', NULL, 0, '2024-06-03 04:27:40', '2025-09-04 06:53:22'),
(1691, 'KZ Homes Pty Ltd', NULL, 0, '2024-06-03 18:27:47', '2025-09-04 06:53:22'),
(1692, 'Backman', NULL, 0, '2024-06-04 02:40:44', '2025-09-04 06:53:22'),
(1693, 'TA and VA Pty Ltd.', NULL, 0, '2024-06-04 03:13:00', '2025-09-04 06:53:22'),
(1694, 'TA & VA Pty Ltd T/As Golden Haven Ho', NULL, 0, '2024-06-04 03:13:07', '2025-09-04 06:53:22'),
(1695, 'Austrux', NULL, 0, '2024-06-04 21:52:07', '2025-09-04 06:53:22'),
(1696, 'Docon Group', NULL, 0, '2024-06-05 01:57:28', '2025-09-04 06:53:22'),
(1697, 'Docon Group Pty Ltd', NULL, 0, '2024-06-05 01:57:35', '2025-09-04 06:53:22'),
(1698, 'Blue Sky Development', NULL, 0, '2024-06-05 02:44:02', '2025-09-04 06:53:22'),
(1699, 'Amber Mark Pty Ltd', NULL, 0, '2024-06-06 01:52:12', '2025-09-04 06:53:22'),
(1700, 'guntu', NULL, 0, '2024-06-06 02:56:19', '2025-09-04 06:53:22'),
(1701, 'The Trustee for Guntupalli Family Trust T/As Clement Family Homes ', NULL, 0, '2024-06-06 02:56:29', '2025-09-04 06:53:22'),
(1702, 'Foru Homes', NULL, 0, '2024-06-06 17:43:14', '2025-09-04 06:53:22'),
(1703, 'Carlton Homes Pty Ltd', NULL, 0, '2024-06-07 01:05:57', '2025-09-04 06:53:22'),
(1704, 'Zaid Ozmen', NULL, 0, '2024-06-07 18:17:21', '2025-09-04 06:53:22'),
(1705, 'Vince Chillico', NULL, 0, '2024-06-09 21:49:22', '2025-09-04 06:53:22'),
(1706, '2339', NULL, 0, '2024-06-10 22:13:27', '2025-09-04 06:53:22'),
(1707, 'vish ', NULL, 0, '2024-06-10 22:39:53', '2025-09-04 06:53:22'),
(1708, 'Natri C', NULL, 0, '2024-06-11 03:44:02', '2025-09-04 06:53:22'),
(1709, 'The Trustee for Iconic Trust T/As Iconic Engineering Australia', NULL, 0, '2024-06-11 18:46:23', '2025-09-04 06:53:22'),
(1710, 'Michael', NULL, 0, '2024-06-11 18:46:37', '2025-09-04 06:53:22'),
(1711, '-,Michael', NULL, 0, '2024-06-11 18:46:45', '2025-09-04 06:53:22'),
(1712, 'sgrd', NULL, 0, '2024-06-11 21:52:34', '2025-09-04 06:53:22'),
(1713, 'SGRD Construction Group Pty Ltd ', NULL, 0, '2024-06-11 21:52:53', '2025-09-04 06:53:22'),
(1714, 'Cumberland Project Mangement T/As Better Living Group ', NULL, 0, '2024-06-11 23:48:38', '2025-09-04 06:53:22'),
(1715, 'Millionaire Homes', NULL, 0, '2024-06-12 00:13:11', '2025-09-04 06:53:22'),
(1716, 'Mcdonald', NULL, 0, '2024-06-12 06:36:04', '2025-09-04 06:53:22'),
(1717, 'Mcdonalds ', NULL, 0, '2024-06-12 06:36:13', '2025-09-04 06:53:22'),
(1718, 'Mcdonald & ', NULL, 0, '2024-06-12 06:36:36', '2025-09-04 06:53:22'),
(1719, 'Mcdonald & Co', NULL, 0, '2024-06-12 06:36:46', '2025-09-04 06:53:22'),
(1720, 'khals', NULL, 0, '2024-06-12 19:31:18', '2025-09-04 06:53:22'),
(1721, 'Thomas Moussa', NULL, 0, '2024-06-13 01:44:41', '2025-09-04 06:53:22'),
(1722, 'mann', NULL, 0, '2024-06-13 03:35:36', '2025-09-04 06:53:22'),
(1723, 'Mann Construction', NULL, 0, '2024-06-14 03:29:36', '2025-09-04 06:53:22'),
(1724, 'Ansel Homes', NULL, 0, '2024-06-18 02:04:08', '2025-09-04 06:53:22'),
(1725, 'Ansel Home', NULL, 0, '2024-06-18 03:24:21', '2025-09-04 06:53:22'),
(1726, 'Ozcan Construction Group Pty Ltd ', NULL, 0, '2024-06-18 22:16:59', '2025-09-04 06:53:22'),
(1727, 'modc', NULL, 0, '2024-06-19 03:25:23', '2025-09-04 06:53:22'),
(1728, 'Modcon Projects', NULL, 0, '2024-06-19 03:25:27', '2025-09-04 06:53:22'),
(1729, 'Haos proct', NULL, 0, '2024-06-19 03:53:41', '2025-09-04 06:53:22'),
(1730, 'Ansel Holdings', NULL, 0, '2024-06-19 18:42:10', '2025-09-04 06:53:22'),
(1731, 'ozca', NULL, 0, '2024-06-19 23:28:14', '2025-09-04 06:53:22'),
(1732, 'Haos Projects', NULL, 0, '2024-06-21 07:44:49', '2025-09-04 06:53:22'),
(1733, 'Simon Symeoy', NULL, 0, '2024-06-23 21:57:03', '2025-09-04 06:53:22'),
(1734, 'arkop', NULL, 0, '2024-06-25 01:30:04', '2025-09-04 06:53:22'),
(1735, 'Arkcorp ', NULL, 0, '2024-06-25 01:30:16', '2025-09-04 06:53:22'),
(1736, 'Arkcorp Projects Pty Ltd ', NULL, 0, '2024-06-25 01:30:25', '2025-09-04 06:53:22'),
(1737, 'Dabotek Homes', NULL, 0, '2024-06-25 02:12:00', '2025-09-04 06:53:22'),
(1738, 'Dobotek Homes Pty Ltd', NULL, 0, '2024-06-25 03:41:56', '2025-09-04 06:53:22'),
(1739, 'syme', NULL, 0, '2024-06-25 21:24:16', '2025-09-04 06:53:22'),
(1740, 'Buil', NULL, 0, '2024-06-27 09:33:34', '2025-09-04 06:53:22'),
(1741, 'Homes Pty Ltd', NULL, 0, '2024-06-27 18:27:51', '2025-09-04 06:53:22'),
(1742, 'Revise plumbing quote & take off', NULL, 0, '2024-06-28 00:24:02', '2025-09-04 06:53:22'),
(1743, 'Bartczak, Tomasz', NULL, 0, '2024-06-28 03:52:32', '2025-09-04 06:53:22'),
(1744, 'Enable Homes', NULL, 0, '2024-06-28 03:52:40', '2025-09-04 06:53:22'),
(1745, 'Enable Home', NULL, 0, '2024-06-28 03:52:49', '2025-09-04 06:53:22'),
(1746, 'The Trustee for 3170 Holding Trust', NULL, 0, '2024-07-01 03:48:59', '2025-09-04 06:53:22'),
(1747, 'Holdings Trust', NULL, 0, '2024-07-01 07:28:10', '2025-09-04 06:53:22'),
(1748, 'The Trustee for 3170 Holdings Trust', NULL, 0, '2024-07-01 07:28:33', '2025-09-04 06:53:22'),
(1749, 'du', NULL, 0, '2024-07-01 21:40:44', '2025-09-04 06:53:22'),
(1750, 'APM Group', NULL, 0, '2024-07-02 01:24:39', '2025-09-04 06:53:22'),
(1751, 'Semtec', NULL, 0, '2024-07-02 02:42:22', '2025-09-04 06:53:22'),
(1752, 'Vesna Micevski', NULL, 0, '2024-07-02 10:18:12', '2025-09-04 06:53:22'),
(1753, 'Kalny Property Group Pty Ltd ', NULL, 0, '2024-07-02 19:26:22', '2025-09-04 06:53:22'),
(1754, 'caliber', NULL, 0, '2024-07-03 19:07:53', '2025-09-04 06:53:22'),
(1755, 'The Trustee for V & A Ventures Trust', NULL, 0, '2024-07-04 00:08:15', '2025-09-04 06:53:22'),
(1756, 'Empire Roof Tiling', NULL, 0, '2024-07-04 00:15:07', '2025-09-04 06:53:22'),
(1757, 'Perspective Design & Build Pty Ltd', NULL, 0, '2024-07-04 02:24:22', '2025-09-04 06:53:22'),
(1758, 'shima aamiry', NULL, 0, '2024-07-04 02:44:38', '2025-09-04 06:53:22'),
(1759, 'Azad Building Pty Ltd T/As City ScapeHomes', NULL, 0, '2024-07-05 00:02:15', '2025-09-04 06:53:22'),
(1760, 'Mccorkel', NULL, 0, '2024-07-05 00:57:58', '2025-09-04 06:53:22'),
(1761, 'ozcan', NULL, 0, '2024-07-05 02:38:00', '2025-09-04 06:53:22'),
(1762, 'Semtech Constructions', NULL, 0, '2024-07-05 03:10:01', '2025-09-04 06:53:22'),
(1763, 'Hillbrook Projects', NULL, 0, '2024-07-05 05:11:14', '2025-09-04 06:53:22'),
(1764, 'Youssef Klank', NULL, 0, '2024-07-05 05:11:21', '2025-09-04 06:53:22'),
(1765, 'Insitu Group Pty Ltd, Kubale Constructions', NULL, 0, '2024-07-08 01:51:41', '2025-09-04 06:53:22'),
(1766, 'queen', NULL, 0, '2024-07-08 02:21:05', '2025-09-04 06:53:22'),
(1767, 'Jardon Group and St Ferrer Building Group', NULL, 0, '2024-07-08 03:59:37', '2025-09-04 06:53:22'),
(1768, 'Insitu Group Pty LtdKubale Constructions', NULL, 0, '2024-07-09 01:13:16', '2025-09-04 06:53:22'),
(1769, 'Mann Construction & Development Pty LtdT/As Morewell Homes', NULL, 0, '2024-07-09 01:23:04', '2025-09-04 06:53:22'),
(1770, 'Mink Homes', NULL, 0, '2024-07-09 01:24:19', '2025-09-04 06:53:22'),
(1771, 'Donmar Projects Pty Ltd, Carelli Constructions, Bowden Corporation, Intrec Management (VIC)', NULL, 0, '2024-07-09 03:40:11', '2025-09-04 06:53:22'),
(1772, 'parv', NULL, 0, '2024-07-09 19:31:07', '2025-09-04 06:53:22'),
(1773, 'Murray Macdougall', NULL, 0, '2024-07-10 03:23:46', '2025-09-04 06:53:22'),
(1774, 'Mahaarish Construction', NULL, 0, '2024-07-10 05:11:36', '2025-09-04 06:53:22'),
(1775, 'Maple Living', NULL, 0, '2024-07-11 02:47:30', '2025-09-04 06:53:22'),
(1776, 'ferrer', NULL, 0, '2024-07-11 03:16:56', '2025-09-04 06:53:22'),
(1777, 'ARVAN IAM', NULL, 0, '2024-07-11 03:25:47', '2025-09-04 06:53:22'),
(1778, 'Anvan Lam', NULL, 0, '2024-07-11 03:53:34', '2025-09-04 06:53:22'),
(1779, 'Do', NULL, 0, '2024-07-11 04:45:21', '2025-09-04 06:53:22'),
(1780, 'Yous', NULL, 0, '2024-07-12 01:16:44', '2025-09-04 06:53:22'),
(1781, 'Becon Constructions Pty Ltd', NULL, 0, '2024-07-12 01:48:33', '2025-09-04 06:53:22'),
(1782, '10', NULL, 0, '2024-07-12 03:16:39', '2025-09-04 06:53:22'),
(1783, 'Arkcon', NULL, 0, '2024-07-12 04:20:33', '2025-09-04 06:53:22'),
(1784, 'Beacon Constructions', NULL, 0, '2024-07-15 02:44:09', '2025-09-04 06:53:22'),
(1785, 'Ramon ', NULL, 0, '2024-07-15 03:05:52', '2025-09-04 06:53:22'),
(1786, 'Ramon Tozer', NULL, 0, '2024-07-15 03:06:11', '2025-09-04 06:53:22'),
(1787, 'Manu GP', NULL, 0, '2024-07-15 03:15:59', '2025-09-04 06:53:22'),
(1788, 're', NULL, 0, '2024-07-15 04:10:42', '2025-09-04 06:53:22'),
(1789, 'Rising Star Builders', NULL, 0, '2024-07-16 03:39:16', '2025-09-04 06:53:22'),
(1790, 'ns', NULL, 0, '2024-07-16 21:00:45', '2025-09-04 06:53:22'),
(1791, 'trust', NULL, 0, '2024-07-17 00:20:46', '2025-09-04 06:53:22'),
(1792, 'The Trustee for BLV Unit Trust T/As Chandigarh Homes ', NULL, 0, '2024-07-17 00:20:55', '2025-09-04 06:53:22'),
(1793, 'Rising Stars ', NULL, 0, '2024-07-17 01:49:36', '2025-09-04 06:53:22'),
(1794, 'Rising Stars Builders', NULL, 0, '2024-07-17 01:50:44', '2025-09-04 06:53:22'),
(1795, 'singh hom', NULL, 0, '2024-07-17 19:27:50', '2025-09-04 06:53:22'),
(1796, 'MTM Homes', NULL, 0, '2024-07-17 23:03:19', '2025-09-04 06:53:22'),
(1797, 'Micallef, Daniel', NULL, 0, '2024-07-18 00:44:32', '2025-09-04 06:53:22'),
(1798, 'sa', NULL, 0, '2024-07-18 01:00:23', '2025-09-04 06:53:22'),
(1799, 'Mohammed , Akram', NULL, 0, '2024-07-18 01:52:36', '2025-09-04 06:53:22'),
(1800, 'Proj8 Construction Pty Ltd ', NULL, 0, '2024-07-18 03:00:25', '2025-09-04 06:53:22'),
(1801, 'Raz Homes Pty Ltd', NULL, 0, '2024-07-18 06:06:05', '2025-09-04 06:53:22'),
(1802, 'Multi-Unit', NULL, 0, '2024-07-19 01:47:11', '2025-09-04 06:53:22'),
(1803, 'Malwa Family Homes Pty Ltd ', NULL, 0, '2024-07-19 02:01:36', '2025-09-04 06:53:22'),
(1804, 'Kubale Constructions', NULL, 0, '2024-07-19 03:58:15', '2025-09-04 06:53:22'),
(1805, 'wood;e', NULL, 0, '2024-07-21 19:00:30', '2025-09-04 06:53:22'),
(1806, 'Puar, Ramaninder', NULL, 0, '2024-07-21 20:19:36', '2025-09-04 06:53:22'),
(1807, 'paving', NULL, 0, '2024-07-21 23:06:49', '2025-09-04 06:53:22'),
(1808, 'A & L Paving Pty Ltd ', NULL, 0, '2024-07-21 23:06:58', '2025-09-04 06:53:22'),
(1809, 'mahaaris', NULL, 0, '2024-07-22 03:54:12', '2025-09-04 06:53:22'),
(1810, 'mahaarish Pty Ltd', NULL, 0, '2024-07-22 03:54:23', '2025-09-04 06:53:22'),
(1811, 'Sana Projects', NULL, 0, '2024-07-22 19:50:29', '2025-09-04 06:53:22'),
(1812, 'rasing', NULL, 0, '2024-07-22 20:01:44', '2025-09-04 06:53:22'),
(1813, 'enab', NULL, 0, '2024-07-22 22:20:53', '2025-09-04 06:53:22'),
(1814, 'M & K Pty Ltd', NULL, 0, '2024-07-23 02:33:34', '2025-09-04 06:53:22'),
(1815, 'BLR Provincial Construction, May Constructions, ', NULL, 0, '2024-07-23 03:41:56', '2025-09-04 06:53:22'),
(1816, 'BLR Provincial Construction, May Constructions, Monaco Hickey Group Pty Ltd, Rausett Constructions', NULL, 0, '2024-07-23 03:42:20', '2025-09-04 06:53:22'),
(1817, 'Proj8 Construction Pty Ltd', NULL, 0, '2024-07-23 20:52:55', '2025-09-04 06:53:22'),
(1818, 'Imak Investment', NULL, 0, '2024-07-23 21:57:08', '2025-09-04 06:53:22'),
(1819, 'Amreen', NULL, 0, '2024-07-24 00:44:24', '2025-09-04 06:53:22'),
(1820, 'Imsasu Pty Ltd', NULL, 0, '2024-07-24 00:45:12', '2025-09-04 06:53:22'),
(1821, 'ARC Projects', NULL, 0, '2024-07-24 03:17:27', '2025-09-04 06:53:22'),
(1822, 'A & L Paving Pty Ltd', NULL, 0, '2024-07-24 03:43:53', '2025-09-04 06:53:22'),
(1823, 'Ryman Healthcare', NULL, 0, '2024-07-24 07:55:06', '2025-09-04 06:53:22'),
(1824, 'Jennifer Collens', NULL, 0, '2024-07-25 02:43:38', '2025-09-04 06:53:22'),
(1825, 'Renee Trifunovski', NULL, 0, '2024-07-26 04:22:20', '2025-09-04 06:53:22'),
(1826, 'Better Living Group', NULL, 0, '2024-07-26 04:27:40', '2025-09-04 06:53:22'),
(1827, 'makray', NULL, 0, '2024-07-26 04:28:28', '2025-09-04 06:53:22'),
(1828, 'Esser Homes', NULL, 0, '2024-07-28 19:45:01', '2025-09-04 06:53:22'),
(1829, 'Investing Homes', NULL, 0, '2024-07-29 00:21:24', '2025-09-04 06:53:22'),
(1830, 'M and K Pty Ltd.', NULL, 0, '2024-07-29 03:10:41', '2025-09-04 06:53:22'),
(1831, 'inventing', NULL, 0, '2024-07-29 17:59:37', '2025-09-04 06:53:22'),
(1832, 'Blade Carpentry and Construction Pty Ltd ', NULL, 0, '2024-07-29 22:56:56', '2025-09-04 06:53:22'),
(1833, 'blad', NULL, 0, '2024-07-30 00:13:50', '2025-09-04 06:53:22'),
(1834, 'jelcon', NULL, 0, '2024-07-30 01:15:34', '2025-09-04 06:53:22'),
(1835, 'Eser Constructions', NULL, 0, '2024-07-30 01:55:29', '2025-09-04 06:53:22'),
(1836, 'iventi', NULL, 0, '2024-07-30 04:05:46', '2025-09-04 06:53:22'),
(1837, '5 Sonny ', NULL, 0, '2024-07-30 04:05:51', '2025-09-04 06:53:22'),
(1838, 'Inventing Constructions ', NULL, 0, '2024-07-30 04:06:08', '2025-09-04 06:53:22'),
(1839, 'Aquajet Plumbing', NULL, 0, '2024-07-30 08:19:14', '2025-09-04 06:53:22'),
(1840, 'Aussie Care', NULL, 0, '2024-07-30 08:19:30', '2025-09-04 06:53:22');
INSERT INTO `builders` (`id`, `title`, `description`, `archive`, `created_at`, `updated_at`) VALUES
(1841, 'David Matt', NULL, 0, '2024-07-31 02:54:41', '2025-09-04 06:53:22'),
(1842, 'David Matthew', NULL, 0, '2024-07-31 02:54:49', '2025-09-04 06:53:22'),
(1843, 'INVENT', NULL, 0, '2024-07-31 02:57:45', '2025-09-04 06:53:22'),
(1844, 'Inventing Constructions', NULL, 0, '2024-07-31 02:57:47', '2025-09-04 06:53:22'),
(1845, 'David, Matthew', NULL, 0, '2024-07-31 21:28:51', '2025-09-04 06:53:22'),
(1846, '5 Sonny', NULL, 0, '2024-07-31 23:19:46', '2025-09-04 06:53:22'),
(1847, 'Firas ', NULL, 0, '2024-08-01 00:50:02', '2025-09-04 06:53:22'),
(1848, 'Firas Al-Najjar ', NULL, 0, '2024-08-01 00:50:11', '2025-09-04 06:53:22'),
(1849, 'illyas', NULL, 0, '2024-08-01 03:16:41', '2025-09-04 06:53:22'),
(1850, 'Krishan , Shri', NULL, 0, '2024-08-01 20:26:33', '2025-09-04 06:53:22'),
(1851, 'krish', NULL, 0, '2024-08-02 01:55:48', '2025-09-04 06:53:22'),
(1852, 'aone', NULL, 0, '2024-08-02 02:10:23', '2025-09-04 06:53:22'),
(1853, 'strux', NULL, 0, '2024-08-02 03:41:08', '2025-09-04 06:53:22'),
(1854, '2MORO Group, ', NULL, 0, '2024-08-02 04:00:38', '2025-09-04 06:53:22'),
(1855, '2MORO Group, Struxture, ', NULL, 0, '2024-08-02 04:01:07', '2025-09-04 06:53:22'),
(1856, '2MORO Group, Struxture, Long Contracting, ', NULL, 0, '2024-08-02 04:01:46', '2025-09-04 06:53:22'),
(1857, '2MORO Group, Struxture, Long Contracting, Conellan Industries, ', NULL, 0, '2024-08-02 04:02:08', '2025-09-04 06:53:22'),
(1858, '2MORO Group, Struxture, Long Contracting, Conellan Industries, McColl Smith Project, Stokes Rousseau', NULL, 0, '2024-08-02 04:03:25', '2025-09-04 06:53:22'),
(1859, 'carell', NULL, 0, '2024-08-02 04:26:47', '2025-09-04 06:53:22'),
(1860, 'Carelli Constructions, Prime Build', NULL, 0, '2024-08-02 04:27:12', '2025-09-04 06:53:22'),
(1861, 'M & K', NULL, 0, '2024-08-04 23:25:49', '2025-09-04 06:53:22'),
(1862, 'ciq', NULL, 0, '2024-08-05 02:07:08', '2025-09-04 06:53:22'),
(1863, 'Ceq Builders', NULL, 0, '2024-08-05 02:07:21', '2025-09-04 06:53:22'),
(1864, 'Jaguar Builders Pty Ltd', NULL, 0, '2024-08-05 03:15:20', '2025-09-04 06:53:22'),
(1865, 'MANNU ', NULL, 0, '2024-08-05 03:39:32', '2025-09-04 06:53:22'),
(1866, 'Mr Manu Gp ', NULL, 0, '2024-08-05 03:39:43', '2025-09-04 06:53:22'),
(1867, 'Mr Manu Gp', NULL, 0, '2024-08-05 03:39:46', '2025-09-04 06:53:22'),
(1868, 'carelli c', NULL, 0, '2024-08-05 05:22:05', '2025-09-04 06:53:22'),
(1869, 'SJ Higgins Group', NULL, 0, '2024-08-05 07:48:54', '2025-09-04 06:53:22'),
(1870, 'windr', NULL, 0, '2024-08-05 21:27:53', '2025-09-04 06:53:22'),
(1871, 'Jaguar ', NULL, 0, '2024-08-06 01:28:31', '2025-09-04 06:53:22'),
(1872, '2Construct, Becon Construction, Commercial Industrial Construction Group (CICG), Ireland Brown Const', NULL, 0, '2024-08-06 03:27:37', '2025-09-04 06:53:22'),
(1873, 'Dhil', NULL, 0, '2024-08-06 21:33:22', '2025-09-04 06:53:22'),
(1874, 'dinesh ', NULL, 0, '2024-08-07 01:16:49', '2025-09-04 06:53:22'),
(1875, 'Barpa Construction Services, ', NULL, 0, '2024-08-07 04:18:42', '2025-09-04 06:53:22'),
(1876, 'Barpa Construction Services, Harris HMC Construction, ', NULL, 0, '2024-08-07 04:19:09', '2025-09-04 06:53:22'),
(1877, 'Barpa Construction Services, Harris HMC Construction, Insitu Group Pty Ltd, ', NULL, 0, '2024-08-07 04:19:19', '2025-09-04 06:53:22'),
(1878, 'Barpa Construction Services, Harris HMC Construction, Insitu Group Pty Ltd, Jardon Group, ', NULL, 0, '2024-08-07 04:19:28', '2025-09-04 06:53:22'),
(1879, 'Barpa Construction Services, Harris HMC Construction, Insitu Group Pty Ltd, Jardon Group, TVN On-Cou', NULL, 0, '2024-08-07 04:19:37', '2025-09-04 06:53:22'),
(1880, 'st.fer', NULL, 0, '2024-08-07 05:23:50', '2025-09-04 06:53:22'),
(1881, 'St Ferrer Building Group', NULL, 0, '2024-08-07 05:30:17', '2025-09-04 06:53:22'),
(1882, 'Enzo Homes Pty Ltd', NULL, 0, '2024-08-08 00:27:45', '2025-09-04 06:53:22'),
(1883, 'yill', NULL, 0, '2024-08-08 03:45:20', '2025-09-04 06:53:22'),
(1884, 'goldy', NULL, 0, '2024-08-08 03:47:51', '2025-09-04 06:53:22'),
(1885, 'K homes', NULL, 0, '2024-08-09 03:23:38', '2025-09-04 06:53:22'),
(1886, 'GPT Builders', NULL, 0, '2024-08-09 03:24:44', '2025-09-04 06:53:22'),
(1887, 'CAS Construction', NULL, 0, '2024-08-09 05:41:00', '2025-09-04 06:53:22'),
(1888, 'GPT Builders Pty Ltd T/As K Homes Melbourne Pty Ltd ', NULL, 0, '2024-08-12 00:24:36', '2025-09-04 06:53:22'),
(1889, 'Arudam Engineers', NULL, 0, '2024-08-12 03:02:02', '2025-09-04 06:53:22'),
(1890, 'Ankyar Project Pty Ltd', NULL, 0, '2024-08-12 04:49:23', '2025-09-04 06:53:22'),
(1891, 'tania', NULL, 0, '2024-08-12 21:26:45', '2025-09-04 06:53:22'),
(1892, 'Nitin Patel', NULL, 0, '2024-08-13 03:01:52', '2025-09-04 06:53:22'),
(1893, 'Golden', NULL, 0, '2024-08-13 03:02:34', '2025-09-04 06:53:22'),
(1894, 'tu', NULL, 0, '2024-08-13 22:14:36', '2025-09-04 06:53:22'),
(1895, 'Taylor Sammut', NULL, 0, '2024-08-14 03:53:09', '2025-09-04 06:53:22'),
(1896, 'Raise Home Pty Ltd ', NULL, 0, '2024-08-14 23:21:37', '2025-09-04 06:53:22'),
(1897, 'MORWEL', NULL, 0, '2024-08-15 02:38:40', '2025-09-04 06:53:22'),
(1898, 'sarah ', NULL, 0, '2024-08-15 05:13:27', '2025-09-04 06:53:22'),
(1899, 'sarah mar', NULL, 0, '2024-08-15 05:13:33', '2025-09-04 06:53:22'),
(1900, 'Alta Homes', NULL, 0, '2024-08-16 02:01:58', '2025-09-04 06:53:22'),
(1901, 'Vastbuild Living Pty Ltd', NULL, 0, '2024-08-16 04:14:07', '2025-09-04 06:53:22'),
(1902, 'enz', NULL, 0, '2024-08-18 18:17:22', '2025-09-04 06:53:22'),
(1903, 'akra', NULL, 0, '2024-08-18 23:00:36', '2025-09-04 06:53:22'),
(1904, 'DWC & Co', NULL, 0, '2024-08-19 01:24:26', '2025-09-04 06:53:22'),
(1905, 'livin', NULL, 0, '2024-08-19 01:58:40', '2025-09-04 06:53:22'),
(1906, 'Vestbuild Living Pty Ltd.', NULL, 0, '2024-08-19 08:38:34', '2025-09-04 06:53:22'),
(1907, 'shrap', NULL, 0, '2024-08-19 22:46:54', '2025-09-04 06:53:22'),
(1908, 'jhirm', NULL, 0, '2024-08-19 23:45:51', '2025-09-04 06:53:22'),
(1909, 'Figure', NULL, 0, '2024-08-20 00:44:36', '2025-09-04 06:53:22'),
(1910, 'maxw', NULL, 0, '2024-08-20 03:19:06', '2025-09-04 06:53:22'),
(1911, 'mishal', NULL, 0, '2024-08-20 03:46:50', '2025-09-04 06:53:22'),
(1912, 'Estate Group', NULL, 0, '2024-08-21 02:02:52', '2025-09-04 06:53:22'),
(1913, 'Omnia Homes Pty Ltd', NULL, 0, '2024-08-21 05:23:47', '2025-09-04 06:53:22'),
(1914, 'Cube Design & Build', NULL, 0, '2024-08-21 05:35:37', '2025-09-04 06:53:22'),
(1915, '2Construct, Becon Construction, Commercial Industrial Construction Group (CICG), Ireland Brown Const', NULL, 0, '2024-08-21 05:55:22', '2025-09-04 06:53:22'),
(1916, '8', NULL, 0, '2024-08-21 06:01:12', '2025-09-04 06:53:22'),
(1917, 'Proedge HOmes', NULL, 0, '2024-08-21 19:15:54', '2025-09-04 06:53:22'),
(1918, 'Joy', NULL, 0, '2024-08-21 21:06:14', '2025-09-04 06:53:22'),
(1919, 'Abdul Sattar', NULL, 0, '2024-08-21 22:35:32', '2025-09-04 06:53:22'),
(1920, 'Ahmed Rahman', NULL, 0, '2024-08-22 00:06:29', '2025-09-04 06:53:22'),
(1921, 'Adcon ', NULL, 0, '2024-08-22 03:06:49', '2025-09-04 06:53:22'),
(1922, 'Adcon Construction', NULL, 0, '2024-08-22 03:07:00', '2025-09-04 06:53:22'),
(1923, 'The Trustee for MP Building & Constructions Family Trust', NULL, 0, '2024-08-22 19:03:53', '2025-09-04 06:53:22'),
(1924, 'mp', NULL, 0, '2024-08-22 23:14:16', '2025-09-04 06:53:22'),
(1925, 'stevo', NULL, 0, '2024-08-22 23:47:30', '2025-09-04 06:53:22'),
(1926, 'Zaf Homes', NULL, 0, '2024-08-22 23:47:49', '2025-09-04 06:53:22'),
(1927, 'Amirul Islam, Mohammed', NULL, 0, '2024-08-23 00:40:43', '2025-09-04 06:53:22'),
(1928, 'Estate Group Pty Ltd', NULL, 0, '2024-08-23 03:10:04', '2025-09-04 06:53:22'),
(1929, 'Proedge Homes Pty Ltd', NULL, 0, '2024-08-23 03:10:37', '2025-09-04 06:53:22'),
(1930, 'Mimosa Homes Pty Ltd T/As Paramount Living ', NULL, 0, '2024-08-26 22:11:40', '2025-09-04 06:53:22'),
(1931, 'Arsenio Lee', NULL, 0, '2024-08-27 04:16:43', '2025-09-04 06:53:22'),
(1932, 'Austwide Trade Pty Ltd', NULL, 0, '2024-08-27 04:16:56', '2025-09-04 06:53:22'),
(1933, 'Ashwin Sethi', NULL, 0, '2024-08-27 04:17:05', '2025-09-04 06:53:22'),
(1934, 'Shambu Invesment', NULL, 0, '2024-08-27 04:22:02', '2025-09-04 06:53:22'),
(1935, 'Arlo Projects', NULL, 0, '2024-08-27 07:10:41', '2025-09-04 06:53:22'),
(1936, 'cibe', NULL, 0, '2024-08-28 00:28:53', '2025-09-04 06:53:22'),
(1937, 'cube', NULL, 0, '2024-08-28 00:28:56', '2025-09-04 06:53:22'),
(1938, '9 Homes', NULL, 0, '2024-08-28 02:25:00', '2025-09-04 06:53:22'),
(1939, 'kartar', NULL, 0, '2024-08-28 05:28:15', '2025-09-04 06:53:22'),
(1940, 'Kartar Carpentry', NULL, 0, '2024-08-28 05:28:54', '2025-09-04 06:53:22'),
(1941, 'Tariq', NULL, 0, '2024-08-28 06:19:15', '2025-09-04 06:53:22'),
(1942, 'Chandigarh Homes', NULL, 0, '2024-08-29 03:42:13', '2025-09-04 06:53:22'),
(1943, 'BB. Builders Pty Ltd', NULL, 0, '2024-08-29 04:06:57', '2025-09-04 06:53:22'),
(1944, 'Sukh Khakh', NULL, 0, '2024-08-29 06:09:14', '2025-09-04 06:53:22'),
(1945, 'Dennis Family Homes', NULL, 0, '2024-08-29 16:13:53', '2025-09-04 06:53:22'),
(1946, 'Blue OZ Homes', NULL, 0, '2024-08-30 03:36:09', '2025-09-04 06:53:22'),
(1947, 'Ziniya Singh', NULL, 0, '2024-08-30 03:36:15', '2025-09-04 06:53:22'),
(1948, '2bui', NULL, 0, '2024-08-30 05:45:41', '2025-09-04 06:53:22'),
(1949, 'JS Builders', NULL, 0, '2024-09-02 04:06:46', '2025-09-04 06:53:22'),
(1950, 'Mani Building Works', NULL, 0, '2024-09-02 04:07:13', '2025-09-04 06:53:22'),
(1951, 'khalsa', NULL, 0, '2024-09-02 04:32:30', '2025-09-04 06:53:22'),
(1952, 'ain', NULL, 0, '2024-09-02 08:14:03', '2025-09-04 06:53:22'),
(1953, 'TA & VA Pty Ltd T/As Gold Haven Homes', NULL, 0, '2024-09-02 08:16:43', '2025-09-04 06:53:22'),
(1954, 'Norelle Marraun', NULL, 0, '2024-09-02 20:36:37', '2025-09-04 06:53:22'),
(1955, 'Serge Smullovic', NULL, 0, '2024-09-03 03:13:19', '2025-09-04 06:53:22'),
(1956, 'Serge Smulovich', NULL, 0, '2024-09-03 03:13:37', '2025-09-04 06:53:22'),
(1957, 'Brave Concreting', NULL, 0, '2024-09-03 03:15:05', '2025-09-04 06:53:22'),
(1958, 'Norelle Maroun', NULL, 0, '2024-09-03 06:02:38', '2025-09-04 06:53:22'),
(1959, 'Wester Trade ', NULL, 0, '2024-09-03 06:03:06', '2025-09-04 06:53:22'),
(1960, 'Sethi Family Trust ', NULL, 0, '2024-09-03 06:04:36', '2025-09-04 06:53:22'),
(1961, 'Smart', NULL, 0, '2024-09-03 18:12:34', '2025-09-04 06:53:22'),
(1962, 'The Trustee for P Sethi Family Trust T/As Prime Global Homes ', NULL, 0, '2024-09-03 23:22:17', '2025-09-04 06:53:22'),
(1963, '100', NULL, 0, '2024-09-04 02:23:13', '2025-09-04 06:53:22'),
(1964, 'Syntec Homes ', NULL, 0, '2024-09-04 23:59:34', '2025-09-04 06:53:22'),
(1965, 'ansel', NULL, 0, '2024-09-05 00:32:26', '2025-09-04 06:53:22'),
(1966, 'sharpne', NULL, 0, '2024-09-09 04:05:03', '2025-09-04 06:53:22'),
(1967, 'Sharpnel Trading Pty Ltd', NULL, 0, '2024-09-09 04:05:17', '2025-09-04 06:53:22'),
(1968, 'Najcon Pty Ltd', NULL, 0, '2024-09-10 22:31:02', '2025-09-04 06:53:22'),
(1969, 'Orka Homes', NULL, 0, '2024-09-11 03:01:22', '2025-09-04 06:53:22'),
(1970, 'brave', NULL, 0, '2024-09-12 02:29:54', '2025-09-04 06:53:22'),
(1971, 'singh home', NULL, 0, '2024-09-12 03:19:18', '2025-09-04 06:53:22'),
(1972, 'deni', NULL, 0, '2024-09-13 04:00:40', '2025-09-04 06:53:22'),
(1973, 'denis', NULL, 0, '2024-09-13 04:00:44', '2025-09-04 06:53:22'),
(1974, 'The Trustee for Sai Om Gupta Family Trust T/As INNOCON Homes ', NULL, 0, '2024-09-13 04:06:47', '2025-09-04 06:53:22'),
(1975, 'PROJECTS', NULL, 0, '2024-09-15 22:44:09', '2025-09-04 06:53:22'),
(1976, 'TMR Projects ', NULL, 0, '2024-09-15 22:44:22', '2025-09-04 06:53:22'),
(1977, 'hpl ', NULL, 0, '2024-09-16 04:26:58', '2025-09-04 06:53:22'),
(1978, 'HPL Constrcutions', NULL, 0, '2024-09-16 04:27:07', '2025-09-04 06:53:22'),
(1979, 'R2 Homes', NULL, 0, '2024-09-16 04:27:18', '2025-09-04 06:53:22'),
(1980, 'TMR Projects', NULL, 0, '2024-09-16 04:27:34', '2025-09-04 06:53:22'),
(1981, 'Stocon Homes Pty Ltd ', NULL, 0, '2024-09-16 22:24:33', '2025-09-04 06:53:22'),
(1982, 'Lyons Construction', NULL, 0, '2024-09-17 03:02:38', '2025-09-04 06:53:22'),
(1983, 'BBC Group Pty Ltd', NULL, 0, '2024-09-17 03:03:32', '2025-09-04 06:53:22'),
(1984, 'Sippcon Pty Ltd', NULL, 0, '2024-09-17 09:21:09', '2025-09-04 06:53:22'),
(1985, 'mehr', NULL, 0, '2024-09-17 22:39:16', '2025-09-04 06:53:22'),
(1986, 'AJM Developments', NULL, 0, '2024-09-17 23:25:37', '2025-09-04 06:53:22'),
(1987, 'Mimos', NULL, 0, '2024-09-18 00:50:53', '2025-09-04 06:53:22'),
(1988, 'Le', NULL, 0, '2024-09-18 01:44:08', '2025-09-04 06:53:22'),
(1989, 'Abbas Ahmadi ', NULL, 0, '2024-09-18 05:42:45', '2025-09-04 06:53:22'),
(1990, '2BUIL', NULL, 0, '2024-09-18 05:45:13', '2025-09-04 06:53:22'),
(1991, 'aamico', NULL, 0, '2024-09-18 18:30:47', '2025-09-04 06:53:22'),
(1992, 'Bsoft Technologies Pty Ltd', NULL, 0, '2024-09-18 22:56:21', '2025-09-04 06:53:22'),
(1993, 'ABBA', NULL, 0, '2024-09-18 23:05:09', '2025-09-04 06:53:22'),
(1994, 'MJS Construction Group Pty Ltd', NULL, 0, '2024-09-19 03:12:13', '2025-09-04 06:53:22'),
(1995, 'UHA', NULL, 0, '2024-09-19 03:12:40', '2025-09-04 06:53:22'),
(1996, 'H homes ', NULL, 0, '2024-09-19 21:07:33', '2025-09-04 06:53:22'),
(1997, 'Labco', NULL, 0, '2024-09-20 03:00:06', '2025-09-04 06:53:22'),
(1998, 'knicon', NULL, 0, '2024-09-20 06:24:46', '2025-09-04 06:53:22'),
(1999, 'legac', NULL, 0, '2024-09-24 02:12:23', '2025-09-04 06:53:22'),
(2000, 'AJ Investfolio', NULL, 0, '2024-09-24 03:41:50', '2025-09-04 06:53:22'),
(2001, 'South Pacific Plaster', NULL, 0, '2024-09-25 03:47:08', '2025-09-04 06:53:22'),
(2002, 'Figurehead, SAW Construction', NULL, 0, '2024-09-26 02:34:07', '2025-09-04 06:53:22'),
(2003, 'new', NULL, 0, '2024-09-26 18:21:37', '2025-09-04 06:53:22'),
(2004, 'steve', NULL, 0, '2024-09-26 21:35:00', '2025-09-04 06:53:22'),
(2005, 'zaf ', NULL, 0, '2024-09-26 21:35:12', '2025-09-04 06:53:22'),
(2006, 'Estimate One', NULL, 0, '2024-09-27 03:01:14', '2025-09-04 06:53:22'),
(2007, 'austar', NULL, 0, '2024-09-27 08:07:01', '2025-09-04 06:53:22'),
(2008, 'United homes', NULL, 0, '2024-09-27 08:07:31', '2025-09-04 06:53:22'),
(2009, 'Burbank Urban, SAW Construction', NULL, 0, '2024-09-29 18:08:17', '2025-09-04 06:53:22'),
(2010, 'mr sing', NULL, 0, '2024-09-29 22:36:25', '2025-09-04 06:53:22'),
(2011, 'Lenee', NULL, 0, '2024-09-29 22:47:56', '2025-09-04 06:53:22'),
(2012, 'abdul', NULL, 0, '2024-09-30 02:13:23', '2025-09-04 06:53:22'),
(2013, 'cedar ', NULL, 0, '2024-09-30 19:53:39', '2025-09-04 06:53:22'),
(2014, 'AHS Construction Group Pty Ltd', NULL, 0, '2024-09-30 21:53:52', '2025-09-04 06:53:22'),
(2015, 'SJ ', NULL, 0, '2024-10-01 03:15:03', '2025-09-04 06:53:22'),
(2016, 'SJ Higgins, Newpol Constructions, Total Constructions, Harris HMC Construction', NULL, 0, '2024-10-01 03:15:44', '2025-09-04 06:53:22'),
(2017, 'Pavitar Pty Ltd', NULL, 0, '2024-10-01 03:16:37', '2025-09-04 06:53:22'),
(2018, 'Nanak Builders Pty Ltdb', NULL, 0, '2024-10-01 21:40:02', '2025-09-04 06:53:22'),
(2019, 'Construction Engineering, Camilo Builders, Henny', NULL, 0, '2024-10-02 02:38:26', '2025-09-04 06:53:22'),
(2020, 'John Beleski', NULL, 0, '2024-10-02 02:38:46', '2025-09-04 06:53:22'),
(2021, 'morewell', NULL, 0, '2024-10-02 23:28:32', '2025-09-04 06:53:22'),
(2022, 'BIM Drafting', NULL, 0, '2024-10-03 03:13:16', '2025-09-04 06:53:22'),
(2023, 'Built Aus', NULL, 0, '2024-10-03 19:32:37', '2025-09-04 06:53:22'),
(2024, 'Haicon Homes Pty Ltd', NULL, 0, '2024-10-03 20:25:22', '2025-09-04 06:53:22'),
(2025, 'MP PM Pty Ltd', NULL, 0, '2024-10-04 03:14:29', '2025-09-04 06:53:22'),
(2026, 'Luxgen Homes', NULL, 0, '2024-10-04 03:16:03', '2025-09-04 06:53:22'),
(2027, '2 build', NULL, 0, '2024-10-04 03:16:15', '2025-09-04 06:53:22'),
(2028, 'Apcon Group', NULL, 0, '2024-10-04 07:07:38', '2025-09-04 06:53:22'),
(2029, 'G9 Property Developers Trust', NULL, 0, '2024-10-04 07:07:49', '2025-09-04 06:53:22'),
(2030, 'Intelle', NULL, 0, '2024-10-06 22:02:52', '2025-09-04 06:53:22'),
(2031, 'mehrok ', NULL, 0, '2024-10-07 00:17:46', '2025-09-04 06:53:22'),
(2032, 'Colour & Co Pty Ltd', NULL, 0, '2024-10-07 07:28:09', '2025-09-04 06:53:22'),
(2033, '3k', NULL, 0, '2024-10-07 23:27:52', '2025-09-04 06:53:22'),
(2034, '3k Victoria ', NULL, 0, '2024-10-07 23:28:07', '2025-09-04 06:53:22'),
(2035, 'Meltrade International Pty Ltd', NULL, 0, '2024-10-08 03:26:34', '2025-09-04 06:53:22'),
(2036, 'Kajee Sutananthan', NULL, 0, '2024-10-08 06:32:30', '2025-09-04 06:53:22'),
(2037, 'Krrishna Pty Ltd', NULL, 0, '2024-10-08 20:21:21', '2025-09-04 06:53:22'),
(2038, 'kri', NULL, 0, '2024-10-08 21:19:30', '2025-09-04 06:53:22'),
(2039, 'BLR Provincial Construction, May Constructions', NULL, 0, '2024-10-09 00:28:44', '2025-09-04 06:53:22'),
(2040, 'May Constructions', NULL, 0, '2024-10-09 00:28:50', '2025-09-04 06:53:22'),
(2041, 'param ', NULL, 0, '2024-10-09 00:34:47', '2025-09-04 06:53:22'),
(2042, 'Skyy Pty Ltd ', NULL, 0, '2024-10-09 01:22:40', '2025-09-04 06:53:22'),
(2043, 'Figureh', NULL, 0, '2024-10-09 20:56:53', '2025-09-04 06:53:22'),
(2044, 'GRANDE HOME', NULL, 0, '2024-10-10 01:17:45', '2025-09-04 06:53:22'),
(2045, 'Ranvir Girn', NULL, 0, '2024-10-10 02:14:07', '2025-09-04 06:53:22'),
(2046, 'Fabric Build', NULL, 0, '2024-10-10 02:58:31', '2025-09-04 06:53:22'),
(2047, 'Double Edge Homes', NULL, 0, '2024-10-10 04:03:15', '2025-09-04 06:53:22'),
(2048, 'premiu', NULL, 0, '2024-10-10 18:29:37', '2025-09-04 06:53:22'),
(2049, 'On ', NULL, 0, '2024-10-11 01:51:00', '2025-09-04 06:53:22'),
(2050, 'Chroma Group', NULL, 0, '2024-10-11 01:51:40', '2025-09-04 06:53:22'),
(2051, 'k ', NULL, 0, '2024-10-11 02:37:38', '2025-09-04 06:53:22'),
(2052, 'Altum Homes', NULL, 0, '2024-10-11 03:25:44', '2025-09-04 06:53:22'),
(2053, 'prem', NULL, 0, '2024-10-13 23:01:59', '2025-09-04 06:53:22'),
(2054, 'Ironsons Homes Pty Ltd', NULL, 0, '2024-10-14 01:27:41', '2025-09-04 06:53:22'),
(2055, 'Tycorp', NULL, 0, '2024-10-14 03:04:33', '2025-09-04 06:53:22'),
(2056, 'gold hav', NULL, 0, '2024-10-16 21:45:46', '2025-09-04 06:53:22'),
(2057, 'Arch Abodes', NULL, 0, '2024-10-17 03:38:59', '2025-09-04 06:53:22'),
(2058, 'B. Builders', NULL, 0, '2024-10-17 03:39:13', '2025-09-04 06:53:22'),
(2059, 'Kakoz, Simon', NULL, 0, '2024-10-17 23:50:06', '2025-09-04 06:53:22'),
(2060, 'Double E', NULL, 0, '2024-10-18 02:49:44', '2025-09-04 06:53:22'),
(2061, 'Melwood Homes', NULL, 0, '2024-10-18 03:22:27', '2025-09-04 06:53:22'),
(2062, 'Town', NULL, 0, '2024-10-20 19:41:23', '2025-09-04 06:53:22'),
(2063, 'Western Tradee Pty Ltd', NULL, 0, '2024-10-20 19:44:47', '2025-09-04 06:53:22'),
(2064, 'dream oz', NULL, 0, '2024-10-21 21:53:29', '2025-09-04 06:53:22'),
(2065, 'jj n', NULL, 0, '2024-10-21 23:27:57', '2025-09-04 06:53:22'),
(2066, 'JJ Nest Pty Ltd ', NULL, 0, '2024-10-21 23:28:11', '2025-09-04 06:53:22'),
(2067, 'param kamboj', NULL, 0, '2024-10-22 03:26:34', '2025-09-04 06:53:22'),
(2068, 'Mezzanine', NULL, 0, '2024-10-22 07:09:04', '2025-09-04 06:53:22'),
(2069, 'Fillmark Pty Ltd.', NULL, 0, '2024-10-23 02:09:37', '2025-09-04 06:53:22'),
(2070, 'assure', NULL, 0, '2024-10-23 02:21:09', '2025-09-04 06:53:22'),
(2071, 'b;ue c', NULL, 0, '2024-10-23 22:42:13', '2025-09-04 06:53:22'),
(2072, 'F', NULL, 0, '2024-10-24 02:58:51', '2025-09-04 06:53:22'),
(2073, 'luxgen ', NULL, 0, '2024-10-28 03:06:06', '2025-09-04 06:53:22'),
(2074, 'imak ', NULL, 0, '2024-10-28 04:35:06', '2025-09-04 06:53:22'),
(2075, 'nnb', NULL, 0, '2024-10-28 18:25:22', '2025-09-04 06:53:22'),
(2076, 'Dominic, Dominic', NULL, 0, '2024-10-28 23:50:24', '2025-09-04 06:53:22'),
(2077, 'JV Building & Construction', NULL, 0, '2024-10-29 01:13:26', '2025-09-04 06:53:22'),
(2078, 'Simon Kakoz', NULL, 0, '2024-10-29 03:26:27', '2025-09-04 06:53:22'),
(2079, '8-', NULL, 0, '2024-10-30 03:27:35', '2025-09-04 06:53:22'),
(2080, 'HTD Construction', NULL, 0, '2024-10-30 21:26:45', '2025-09-04 06:53:22'),
(2081, 'Maar', NULL, 0, '2024-10-30 22:29:45', '2025-09-04 06:53:22'),
(2082, 'Mahaarish ', NULL, 0, '2024-10-30 22:29:59', '2025-09-04 06:53:22'),
(2083, 'Mahaarish Constructions', NULL, 0, '2024-10-30 22:30:09', '2025-09-04 06:53:22'),
(2084, 'Elliot Henkel', NULL, 0, '2024-10-31 23:17:53', '2025-09-04 06:53:22'),
(2085, 'Sukh Homes', NULL, 0, '2024-11-01 02:31:06', '2025-09-04 06:53:22'),
(2086, 'arcbodes', NULL, 0, '2024-11-04 04:16:50', '2025-09-04 06:53:22'),
(2087, 'Arcabodes Pty Ltd', NULL, 0, '2024-11-04 04:17:17', '2025-09-04 06:53:22'),
(2088, 'Premium Builders & Developers Pty Ltd', NULL, 0, '2024-11-04 22:29:34', '2025-09-04 06:53:22'),
(2089, 'Daniel Poynton', NULL, 0, '2024-11-05 00:03:37', '2025-09-04 06:53:22'),
(2090, 'Halcon Homes', NULL, 0, '2024-11-05 20:09:11', '2025-09-04 06:53:22'),
(2091, 'construct alam', NULL, 0, '2024-11-05 20:27:38', '2025-09-04 06:53:22'),
(2092, 'Conctruct Alam Pty Ltd', NULL, 0, '2024-11-05 20:33:04', '2025-09-04 06:53:22'),
(2093, 'Construct Alam Pty Ltd', NULL, 0, '2024-11-05 20:33:24', '2025-09-04 06:53:22'),
(2094, 'D2C ', NULL, 0, '2024-11-05 21:31:05', '2025-09-04 06:53:22'),
(2095, 'D2C Build Pty Ltd', NULL, 0, '2024-11-05 21:31:19', '2025-09-04 06:53:22'),
(2096, 'D2C Build Pty Ltd', NULL, 0, '2024-11-06 00:47:17', '2025-09-04 06:53:22'),
(2097, 'Singh, Lakhwinder', NULL, 0, '2024-11-06 22:59:46', '2025-09-04 06:53:22'),
(2098, 'Lakhwinder Singh', NULL, 0, '2024-11-06 23:38:08', '2025-09-04 06:53:22'),
(2099, 'AUC Services', NULL, 0, '2024-11-07 01:31:50', '2025-09-04 06:53:22'),
(2100, 'Premiun builder', NULL, 0, '2024-11-07 01:33:04', '2025-09-04 06:53:22'),
(2101, 'Tasneem, Mohammad', NULL, 0, '2024-11-07 03:23:05', '2025-09-04 06:53:22'),
(2102, 'Amrit Homes Pty Ltd', NULL, 0, '2024-11-07 20:02:41', '2025-09-04 06:53:22'),
(2103, 'nextG HOLDING', NULL, 0, '2024-11-07 23:05:49', '2025-09-04 06:53:22'),
(2104, 'Camillo Builders', NULL, 0, '2024-11-07 23:31:26', '2025-09-04 06:53:22'),
(2105, 'Master Plaster', NULL, 0, '2024-11-08 01:31:32', '2025-09-04 06:53:22'),
(2106, 'Wajahat Syed', NULL, 0, '2024-11-08 01:31:58', '2025-09-04 06:53:22'),
(2107, 'Kirkon Pty Ltd', NULL, 0, '2024-11-08 02:50:17', '2025-09-04 06:53:22'),
(2108, 'The Grand Cons', NULL, 0, '2024-11-10 21:38:26', '2025-09-04 06:53:22'),
(2109, 'Lotus Family Homes Pty Ltd', NULL, 0, '2024-11-10 21:51:50', '2025-09-04 06:53:22'),
(2110, 'Blue ced', NULL, 0, '2024-11-10 23:22:18', '2025-09-04 06:53:22'),
(2111, 'saw cons', NULL, 0, '2024-11-11 03:02:04', '2025-09-04 06:53:22'),
(2112, 'Matrix Designer Builders Pty Ltd ', NULL, 0, '2024-11-11 19:28:15', '2025-09-04 06:53:22'),
(2113, 'Melbourne Dream Homes', NULL, 0, '2024-11-12 01:43:33', '2025-09-04 06:53:22'),
(2114, 'sons', NULL, 0, '2024-11-13 03:08:36', '2025-09-04 06:53:22'),
(2115, 'Picture Perfect Pty Ltd', NULL, 0, '2024-11-13 03:09:36', '2025-09-04 06:53:22'),
(2116, 'Maben Group, GCR Buxton, APM Group', NULL, 0, '2024-11-13 03:11:19', '2025-09-04 06:53:22'),
(2117, 'ALC Homes', NULL, 0, '2024-11-13 04:55:40', '2025-09-04 06:53:22'),
(2118, 'fines', NULL, 0, '2024-11-14 03:04:25', '2025-09-04 06:53:22'),
(2119, 'Finest Consultancy Pty Ltd ', NULL, 0, '2024-11-14 03:04:48', '2025-09-04 06:53:22'),
(2120, 'Master Plaster Aus', NULL, 0, '2024-11-14 05:01:54', '2025-09-04 06:53:22'),
(2121, '5Point Homes', NULL, 0, '2024-11-14 23:13:06', '2025-09-04 06:53:22'),
(2122, '5 Point', NULL, 0, '2024-11-14 23:34:56', '2025-09-04 06:53:22'),
(2123, 'Finest Consultancy Pty Ltd', NULL, 0, '2024-11-15 03:25:46', '2025-09-04 06:53:22'),
(2124, 'ASA Construction', NULL, 0, '2024-11-15 03:51:54', '2025-09-04 06:53:22'),
(2125, 'Aariv Homes', NULL, 0, '2024-11-15 04:21:39', '2025-09-04 06:53:22'),
(2126, 'Plantech Group', NULL, 0, '2024-11-18 04:00:44', '2025-09-04 06:53:22'),
(2127, 'Best Choice Plumbing', NULL, 0, '2024-11-18 04:25:13', '2025-09-04 06:53:22'),
(2128, 'Trilim Dev', NULL, 0, '2024-11-18 04:25:53', '2025-09-04 06:53:22'),
(2129, 'APH', NULL, 0, '2024-11-18 04:26:06', '2025-09-04 06:53:22'),
(2130, 'HTD', NULL, 0, '2024-11-18 19:38:52', '2025-09-04 06:53:22'),
(2131, 'tril', NULL, 0, '2024-11-19 00:04:14', '2025-09-04 06:53:22'),
(2132, 'Alco Homes', NULL, 0, '2024-11-19 02:42:11', '2025-09-04 06:53:22'),
(2133, 'Woodlee', NULL, 0, '2024-11-19 02:58:05', '2025-09-04 06:53:22'),
(2134, 'The Trustee for G9 Property Developers Trust', NULL, 0, '2024-11-19 03:33:54', '2025-09-04 06:53:22'),
(2135, 'Iskcon Homes Pty Ltd', NULL, 0, '2024-11-20 00:05:22', '2025-09-04 06:53:22'),
(2138, 'Austrux Construction Management Pty Ltd', NULL, 0, '2024-11-20 22:53:08', '2025-09-04 06:53:22'),
(2139, 'MELBR', NULL, 0, '2024-11-21 01:12:12', '2025-09-04 06:53:22'),
(2140, 'Melbourne Developers ', NULL, 0, '2024-11-21 01:12:19', '2025-09-04 06:53:22'),
(2141, 'blue c', NULL, 0, '2024-11-21 04:05:23', '2025-09-04 06:53:22'),
(2142, 'ventures', NULL, 0, '2024-11-21 19:17:59', '2025-09-04 06:53:22'),
(2143, 'Iskcon Homes Pty Ltd', NULL, 0, '2024-11-22 01:18:45', '2025-09-04 06:53:22'),
(2144, 'PPS', NULL, 0, '2024-11-22 03:20:27', '2025-09-04 06:53:22'),
(2145, 'ziniya', NULL, 0, '2024-11-22 03:59:31', '2025-09-04 06:53:22'),
(2146, 'The Trustee for Sunbury Life Unit Trust', NULL, 0, '2024-11-22 07:05:34', '2025-09-04 06:53:22'),
(2147, 'Burbank Australia', NULL, 0, '2024-11-25 02:52:05', '2025-09-04 06:53:22'),
(2148, 'ARL Builders Pty Ltd', NULL, 0, '2024-11-25 04:25:42', '2025-09-04 06:53:22'),
(2149, 'Mc Corkell Constructions, Fairbrother Victoria, Melbcon Pty Ltd', NULL, 0, '2024-11-25 08:54:15', '2025-09-04 06:53:22'),
(2150, 'Modcon Projects Pty Ltd T/As Haos Projects', NULL, 0, '2024-11-26 01:16:27', '2025-09-04 06:53:22'),
(2151, 'Luv Homes Pty Ltd ', NULL, 0, '2024-11-26 02:17:28', '2025-09-04 06:53:22'),
(2152, 'EK Built', NULL, 0, '2024-11-26 03:13:01', '2025-09-04 06:53:22'),
(2153, 'Mc Corkel', NULL, 0, '2024-11-26 05:05:56', '2025-09-04 06:53:22'),
(2154, 'SK BuildCon Pty Ltd', NULL, 0, '2024-11-27 20:19:15', '2025-09-04 06:53:22'),
(2155, 'Zora Building Group Pty Ltd', NULL, 0, '2024-11-28 03:19:13', '2025-09-04 06:53:22'),
(2156, 'HTD Construction Pty Ltd', NULL, 0, '2024-11-28 03:47:23', '2025-09-04 06:53:22'),
(2157, 'RS Skyline Pty Ltd', NULL, 0, '2024-11-28 21:49:37', '2025-09-04 06:53:22'),
(2158, 'Finest Homes Pty Ltd', NULL, 0, '2024-11-29 03:17:29', '2025-09-04 06:53:22'),
(2159, 'Amaroo KLF Pty Ltd', NULL, 0, '2024-11-29 03:17:56', '2025-09-04 06:53:22'),
(2160, 'Peter', NULL, 0, '2024-12-01 20:01:21', '2025-09-04 06:53:22'),
(2161, 'Peter, Manu', NULL, 0, '2024-12-01 20:01:27', '2025-09-04 06:53:22'),
(2162, 'Luxor Homes', NULL, 0, '2024-12-02 01:45:53', '2025-09-04 06:53:22'),
(2163, 'Lyntek Construction Pty Ltd ', NULL, 0, '2024-12-02 23:13:08', '2025-09-04 06:53:22'),
(2164, 'KP Homes Pty Ltd', NULL, 0, '2024-12-04 00:41:42', '2025-09-04 06:53:22'),
(2165, 'AJ Construction', NULL, 0, '2024-12-04 01:32:07', '2025-09-04 06:53:22'),
(2166, 'Passive Builders', NULL, 0, '2024-12-04 06:00:22', '2025-09-04 06:53:22'),
(2172, 'Raise Homes', NULL, 0, '2024-12-04 21:25:53', '2025-09-04 06:53:22'),
(2176, 'The Trustee for E.K Impact Construction', NULL, 0, '2024-12-05 03:21:21', '2025-09-04 06:53:22'),
(2177, 'The Trustee for E.K Impact Construction Discretionary Trust T/As EK Built ', NULL, 0, '2024-12-05 03:21:29', '2025-09-04 06:53:22'),
(2178, 'omran', NULL, 0, '2024-12-05 04:24:29', '2025-09-04 06:53:22'),
(2179, 'Omran Allouche', NULL, 0, '2024-12-05 04:24:49', '2025-09-04 06:53:22'),
(2206, 'ARL', NULL, 0, '2024-12-05 23:43:16', '2025-09-04 06:53:22'),
(2207, 'Majha Side Pty Ltd', NULL, 0, '2024-12-06 00:23:07', '2025-09-04 06:53:22'),
(2208, 'Trillium Developments', NULL, 0, '2024-12-08 19:07:37', '2025-09-04 06:53:22'),
(2209, 'SP Buildz Pty Ltd ', NULL, 0, '2024-12-08 23:13:42', '2025-09-04 06:53:22'),
(2210, 'Gilz Build Pty Ltd ', NULL, 0, '2024-12-09 01:00:10', '2025-09-04 06:53:22'),
(2212, 'KLF Amaroo', NULL, 0, '2024-12-09 03:49:15', '2025-09-04 06:53:22'),
(2213, 'luxor', NULL, 0, '2024-12-09 19:10:04', '2025-09-04 06:53:22'),
(2214, 'singh h', NULL, 0, '2024-12-10 04:41:40', '2025-09-04 06:53:22'),
(2215, 'Malwa', NULL, 0, '2024-12-10 18:52:50', '2025-09-04 06:53:22'),
(2216, 'Everest Homes Pty Ltd', NULL, 0, '2024-12-10 21:37:09', '2025-09-04 06:53:22'),
(2217, 'Ashcaulker Pty Ltd', NULL, 0, '2024-12-11 02:04:11', '2025-09-04 06:53:22'),
(2218, 'AJ Valley Homes', NULL, 0, '2024-12-11 02:41:40', '2025-09-04 06:53:22'),
(2219, 'SP build', NULL, 0, '2024-12-11 04:02:36', '2025-09-04 06:53:22'),
(2220, 'sp', NULL, 0, '2024-12-11 22:47:40', '2025-09-04 06:53:22'),
(2221, 'KP H', NULL, 0, '2024-12-12 00:48:57', '2025-09-04 06:53:22'),
(2222, 'Dream Oz International Pty Ltd', NULL, 0, '2024-12-12 01:58:50', '2025-09-04 06:53:22'),
(2223, 'Bharat Construction', NULL, 0, '2024-12-12 04:41:30', '2025-09-04 06:53:22'),
(2224, 'Bhanot construction', NULL, 0, '2024-12-13 02:00:10', '2025-09-04 06:53:22'),
(2225, 'Sunlight Builders Pty Ltd', NULL, 0, '2024-12-15 21:29:19', '2025-09-04 06:53:22'),
(2226, 'woodl', NULL, 0, '2024-12-16 01:58:12', '2025-09-04 06:53:22'),
(2227, 'Khalsa Constructions Pty Ltd (T/As Woodlee Homes)', NULL, 0, '2024-12-16 01:58:19', '2025-09-04 06:53:22'),
(2228, 'Lavish Homes', NULL, 0, '2024-12-16 02:26:32', '2025-09-04 06:53:22'),
(2229, 'Bill & Garry Pty Ltd', NULL, 0, '2024-12-16 23:41:24', '2025-09-04 06:53:22'),
(2230, 'The Trustee for AJ Construction Trust', NULL, 0, '2024-12-17 03:43:49', '2025-09-04 06:53:22'),
(2231, 'MIMS', NULL, 0, '2024-12-17 21:03:43', '2025-09-04 06:53:22'),
(2232, 'No Data Found', NULL, 0, '2024-12-17 21:03:45', '2025-09-04 06:53:22'),
(2233, 'Amaroo KLF Building Pty Ltd', NULL, 0, '2024-12-17 23:33:00', '2025-09-04 06:53:22'),
(2234, 'Searle Bros ', NULL, 0, '2024-12-18 00:50:39', '2025-09-04 06:53:22'),
(2235, 'Vicwest Builders Pty Ltd ', NULL, 0, '2024-12-18 02:07:54', '2025-09-04 06:53:22'),
(2236, 'Kennett Pty Ltd', NULL, 0, '2024-12-18 19:38:42', '2025-09-04 06:53:22'),
(2237, 'Rogers Construction', NULL, 0, '2024-12-18 19:41:14', '2025-09-04 06:53:22'),
(2238, 'Rossiter Constructions ', NULL, 0, '2024-12-18 19:47:56', '2025-09-04 06:53:22'),
(2239, 'ad', NULL, 0, '2024-12-18 21:36:52', '2025-09-04 06:53:22'),
(2240, 'lane', NULL, 0, '2024-12-20 09:22:13', '2025-09-04 06:53:22'),
(2241, 'NextG Holding Pty Ltd T/As D2C Build PtyLtd', NULL, 0, '2025-01-06 19:19:02', '2025-09-04 06:53:22'),
(2242, 'Jenas', NULL, 0, '2025-01-07 22:49:51', '2025-09-04 06:53:22'),
(2243, 'klf', NULL, 0, '2025-01-12 19:32:12', '2025-09-04 06:53:22'),
(2244, 'Dhillon Legacy', NULL, 0, '2025-01-12 23:54:35', '2025-09-04 06:53:22'),
(2245, 'J&Z Designer', NULL, 0, '2025-01-12 23:55:07', '2025-09-04 06:53:22'),
(2246, 'The Trustee for Master Plaster Australia', NULL, 0, '2025-01-13 00:08:13', '2025-09-04 06:53:22'),
(2247, 'oomni', NULL, 0, '2025-01-13 03:07:25', '2025-09-04 06:53:22'),
(2248, 'Rahul Nandan', NULL, 0, '2025-01-14 02:28:36', '2025-09-04 06:53:22'),
(2249, 'Pandher, Prab', NULL, 0, '2025-01-14 20:14:52', '2025-09-04 06:53:22'),
(2250, 'Prab Pandher', NULL, 0, '2025-01-14 21:42:12', '2025-09-04 06:53:22'),
(2251, 'adaro', NULL, 0, '2025-01-15 19:57:51', '2025-09-04 06:53:22'),
(2252, 'ama', NULL, 0, '2025-01-16 23:02:00', '2025-09-04 06:53:22'),
(2253, 'lsp', NULL, 0, '2025-01-16 23:07:30', '2025-09-04 06:53:22'),
(2254, 'PXP Corp Pty Ltd', NULL, 0, '2025-01-16 23:46:16', '2025-09-04 06:53:22'),
(2255, 'vb hom', NULL, 0, '2025-01-20 00:25:16', '2025-09-04 06:53:22'),
(2256, 'Kocamis Construction Pty Ltd', NULL, 0, '2025-01-20 03:03:27', '2025-09-04 06:53:22'),
(2272, 'khushi h', NULL, 0, '2025-01-20 21:23:59', '2025-09-04 06:53:22'),
(2273, 'Kushi Group Pty Ltd T/As Khushi Homes ', NULL, 0, '2025-01-20 21:24:07', '2025-09-04 06:53:22'),
(2274, 'Steve Marville', NULL, 0, '2025-01-22 02:17:37', '2025-09-04 06:53:22'),
(2275, 'Rachel, Ni Yin', NULL, 0, '2025-01-22 09:06:47', '2025-09-04 06:53:22'),
(2276, 'Asgard homes', NULL, 0, '2025-01-23 01:43:12', '2025-09-04 06:53:22'),
(2277, 'Ellari Homes', NULL, 0, '2025-01-23 01:43:24', '2025-09-04 06:53:22'),
(2278, 'shayona', NULL, 0, '2025-01-23 02:16:32', '2025-09-04 06:53:22'),
(2279, 'Troups Creek Pty Ltd', NULL, 0, '2025-01-23 18:17:22', '2025-09-04 06:53:22'),
(2280, 'treek', NULL, 0, '2025-01-23 21:29:01', '2025-09-04 06:53:22'),
(2281, 'troups', NULL, 0, '2025-01-23 21:29:14', '2025-09-04 06:53:22'),
(2282, '', NULL, 0, '2025-01-24 00:56:23', '2025-09-04 06:53:22'),
(2283, 'Northern', NULL, 0, '2025-01-24 01:15:52', '2025-09-04 06:53:22'),
(2284, 'Northern Home Plumbing Services Pty Ltd ', NULL, 0, '2025-01-24 01:16:04', '2025-09-04 06:53:22'),
(2285, 'T/As Spirit Building Group, Tammouz Elsheikh', NULL, 0, '2025-01-24 03:00:59', '2025-09-04 06:53:22'),
(2286, 'Raj Homes', NULL, 0, '2025-01-24 04:03:40', '2025-09-04 06:53:22'),
(2287, 'troup', NULL, 0, '2025-01-24 05:15:32', '2025-09-04 06:53:22'),
(2288, 'Gruham Pty Ltd', NULL, 0, '2025-01-26 18:19:08', '2025-09-04 06:53:22'),
(2289, 'Tammouz Elsheikh T/As Spirit BuildingGroup', NULL, 0, '2025-01-27 21:58:41', '2025-09-04 06:53:22'),
(2290, 'SSB Homes', NULL, 0, '2025-01-27 22:56:46', '2025-09-04 06:53:22'),
(2291, 'Ellari Homes Pty Ltd', NULL, 0, '2025-01-27 23:03:53', '2025-09-04 06:53:22'),
(2292, 'MHC Group', NULL, 0, '2025-01-28 00:57:28', '2025-09-04 06:53:22'),
(2293, 'om', NULL, 0, '2025-01-28 02:58:22', '2025-09-04 06:53:22'),
(2294, 'reyn', NULL, 0, '2025-01-28 21:27:48', '2025-09-04 06:53:22'),
(2295, 'Ryland Group Pty Ltd', NULL, 0, '2025-01-28 21:28:09', '2025-09-04 06:53:22'),
(2296, 'McAu', NULL, 0, '2025-01-28 23:58:21', '2025-09-04 06:53:22'),
(2297, 'B. Builders Pty Ltd', NULL, 0, '2025-01-29 22:00:10', '2025-09-04 06:53:22'),
(2298, 'Ranjeet Singh Gill', NULL, 0, '2025-01-30 02:59:05', '2025-09-04 06:53:22'),
(2299, 'Guru', NULL, 0, '2025-01-30 06:43:30', '2025-09-04 06:53:22'),
(2300, 'JAKE', NULL, 0, '2025-01-30 06:43:37', '2025-09-04 06:53:22'),
(2301, 'Ranjeet Singh Gill', NULL, 0, '2025-01-30 18:50:53', '2025-09-04 06:53:22'),
(2302, 'SK Build', NULL, 0, '2025-01-30 21:51:21', '2025-09-04 06:53:22'),
(2303, '3', NULL, 0, '2025-01-31 01:54:39', '2025-09-04 06:53:22'),
(2304, 'naido', NULL, 0, '2025-01-31 03:10:15', '2025-09-04 06:53:22'),
(2305, 'Pooban Naidoo', NULL, 0, '2025-01-31 03:19:49', '2025-09-04 06:53:22'),
(2306, 'Baskarathas, Steven', NULL, 0, '2025-01-31 03:50:03', '2025-09-04 06:53:22'),
(2307, 'r homes', NULL, 0, '2025-02-02 17:56:56', '2025-09-04 06:53:22'),
(2308, 'Steven Baskarathas', NULL, 0, '2025-02-03 01:02:00', '2025-09-04 06:53:22'),
(2309, 'DLF Projects', NULL, 0, '2025-02-03 23:11:14', '2025-09-04 06:53:22'),
(2310, 'wood', NULL, 0, '2025-02-03 23:12:20', '2025-09-04 06:53:22'),
(2311, 'Abdullah Khan', NULL, 0, '2025-02-04 01:30:00', '2025-09-04 06:53:22'),
(2312, 'Louis', NULL, 0, '2025-02-04 01:30:05', '2025-09-04 06:53:22'),
(2313, 'Louis , Louis', NULL, 0, '2025-02-04 21:14:41', '2025-09-04 06:53:22'),
(2314, 'Alta Homes Pty Ltd', NULL, 0, '2025-02-04 21:49:24', '2025-09-04 06:53:22'),
(2315, 'HK Unique Homes Pty Ltd', NULL, 0, '2025-02-04 22:47:07', '2025-09-04 06:53:22'),
(2316, 'Longcon Development Pty Ltd ', NULL, 0, '2025-02-05 00:57:29', '2025-09-04 06:53:22'),
(2317, 'Core Project', NULL, 0, '2025-02-05 02:49:08', '2025-09-04 06:53:22'),
(2318, 'alta ', NULL, 0, '2025-02-05 03:37:55', '2025-09-04 06:53:22'),
(2319, 'Creat', NULL, 0, '2025-02-05 22:19:23', '2025-09-04 06:53:22'),
(2320, 'Mahaarish Pty Ltd T/As Mahaarish Constructions', NULL, 0, '2025-02-06 01:26:01', '2025-09-04 06:53:22'),
(2321, 'Finebuild', NULL, 0, '2025-02-06 02:29:21', '2025-09-04 06:53:22'),
(2322, 'Twi', NULL, 0, '2025-02-06 21:28:57', '2025-09-04 06:53:22'),
(2323, 'The Trustee for Guntupalli Family Trust T/As Clement Homes and Developments ', NULL, 0, '2025-02-06 22:08:11', '2025-09-04 06:53:22'),
(2324, 'Inova Homes Pty Ltd', NULL, 0, '2025-02-07 01:44:20', '2025-09-04 06:53:22'),
(2325, 'Kian Homes', NULL, 0, '2025-02-07 03:34:41', '2025-09-04 06:53:22'),
(2326, 'The Trustee for Guntupalli Family Trust T/AsClement Family Homes', NULL, 0, '2025-02-09 19:00:47', '2025-09-04 06:53:22'),
(2327, 'Bector Karan', NULL, 0, '2025-02-10 02:21:07', '2025-09-04 06:53:22'),
(2328, 'Bector , Karan ', NULL, 0, '2025-02-10 03:08:59', '2025-09-04 06:53:22'),
(2329, 'Sikhtrans Solution Pty Ltd T/As Infinity Homes Construction Group', NULL, 0, '2025-02-10 19:20:55', '2025-09-04 06:53:22'),
(2330, 'Structure Point Pty Ltd', NULL, 0, '2025-02-10 21:34:49', '2025-09-04 06:53:22'),
(2331, 'Minal Constructions Pty Ltd T/A MishalHomes', NULL, 0, '2025-02-10 22:05:41', '2025-09-04 06:53:22'),
(2332, 'Minal Constructions Pty Ltd T/A Mishal Homes', NULL, 0, '2025-02-11 01:38:05', '2025-09-04 06:53:22'),
(2333, 'The Trustee for The Tapia Family Trust T/As Tapia Homes', NULL, 0, '2025-02-11 21:56:15', '2025-09-04 06:53:22'),
(2334, 'k&b', NULL, 0, '2025-02-12 03:57:15', '2025-09-04 06:53:22'),
(2335, 'K&B Homes', NULL, 0, '2025-02-12 03:57:32', '2025-09-04 06:53:22'),
(2336, 'Vikram Kommula', NULL, 0, '2025-02-12 04:36:35', '2025-09-04 06:53:22'),
(2337, 'Mujibur Rahman', NULL, 0, '2025-02-12 21:12:43', '2025-09-04 06:53:22'),
(2338, 'Kailay & Boparai Pty Ltd T/As K&B Homes', NULL, 0, '2025-02-12 21:22:59', '2025-09-04 06:53:22'),
(2339, 'bharat', NULL, 0, '2025-02-13 00:44:54', '2025-09-04 06:53:22'),
(2340, 'Bharat Construction Pty Ltd T/As Sakoon Homes', NULL, 0, '2025-02-13 00:45:04', '2025-09-04 06:53:22'),
(2341, 'Tim Uzun', NULL, 0, '2025-02-13 02:30:53', '2025-09-04 06:53:22'),
(2342, 'bector', NULL, 0, '2025-02-13 02:36:22', '2025-09-04 06:53:22'),
(2343, 'Paxus Group', NULL, 0, '2025-02-13 19:55:41', '2025-09-04 06:53:22'),
(2344, 'js builder', NULL, 0, '2025-02-13 23:50:54', '2025-09-04 06:53:22'),
(2345, 'Burbank', NULL, 0, '2025-02-14 02:02:14', '2025-09-04 06:53:22'),
(2346, 'Tim Zun', NULL, 0, '2025-02-14 04:31:18', '2025-09-04 06:53:22'),
(2347, 'Vi', NULL, 0, '2025-02-14 04:48:38', '2025-09-04 06:53:22'),
(2348, 'VK ', NULL, 0, '2025-02-17 03:45:31', '2025-09-04 06:53:22'),
(2349, 'VK Homes', NULL, 0, '2025-02-17 03:45:55', '2025-09-04 06:53:22'),
(2350, '75 Homes Oty Ltd', NULL, 0, '2025-02-17 21:44:54', '2025-09-04 06:53:22'),
(2351, 'Leen Project', NULL, 0, '2025-02-17 22:56:02', '2025-09-04 06:53:22'),
(2352, 'dhillon', NULL, 0, '2025-02-18 00:14:24', '2025-09-04 06:53:22'),
(2353, '75 Homes Pty Ltd', NULL, 0, '2025-02-18 00:22:24', '2025-09-04 06:53:22'),
(2354, 'Rio Homes', NULL, 0, '2025-02-18 03:22:48', '2025-09-04 06:53:22'),
(2355, 'finebu', NULL, 0, '2025-02-18 23:44:45', '2025-09-04 06:53:22'),
(2356, 'Dullet Construction', NULL, 0, '2025-02-19 00:10:34', '2025-09-04 06:53:22'),
(2357, 'David Reid Melb', NULL, 0, '2025-02-19 03:07:27', '2025-09-04 06:53:22'),
(2358, 'The Trustee for Wabougun Trading Trust', NULL, 0, '2025-02-19 03:12:49', '2025-09-04 06:53:22'),
(2359, 'David Reid Inner Homes', NULL, 0, '2025-02-20 01:43:51', '2025-09-04 06:53:22'),
(2360, 'Nextgen Commercial', NULL, 0, '2025-02-20 02:39:09', '2025-09-04 06:53:22'),
(2361, 'B & B Construction Pty Ltd ', NULL, 0, '2025-02-20 20:25:14', '2025-09-04 06:53:22'),
(2362, 'Anita', NULL, 0, '2025-02-21 01:13:26', '2025-09-04 06:53:22'),
(2363, 'APV Homes', NULL, 0, '2025-02-21 01:13:43', '2025-09-04 06:53:22'),
(2364, 'Aussie Dream Homes', NULL, 0, '2025-02-24 00:51:23', '2025-09-04 06:53:22'),
(2365, 'newke', NULL, 0, '2025-02-25 00:31:42', '2025-09-04 06:53:22'),
(2366, 'vikram', NULL, 0, '2025-02-25 02:30:27', '2025-09-04 06:53:22'),
(2367, 'Husain Al Saady (Owner Builder)', NULL, 0, '2025-02-25 22:43:22', '2025-09-04 06:53:22'),
(2368, 'Bharat Homes Pty Ltd', NULL, 0, '2025-02-25 23:32:43', '2025-09-04 06:53:22'),
(2369, 'Vriaad Homes Pty Ltd', NULL, 0, '2025-02-26 19:24:16', '2025-09-04 06:53:22'),
(2370, 'B&B Construction', NULL, 0, '2025-02-26 21:29:31', '2025-09-04 06:53:22'),
(2371, 'Vriaad Ventures', NULL, 0, '2025-02-27 02:15:01', '2025-09-04 06:53:22'),
(2372, 'Ron O\'Neill', NULL, 0, '2025-02-27 05:11:18', '2025-09-04 06:53:22'),
(2373, 'Best N Less Construction Pty Ltd ', NULL, 0, '2025-02-27 19:15:00', '2025-09-04 06:53:22'),
(2374, 'Mr Naveed Kashif Naqibi', NULL, 0, '2025-02-28 03:00:09', '2025-09-04 06:53:22'),
(2375, 'Naveed Habibi', NULL, 0, '2025-03-02 18:59:40', '2025-09-04 06:53:22'),
(2376, 'Naqibi, Naveed Kashif', NULL, 0, '2025-03-02 19:04:38', '2025-09-04 06:53:22'),
(2377, 'ka', NULL, 0, '2025-03-03 01:08:12', '2025-09-04 06:53:22'),
(2378, 'Skyridge Homes', NULL, 0, '2025-03-03 01:09:05', '2025-09-04 06:53:22'),
(2379, 'Divine Dine', NULL, 0, '2025-03-04 03:22:35', '2025-09-04 06:53:22'),
(2380, 'B&B Construction Pty Ltd', NULL, 0, '2025-03-04 20:02:10', '2025-09-04 06:53:22'),
(2381, 'Heleba Australia', NULL, 0, '2025-03-05 01:16:25', '2025-09-04 06:53:22'),
(2382, 'b&b contr', NULL, 0, '2025-03-05 01:17:06', '2025-09-04 06:53:22'),
(2383, 'b&b contru', NULL, 0, '2025-03-05 01:18:17', '2025-09-04 06:53:22'),
(2384, 'B&B contruction pty ltd', NULL, 0, '2025-03-05 01:18:41', '2025-09-04 06:53:22'),
(2385, 'helen', NULL, 0, '2025-03-05 02:48:03', '2025-09-04 06:53:22'),
(2386, 'Helena Australia and Omran Allouche', NULL, 0, '2025-03-05 02:48:33', '2025-09-04 06:53:22'),
(2387, 'Helena Australia and ', NULL, 0, '2025-03-05 03:04:29', '2025-09-04 06:53:22'),
(2388, 'Helena Australia', NULL, 0, '2025-03-05 03:04:33', '2025-09-04 06:53:22'),
(2389, 'apv ', NULL, 0, '2025-03-05 21:23:09', '2025-09-04 06:53:22'),
(2390, 'Vigor Holmes', NULL, 0, '2025-03-06 02:46:26', '2025-09-04 06:53:22'),
(2391, 'Rami Odish', NULL, 0, '2025-03-06 02:46:33', '2025-09-04 06:53:22'),
(2392, 'M And K Pty Ltd', NULL, 0, '2025-03-06 03:00:44', '2025-09-04 06:53:22'),
(2393, 'son builder', NULL, 0, '2025-03-06 03:07:16', '2025-09-04 06:53:22'),
(2394, 'Pacific Constructions Vic P/L', NULL, 0, '2025-03-07 00:52:46', '2025-09-04 06:53:22'),
(2395, 'kp homes', NULL, 0, '2025-03-07 01:56:13', '2025-09-04 06:53:22'),
(2396, 'estimate K&B Homes', NULL, 0, '2025-03-09 19:39:10', '2025-09-04 06:53:22'),
(2397, 'KP ', NULL, 0, '2025-03-09 20:06:23', '2025-09-04 06:53:22'),
(2398, 'Pasific Construction ', NULL, 0, '2025-03-10 00:19:37', '2025-09-04 06:53:22'),
(2399, 'Rania Builder', NULL, 0, '2025-03-11 22:33:56', '2025-09-04 06:53:22'),
(2400, 'n/a', NULL, 0, '2025-03-11 22:53:51', '2025-09-04 06:53:22'),
(2401, 'Australi', NULL, 0, '2025-03-11 23:14:59', '2025-09-04 06:53:22'),
(2402, 'The Trustee For Master Plaster Australia T/As Master Plaster', NULL, 0, '2025-03-12 02:56:18', '2025-09-04 06:53:22'),
(2403, 'rain', NULL, 0, '2025-03-12 18:30:45', '2025-09-04 06:53:22'),
(2404, 'Neveed Kashif', NULL, 0, '2025-03-13 00:02:28', '2025-09-04 06:53:22'),
(2405, 'Fabric Building Group', NULL, 0, '2025-03-13 03:11:28', '2025-09-04 06:53:22'),
(2406, 'amn', NULL, 0, '2025-03-13 03:46:12', '2025-09-04 06:53:22'),
(2407, 'AUSTRALIAN', NULL, 0, '2025-03-14 01:15:36', '2025-09-04 06:53:22'),
(2408, 'Global Build Group Pty. Ltd, ', NULL, 0, '2025-03-16 20:04:18', '2025-09-04 06:53:22'),
(2409, 'Global Build Group Pty. Ltd, Enable Group Pty Ltd', NULL, 0, '2025-03-16 20:04:29', '2025-09-04 06:53:22'),
(2410, 'Global Build Group Pty. Ltd', NULL, 0, '2025-03-16 21:42:26', '2025-09-04 06:53:22'),
(2411, 'Enable Group Pty Ltd & Global Build Group Pty. Ltd.', NULL, 0, '2025-03-17 02:57:03', '2025-09-04 06:53:22'),
(2412, 'Vriaad ', NULL, 0, '2025-03-18 00:33:44', '2025-09-04 06:53:22'),
(2413, 'j&z ', NULL, 0, '2025-03-18 23:59:50', '2025-09-04 06:53:22'),
(2414, 'designer ', NULL, 0, '2025-03-19 00:00:08', '2025-09-04 06:53:22'),
(2415, 'Enable Group Pty Ltd', NULL, 0, '2025-03-19 20:20:04', '2025-09-04 06:53:22'),
(2416, 'Maac homes', NULL, 0, '2025-03-19 21:02:36', '2025-09-04 06:53:22'),
(2417, 'Shrapnel Trading Pty Ltd T/As Son Builders', NULL, 0, '2025-03-19 21:22:49', '2025-09-04 06:53:22'),
(2418, 'mujibu', NULL, 0, '2025-03-19 22:43:46', '2025-09-04 06:53:22'),
(2419, 'indo-pac', NULL, 0, '2025-03-20 01:17:13', '2025-09-04 06:53:22'),
(2420, 'Indo-Pacific Builders, Exporters and Importers Pty Ltd ', NULL, 0, '2025-03-20 01:17:32', '2025-09-04 06:53:22'),
(2421, 'plan', NULL, 0, '2025-03-20 23:29:07', '2025-09-04 06:53:22'),
(2422, 'Jeff Williams Building Services Pty Ltd', NULL, 0, '2025-03-23 18:21:04', '2025-09-04 06:53:22'),
(2423, 'Rania Design & Build Pty Ltd ', NULL, 0, '2025-03-23 19:28:23', '2025-09-04 06:53:22'),
(2424, 'Jake Lombard', NULL, 0, '2025-03-23 21:51:40', '2025-09-04 06:53:22'),
(2425, 'Lombard, Jake', NULL, 0, '2025-03-23 22:26:21', '2025-09-04 06:53:22'),
(2426, 'Matt & Tom Builders', NULL, 0, '2025-03-24 22:32:48', '2025-09-04 06:53:22'),
(2427, 'Maben Group, Insitu Group, CIP Construction, Four SQ', NULL, 0, '2025-03-25 00:44:05', '2025-09-04 06:53:22'),
(2428, 'maac', NULL, 0, '2025-03-25 01:39:11', '2025-09-04 06:53:22'),
(2429, '-=', NULL, 0, '2025-03-25 01:54:46', '2025-09-04 06:53:22'),
(2430, 'Avid design & construction pty ltd', NULL, 0, '2025-03-25 02:37:45', '2025-09-04 06:53:22'),
(2431, 'infi', NULL, 0, '2025-03-25 21:07:38', '2025-09-04 06:53:22'),
(2432, 'Indo-Pacific Builders, Exporters andImporters Pty Ltd', NULL, 0, '2025-03-25 21:07:47', '2025-09-04 06:53:22'),
(2433, 'E.K Impact Construction', NULL, 0, '2025-03-25 22:32:10', '2025-09-04 06:53:22'),
(2434, 'The Trustee For Gk Dhillon Family Trust', NULL, 0, '2025-03-26 00:10:25', '2025-09-04 06:53:22'),
(2435, 'Anta Superannuation', NULL, 0, '2025-03-26 00:36:23', '2025-09-04 06:53:22'),
(2436, 'The Anta Superannuation Fund ', NULL, 0, '2025-03-26 00:36:31', '2025-09-04 06:53:22'),
(2437, 'Mandeep Kainth', NULL, 0, '2025-03-26 01:27:20', '2025-09-04 06:53:22'),
(2438, 'Kainth, Mandeep (Manny)', NULL, 0, '2025-03-26 02:55:12', '2025-09-04 06:53:22'),
(2439, 'rising star', NULL, 0, '2025-03-26 20:38:24', '2025-09-04 06:53:22'),
(2440, 'Ireland Brown Construction', NULL, 0, '2025-03-27 00:57:10', '2025-09-04 06:53:22'),
(2441, 'Franklin Group', NULL, 0, '2025-03-27 01:32:12', '2025-09-04 06:53:22'),
(2442, 'Adrian Barry', NULL, 0, '2025-03-28 00:35:24', '2025-09-04 06:53:22'),
(2443, 'Heepra Construction Pty Ltd', NULL, 0, '2025-03-28 00:44:31', '2025-09-04 06:53:22'),
(2444, 'Vista Building', NULL, 0, '2025-03-28 01:07:22', '2025-09-04 06:53:22'),
(2445, 'Amarok Homes', NULL, 0, '2025-04-02 22:14:38', '2025-09-04 06:53:22'),
(2446, 'LaBella Homes Pty Ltd ', NULL, 0, '2025-04-03 00:47:49', '2025-09-04 06:53:22'),
(2447, 'makr', NULL, 0, '2025-04-04 01:44:10', '2025-09-04 06:53:22'),
(2448, 'HTD commercial Pty Ltd', NULL, 0, '2025-04-06 19:39:50', '2025-09-04 06:53:22'),
(2449, 'project', NULL, 0, '2025-04-06 19:57:46', '2025-09-04 06:53:22'),
(2450, 'Si', NULL, 0, '2025-04-06 21:55:24', '2025-09-04 06:53:22'),
(2451, 'Energy efficient', NULL, 0, '2025-04-07 00:33:08', '2025-09-04 06:53:22'),
(2452, 'CA Property Group', NULL, 0, '2025-04-07 18:37:25', '2025-09-04 06:53:22'),
(2453, 'Zara Home & Co Pty Ltd', NULL, 0, '2025-04-07 20:01:13', '2025-09-04 06:53:22'),
(2454, 'Build Now ', NULL, 0, '2025-04-07 22:17:42', '2025-09-04 06:53:22'),
(2455, 'Toscano, Salvatore & Filomena', NULL, 0, '2025-04-08 00:28:24', '2025-09-04 06:53:22'),
(2456, 'Omni', NULL, 0, '2025-04-08 18:28:24', '2025-09-04 06:53:22'),
(2457, 'asca', NULL, 0, '2025-04-09 05:39:24', '2025-09-04 06:53:22'),
(2458, 'Innova Homes', NULL, 0, '2025-04-09 21:04:53', '2025-09-04 06:53:22'),
(2459, 'Sahib Homes', NULL, 0, '2025-04-09 22:01:36', '2025-09-04 06:53:22'),
(2460, 'Mohammed Amirul Islam', NULL, 0, '2025-04-11 01:08:48', '2025-09-04 06:53:22'),
(2461, 'arl b', NULL, 0, '2025-04-11 01:10:16', '2025-09-04 06:53:22'),
(2462, 'zac c', NULL, 0, '2025-04-11 01:10:27', '2025-09-04 06:53:22'),
(2463, 'fine', NULL, 0, '2025-04-13 23:26:25', '2025-09-04 06:53:22'),
(2464, 'punjab', NULL, 0, '2025-04-14 01:47:47', '2025-09-04 06:53:22'),
(2465, 'Indo-Pacific Builders', NULL, 0, '2025-04-14 01:49:48', '2025-09-04 06:53:22'),
(2466, 'Harris HMC Construction,', NULL, 0, '2025-04-14 23:38:17', '2025-09-04 06:53:22'),
(2467, 'Bawa Builder Pty Ltd', NULL, 0, '2025-04-15 02:58:10', '2025-09-04 06:53:22'),
(2468, 'finest', NULL, 0, '2025-04-15 18:53:57', '2025-09-04 06:53:22'),
(2469, 'Indo', NULL, 0, '2025-04-15 23:00:01', '2025-09-04 06:53:22'),
(2470, 'Renify', NULL, 0, '2025-04-16 22:22:58', '2025-09-04 06:53:22'),
(2471, 'Flowstream Plumbing', NULL, 0, '2025-04-17 02:42:51', '2025-09-04 06:53:22'),
(2472, 'Lorden Vella Pty Ltd', NULL, 0, '2025-04-17 02:43:03', '2025-09-04 06:53:22'),
(2473, 'Bacchus Construction', NULL, 0, '2025-04-17 06:50:26', '2025-09-04 06:53:22'),
(2474, 'Gruham', NULL, 0, '2025-04-18 00:03:51', '2025-09-04 06:53:22'),
(2475, 'HKM Construction', NULL, 0, '2025-04-18 01:11:31', '2025-09-04 06:53:22'),
(2476, 'HKM', NULL, 0, '2025-04-20 22:07:53', '2025-09-04 06:53:22'),
(2477, 'Mr. Nicolas Anthony Camilleri T/As Flowstream Plumbing ', NULL, 0, '2025-04-21 00:24:14', '2025-09-04 06:53:22'),
(2478, 'Vista Building', NULL, 0, '2025-04-21 01:36:19', '2025-09-04 06:53:22'),
(2479, 'Vista BuildingBuildforme', NULL, 0, '2025-04-21 01:36:40', '2025-09-04 06:53:22'),
(2480, ' Demirci, Baran', NULL, 0, '2025-04-21 19:32:19', '2025-09-04 06:53:22'),
(2481, 'Demirci, Baran', NULL, 0, '2025-04-21 19:32:22', '2025-09-04 06:53:22'),
(2482, 'wicw', NULL, 0, '2025-04-21 23:22:13', '2025-09-04 06:53:22'),
(2483, 'al sirat', NULL, 0, '2025-04-21 23:25:18', '2025-09-04 06:53:22'),
(2484, 'Naveed', NULL, 0, '2025-04-22 23:36:16', '2025-09-04 06:53:22'),
(2485, 'makra', NULL, 0, '2025-04-23 02:58:37', '2025-09-04 06:53:22'),
(2486, 'pers', NULL, 0, '2025-04-23 18:51:18', '2025-09-04 06:53:22'),
(2487, 'Sair\'s Builder Pty Ltd', NULL, 0, '2025-04-23 18:57:56', '2025-09-04 06:53:22'),
(2488, 'The Trustee for The Gabriel & Laila Kairouz Family TrustT/As Jordan Services Pty Ltd', NULL, 0, '2025-04-24 00:46:49', '2025-09-04 06:53:22'),
(2489, 'Rhys Smith', NULL, 0, '2025-04-24 02:41:58', '2025-09-04 06:53:22'),
(2490, 'Jordan Services', NULL, 0, '2025-04-24 02:42:12', '2025-09-04 06:53:22'),
(2491, 'QCon Pty Ltd ', NULL, 0, '2025-04-24 20:09:02', '2025-09-04 06:53:22'),
(2492, '=', NULL, 0, '2025-04-25 01:05:14', '2025-09-04 06:53:22'),
(2493, 'best and less', NULL, 0, '2025-04-27 18:28:16', '2025-09-04 06:53:22'),
(2494, 'best and les', NULL, 0, '2025-04-27 18:28:24', '2025-09-04 06:53:22'),
(2495, 'punjabi', NULL, 0, '2025-04-28 00:54:08', '2025-09-04 06:53:22'),
(2496, 'Sajid Nawaz', NULL, 0, '2025-04-29 01:07:59', '2025-09-04 06:53:22'),
(2497, 'Bl', NULL, 0, '2025-04-29 18:30:45', '2025-09-04 06:53:22'),
(2498, 'singh ho', NULL, 0, '2025-04-29 23:45:02', '2025-09-04 06:53:22'),
(2499, 'Chris Nikolaidis', NULL, 0, '2025-04-30 02:45:09', '2025-09-04 06:53:22'),
(2500, 'SSK Construction', NULL, 0, '2025-04-30 21:53:26', '2025-09-04 06:53:22'),
(2501, 'Kahlons Homes', NULL, 0, '2025-04-30 22:30:57', '2025-09-04 06:53:22'),
(2502, 'Mr Sandeep Kapoor (Owner Builder)', NULL, 0, '2025-05-01 21:31:51', '2025-09-04 06:53:22'),
(2503, 'humble', NULL, 0, '2025-05-02 01:46:30', '2025-09-04 06:53:22'),
(2504, 'Humble Designer', NULL, 0, '2025-05-02 01:46:41', '2025-09-04 06:53:22'),
(2505, 'The Trustee For Punjab Homes Unit Trust', NULL, 0, '2025-05-03 00:58:59', '2025-09-04 06:53:22'),
(2506, 'b&b const', NULL, 0, '2025-05-05 01:55:39', '2025-09-04 06:53:22');
INSERT INTO `builders` (`id`, `title`, `description`, `archive`, `created_at`, `updated_at`) VALUES
(2507, 'e.k h', NULL, 0, '2025-05-05 01:56:02', '2025-09-04 06:53:22'),
(2508, 'Oreana', NULL, 0, '2025-05-05 02:05:30', '2025-09-04 06:53:22'),
(2509, '(Owner Builder), Maureen John', NULL, 0, '2025-05-05 22:31:37', '2025-09-04 06:53:22'),
(2510, 'Maben Group', NULL, 0, '2025-05-05 23:39:01', '2025-09-04 06:53:22'),
(2511, 'b&b', NULL, 0, '2025-05-06 02:18:52', '2025-09-04 06:53:22'),
(2512, 'B&B Constructions (Aust) Pty Ltd', NULL, 0, '2025-05-06 02:19:02', '2025-09-04 06:53:22'),
(2513, 'Skyr', NULL, 0, '2025-05-06 19:43:02', '2025-09-04 06:53:22'),
(2514, 'Boutique', NULL, 0, '2025-05-08 00:33:21', '2025-09-04 06:53:22'),
(2515, 'Bharat Construction ', NULL, 0, '2025-05-08 01:02:54', '2025-09-04 06:53:22'),
(2516, 'B&B Constructions', NULL, 0, '2025-05-08 01:10:10', '2025-09-04 06:53:22'),
(2517, 'Vista Building Pty Ltd ', NULL, 0, '2025-05-08 02:00:27', '2025-09-04 06:53:22'),
(2518, 'B&B c', NULL, 0, '2025-05-08 02:43:27', '2025-09-04 06:53:22'),
(2519, 'Bojan Jankovic\'s', NULL, 0, '2025-05-08 02:46:43', '2025-09-04 06:53:22'),
(2520, 'perspec', NULL, 0, '2025-05-08 19:56:32', '2025-09-04 06:53:22'),
(2521, 'KS Property Group Pty Ltd', NULL, 0, '2025-05-08 21:20:33', '2025-09-04 06:53:22'),
(2522, 'Australian Home Dreams Pty Ltd ', NULL, 0, '2025-05-09 00:16:09', '2025-09-04 06:53:22'),
(2523, 'Australian Home Dreams Pty Ltd ', NULL, 0, '2025-05-09 00:16:13', '2025-09-04 06:53:22'),
(2524, 'raising', NULL, 0, '2025-05-09 00:29:08', '2025-09-04 06:53:22'),
(2525, 'Rising start', NULL, 0, '2025-05-09 00:29:24', '2025-09-04 06:53:22'),
(2526, 'KBN Homes', NULL, 0, '2025-05-11 18:59:34', '2025-09-04 06:53:22'),
(2527, 'KBN Homes Pty Ltd', NULL, 0, '2025-05-11 18:59:50', '2025-09-04 06:53:22'),
(2528, 'Ess and Aay Pty Ltd T/As Humble Designer Homes ', NULL, 0, '2025-05-11 20:56:52', '2025-09-04 06:53:22'),
(2529, 'J & S Homes', NULL, 0, '2025-05-12 02:20:54', '2025-09-04 06:53:22'),
(2530, 'carth', NULL, 0, '2025-05-14 02:44:29', '2025-09-04 06:53:22'),
(2531, 'Cathedral Homes Pty Ltd', NULL, 0, '2025-05-14 02:45:40', '2025-09-04 06:53:22'),
(2532, 'evve', NULL, 0, '2025-05-14 02:51:24', '2025-09-04 06:53:22'),
(2533, 'b&b cons', NULL, 0, '2025-05-14 05:03:11', '2025-09-04 06:53:22'),
(2534, 'B&B Constructions (Aust) Pty Ltd ', NULL, 0, '2025-05-14 05:03:25', '2025-09-04 06:53:22'),
(2535, 'Next Level Homes & Renovations Pty Ltd', NULL, 0, '2025-05-19 00:15:08', '2025-09-04 06:53:22'),
(2536, 'vicUrban', NULL, 0, '2025-05-19 01:06:38', '2025-09-04 06:53:22'),
(2537, 'VicUrban Homes', NULL, 0, '2025-05-19 01:06:44', '2025-09-04 06:53:22'),
(2538, 'labella', NULL, 0, '2025-05-19 21:24:12', '2025-09-04 06:53:22'),
(2539, 'vest', NULL, 0, '2025-05-20 20:14:24', '2025-09-04 06:53:22'),
(2540, 'trillium ', NULL, 0, '2025-05-21 00:22:32', '2025-09-04 06:53:22'),
(2541, 'CDRS Global Pty Ltd', NULL, 0, '2025-05-21 03:39:28', '2025-09-04 06:53:22'),
(2542, 'o', NULL, 0, '2025-05-22 01:46:01', '2025-09-04 06:53:22'),
(2543, 'nav', NULL, 0, '2025-05-22 03:35:05', '2025-09-04 06:53:22'),
(2544, 'ryland', NULL, 0, '2025-05-23 03:02:52', '2025-09-04 06:53:22'),
(2545, 'Ek', NULL, 0, '2025-05-26 02:41:44', '2025-09-04 06:53:22'),
(2546, 'Green Value Property Group', NULL, 0, '2025-05-26 20:36:05', '2025-09-04 06:53:22'),
(2547, 'EA Josan Pty Ltd', NULL, 0, '2025-05-27 01:30:14', '2025-09-04 06:53:22'),
(2548, 'MWF', NULL, 0, '2025-05-27 05:50:53', '2025-09-04 06:53:22'),
(2549, 'MWF Construction', NULL, 0, '2025-05-27 05:50:58', '2025-09-04 06:53:22'),
(2550, 'Varan Construction', NULL, 0, '2025-05-27 05:52:05', '2025-09-04 06:53:22'),
(2551, 'Sunfin Homes', NULL, 0, '2025-05-30 00:48:20', '2025-09-04 06:53:22'),
(2552, 'Kennett Builders', NULL, 0, '2025-05-30 00:54:35', '2025-09-04 06:53:22'),
(2553, 'M & M Constructiuon Management Pty Ltd', NULL, 0, '2025-06-03 01:50:44', '2025-09-04 06:53:22'),
(2554, 'bill and Gerry', NULL, 0, '2025-06-03 04:35:36', '2025-09-04 06:53:22'),
(2555, 'Bill and Garry', NULL, 0, '2025-06-03 04:35:43', '2025-09-04 06:53:22'),
(2556, 'highl', NULL, 0, '2025-06-03 21:36:03', '2025-09-04 06:53:22'),
(2557, 'BMF Builders', NULL, 0, '2025-06-04 02:26:01', '2025-09-04 06:53:22'),
(2558, 'sp i', NULL, 0, '2025-06-04 04:39:17', '2025-09-04 06:53:22'),
(2559, 'Sp in', NULL, 0, '2025-06-04 04:39:24', '2025-09-04 06:53:22'),
(2560, 'Sp inovation', NULL, 0, '2025-06-04 04:39:53', '2025-09-04 06:53:22'),
(2561, 'Santvan Homes Pty Ltd', NULL, 0, '2025-06-05 01:44:36', '2025-09-04 06:53:22'),
(2562, 'M & M ', NULL, 0, '2025-06-05 05:34:49', '2025-09-04 06:53:22'),
(2563, 'M & M Construction', NULL, 0, '2025-06-05 05:34:55', '2025-09-04 06:53:22'),
(2564, 'Fusion Homes', NULL, 0, '2025-06-08 20:00:07', '2025-09-04 06:53:22'),
(2565, 'Flourish Building and Construction Pty Ltd ', NULL, 0, '2025-06-08 22:41:02', '2025-09-04 06:53:22'),
(2566, 'bella ', NULL, 0, '2025-06-08 22:58:44', '2025-09-04 06:53:22'),
(2567, 'Comi Construction Pty Ltd ', NULL, 0, '2025-06-08 23:40:36', '2025-09-04 06:53:22'),
(2568, 'TEST.', NULL, 0, '2025-06-09 02:52:17', '2025-09-04 06:53:22'),
(2569, 'carlisle', NULL, 0, '2025-06-09 03:39:26', '2025-09-04 06:53:22'),
(2570, 'Daniel De Salvo', NULL, 0, '2025-06-10 01:51:17', '2025-09-04 06:53:22'),
(2571, 'M & M Constructiuon Management Pty Ltd ', NULL, 0, '2025-06-10 02:03:38', '2025-09-04 06:53:22'),
(2572, 'Kiizen Construction & Development ', NULL, 0, '2025-06-10 02:54:20', '2025-09-04 06:53:22'),
(2573, 'fabr', NULL, 0, '2025-06-10 04:37:12', '2025-09-04 06:53:22'),
(2574, 'san', NULL, 0, '2025-06-11 01:52:22', '2025-09-04 06:53:22'),
(2575, 'lane build', NULL, 0, '2025-06-11 03:12:16', '2025-09-04 06:53:22'),
(2576, 'tempo', NULL, 0, '2025-06-11 23:37:37', '2025-09-04 06:53:22'),
(2577, 'flourish', NULL, 0, '2025-06-12 02:27:10', '2025-09-04 06:53:22'),
(2578, 'James\'s Client', NULL, 0, '2025-06-12 02:27:31', '2025-09-04 06:53:22'),
(2579, 'aine', NULL, 0, '2025-06-12 02:43:28', '2025-09-04 06:53:22'),
(2580, 'innovative', NULL, 0, '2025-06-12 03:38:57', '2025-09-04 06:53:22'),
(2581, 'Innovative Homes', NULL, 0, '2025-06-12 03:39:17', '2025-09-04 06:53:22'),
(2582, 'Valeo Construction', NULL, 0, '2025-06-13 00:04:51', '2025-09-04 06:53:22'),
(2583, 'Aine dis', NULL, 0, '2025-06-13 03:29:23', '2025-09-04 06:53:22'),
(2584, 'BMF b', NULL, 0, '2025-06-13 03:29:34', '2025-09-04 06:53:22'),
(2585, 'DT Connection', NULL, 0, '2025-06-15 23:45:26', '2025-09-04 06:53:22'),
(2586, 'B&B con', NULL, 0, '2025-06-16 03:28:07', '2025-09-04 06:53:22'),
(2587, 'Cooper Mason', NULL, 0, '2025-06-18 02:51:15', '2025-09-04 06:53:22'),
(2588, 'Rose Homes Pty Ltd', NULL, 0, '2025-06-18 21:24:36', '2025-09-04 06:53:22'),
(2589, 'Square infra', NULL, 0, '2025-06-18 22:56:10', '2025-09-04 06:53:22'),
(2590, 'unique', NULL, 0, '2025-06-19 00:28:01', '2025-09-04 06:53:22'),
(2591, 'Cooper Mason Pty Ltd ', NULL, 0, '2025-06-19 02:56:08', '2025-09-04 06:53:22'),
(2592, 'bess', NULL, 0, '2025-06-19 04:44:34', '2025-09-04 06:53:22'),
(2593, 'fairh', NULL, 0, '2025-06-19 06:04:03', '2025-09-04 06:53:22'),
(2594, 'Fairhaven', NULL, 0, '2025-06-19 06:04:21', '2025-09-04 06:53:22'),
(2595, 'ALM c', NULL, 0, '2025-06-20 02:06:12', '2025-09-04 06:53:22'),
(2596, 'Valeo ', NULL, 0, '2025-06-20 02:08:20', '2025-09-04 06:53:22'),
(2597, 'fair bu', NULL, 0, '2025-06-22 18:57:44', '2025-09-04 06:53:22'),
(2598, 'Kelkane Constructions Pty Ltd', NULL, 0, '2025-06-22 18:58:50', '2025-09-04 06:53:22'),
(2599, 'Domesca Homes Pty Ltd', NULL, 0, '2025-06-22 21:03:48', '2025-09-04 06:53:22'),
(2600, 'Star Home Developments ', NULL, 0, '2025-06-23 02:57:06', '2025-09-04 06:53:22'),
(2601, 'Custom Craft Homes', NULL, 0, '2025-06-23 03:09:18', '2025-09-04 06:53:22'),
(2602, 'Finebuilt Pty Ltd', NULL, 0, '2025-06-23 19:18:26', '2025-09-04 06:53:22'),
(2603, 'Domesca Homes Pty Ltd', NULL, 0, '2025-06-24 01:07:20', '2025-09-04 06:53:22'),
(2604, 'Star Homes Development', NULL, 0, '2025-06-24 02:54:33', '2025-09-04 06:53:22'),
(2605, 'Kelkane Constrructions Pty Ltd', NULL, 0, '2025-06-24 04:19:16', '2025-09-04 06:53:22'),
(2606, 'best', NULL, 0, '2025-06-24 04:19:57', '2025-09-04 06:53:22'),
(2607, 'Kelkane Construction', NULL, 0, '2025-06-24 18:58:22', '2025-09-04 06:53:22'),
(2608, 'Singh, Ziniya', NULL, 0, '2025-06-24 22:24:57', '2025-09-04 06:53:22'),
(2609, 'LN Homes', NULL, 0, '2025-06-24 23:53:33', '2025-09-04 06:53:22'),
(2610, 'B.I.G building', NULL, 0, '2025-06-25 00:13:16', '2025-09-04 06:53:22'),
(2611, 'anthony Cruiz', NULL, 0, '2025-06-25 23:29:30', '2025-09-04 06:53:22'),
(2612, 'Anthony Cruze', NULL, 0, '2025-06-25 23:29:38', '2025-09-04 06:53:22'),
(2613, 'serge', NULL, 0, '2025-06-25 23:45:06', '2025-09-04 06:53:22'),
(2614, 'carlilse', NULL, 0, '2025-06-26 03:37:25', '2025-09-04 06:53:22'),
(2615, 'Pristine Projects', NULL, 0, '2025-06-27 02:36:03', '2025-09-04 06:53:22'),
(2616, 'Nabi Group', NULL, 0, '2025-06-27 02:36:45', '2025-09-04 06:53:22'),
(2617, 'Melita Construction', NULL, 0, '2025-06-29 22:06:48', '2025-09-04 06:53:22'),
(2618, 'De bono style', NULL, 0, '2025-06-30 04:48:38', '2025-09-04 06:53:22'),
(2619, 'rand', NULL, 0, '2025-06-30 04:48:55', '2025-09-04 06:53:22'),
(2620, 'Rising Star Homes Pty Ltd', NULL, 0, '2025-06-30 19:37:13', '2025-09-04 06:53:22'),
(2621, 'woodle homes', NULL, 0, '2025-06-30 22:49:10', '2025-09-04 06:53:22'),
(2622, 'WG Dream Homes', NULL, 0, '2025-07-01 21:23:58', '2025-09-04 06:53:22'),
(2623, 'Baddeley Built Pty Ltd', NULL, 0, '2025-07-03 00:57:46', '2025-09-04 06:53:22'),
(2624, 'Star Home', NULL, 0, '2025-07-03 03:35:51', '2025-09-04 06:53:22'),
(2625, 'Wheeler, Daniel', NULL, 0, '2025-07-03 03:51:39', '2025-09-04 06:53:22'),
(2626, 'Rising Star Homes Pty Ltd', NULL, 0, '2025-07-03 04:02:25', '2025-09-04 06:53:22'),
(2627, 'gilz', NULL, 0, '2025-07-03 20:19:40', '2025-09-04 06:53:22'),
(2628, 'Varcon Constructing', NULL, 0, '2025-07-03 23:39:40', '2025-09-04 06:53:22'),
(2629, 'b & b c', NULL, 0, '2025-07-03 23:41:01', '2025-09-04 06:53:22'),
(2630, 'B & B Constructions (Aust) Pty Ltd ', NULL, 0, '2025-07-03 23:41:08', '2025-09-04 06:53:22'),
(2631, 'Tomorrow Homes ', NULL, 0, '2025-07-06 18:50:47', '2025-09-04 06:53:22'),
(2632, 'SNF Construction', NULL, 0, '2025-07-07 00:26:05', '2025-09-04 06:53:22'),
(2633, 'Auswide Homes Pty Ltd', NULL, 0, '2025-07-07 20:11:09', '2025-09-04 06:53:22'),
(2634, 'Trilium Developments', NULL, 0, '2025-07-07 20:58:17', '2025-09-04 06:53:22'),
(2635, 'NSF Construction', NULL, 0, '2025-07-08 02:58:26', '2025-09-04 06:53:22'),
(2636, 'henl', NULL, 0, '2025-07-08 03:37:50', '2025-09-04 06:53:22'),
(2637, 'Henley', NULL, 0, '2025-07-08 03:37:55', '2025-09-04 06:53:22'),
(2638, 'The Trustee for The AINE Discretionary Trust T/As BMF Builders', NULL, 0, '2025-07-08 20:53:17', '2025-09-04 06:53:22'),
(2639, 'oceanic ', NULL, 0, '2025-07-08 20:55:11', '2025-09-04 06:53:22'),
(2640, 'Oceanic Homes', NULL, 0, '2025-07-08 21:04:04', '2025-09-04 06:53:22'),
(2641, 'Adrian labo', NULL, 0, '2025-07-09 02:17:46', '2025-09-04 06:53:22'),
(2642, 'ARC Building', NULL, 0, '2025-07-09 02:18:21', '2025-09-04 06:53:22'),
(2643, 'GS Co', NULL, 0, '2025-07-09 02:37:00', '2025-09-04 06:53:22'),
(2644, 'GS Construction services Pty Ltd T/AsPristine Projects Group', NULL, 0, '2025-07-09 02:37:05', '2025-09-04 06:53:22'),
(2645, 'JH Homes Builder Pty Ltd', NULL, 0, '2025-07-09 20:00:49', '2025-09-04 06:53:22'),
(2646, 'brad', NULL, 0, '2025-07-09 20:59:51', '2025-09-04 06:53:22'),
(2647, 'Quality Homes Australia Pty Ltd', NULL, 0, '2025-07-09 22:19:22', '2025-09-04 06:53:22'),
(2648, 'GS Construction services Pty Ltd T/AsPristine Projects Group', NULL, 0, '2025-07-10 00:02:07', '2025-09-04 06:53:22'),
(2649, 'Mark, Mark ', NULL, 0, '2025-07-10 01:48:37', '2025-09-04 06:53:22'),
(2650, 'Gavriel', NULL, 0, '2025-07-10 02:07:58', '2025-09-04 06:53:22'),
(2651, 'Tony Afif', NULL, 0, '2025-07-11 01:38:16', '2025-09-04 06:53:22'),
(2652, 'bouti', NULL, 0, '2025-07-11 03:13:31', '2025-09-04 06:53:22'),
(2653, 'Paradise Australia', NULL, 0, '2025-07-13 23:01:56', '2025-09-04 06:53:22'),
(2654, 'luxor li', NULL, 0, '2025-07-14 19:07:18', '2025-09-04 06:53:22'),
(2655, 'Fairhavens', 'bd plumbing', 0, '2025-07-14 19:50:50', '2025-09-04 06:53:22'),
(2656, 'Carlisle', 'bd plumbing', 0, '2025-07-14 19:50:50', '2025-09-04 06:53:22'),
(2657, 'Boutique', 'bd plumbing', 0, '2025-07-14 19:50:50', '2025-09-04 06:53:22'),
(2658, 'Glenvill', 'bd plumbing', 0, '2025-07-14 19:50:50', '2025-09-04 06:53:22'),
(2659, 'Oreana', 'bd plumbing', 0, '2025-07-14 19:50:50', '2025-09-04 06:53:22'),
(2660, 'Mimosa', 'bd plumbing', 0, '2025-07-14 19:50:50', '2025-09-04 06:53:22'),
(2661, 'Henley', 'bd plumbing', 0, '2025-07-14 19:50:50', '2025-09-04 06:53:22'),
(2662, 'Carlis', NULL, 0, '2025-07-15 00:55:52', '2025-09-04 06:53:22'),
(2663, 'Singh, Ravdip', NULL, 0, '2025-07-15 20:23:52', '2025-09-04 06:53:22'),
(2664, 'Panache Builders', NULL, 0, '2025-07-15 22:31:46', '2025-09-04 06:53:22'),
(2665, 'Kumar, Rajiv', NULL, 0, '2025-07-16 00:58:52', '2025-09-04 06:53:22'),
(2666, 'Varcon', NULL, 0, '2025-07-16 01:58:37', '2025-09-04 06:53:22'),
(2667, 'sp buil', NULL, 0, '2025-07-16 02:12:03', '2025-09-04 06:53:22'),
(2668, '2TStudio', NULL, 0, '2025-07-16 02:23:23', '2025-09-04 06:53:22'),
(2669, 'GM Momentous Solutions Pty Ltd', NULL, 0, '2025-07-16 20:00:34', '2025-09-04 06:53:22'),
(2670, 'Sodhi, Tejpaul Singh', NULL, 0, '2025-07-16 20:49:23', '2025-09-04 06:53:22'),
(2671, 'tony', NULL, 0, '2025-07-17 03:21:48', '2025-09-04 06:53:22'),
(2672, 'Tony Lombardi', NULL, 0, '2025-07-17 03:21:55', '2025-09-04 06:53:22'),
(2673, 'lo', NULL, 0, '2025-07-17 03:47:22', '2025-09-04 06:53:22'),
(2674, 'Clark', NULL, 0, '2025-07-17 03:48:06', '2025-09-04 06:53:22'),
(2675, 'Anora Homes Pty Ltd ', NULL, 0, '2025-07-21 01:48:03', '2025-09-04 06:53:22'),
(2676, 'TJ Victor Pty Ltd', NULL, 0, '2025-07-21 02:27:06', '2025-09-04 06:53:22'),
(2677, 'Anora Homes Pty Ltd', NULL, 0, '2025-07-21 02:28:12', '2025-09-04 06:53:22'),
(2678, 'Clarke', NULL, 0, '2025-07-21 03:15:11', '2025-09-04 06:53:22'),
(2679, 'Pinnacl', NULL, 0, '2025-07-21 18:59:04', '2025-09-04 06:53:22'),
(2680, ' (Owner Builder), Manpreet Singh', NULL, 0, '2025-07-21 22:11:03', '2025-09-04 06:53:22'),
(2681, 'Auric Homes', NULL, 0, '2025-07-22 04:13:52', '2025-09-04 06:53:22'),
(2682, 'H&T Homes VIC Pty Ltd', NULL, 0, '2025-07-22 23:14:23', '2025-09-04 06:53:22'),
(2683, 'H & T Homes VIC Pty Ltd', NULL, 0, '2025-07-23 01:58:33', '2025-09-04 06:53:22'),
(2684, 'H & T Homes', NULL, 0, '2025-07-23 02:02:29', '2025-09-04 06:53:22'),
(2685, 'H & T Homes VIC Pty Ltd ', NULL, 0, '2025-07-23 02:02:37', '2025-09-04 06:53:22'),
(2686, 'Homebuyer', NULL, 0, '2025-07-23 03:02:58', '2025-09-04 06:53:22'),
(2687, 'HBC', NULL, 0, '2025-07-23 21:33:51', '2025-09-04 06:53:22'),
(2688, '(Owner Builder), Manpreet Singh', NULL, 0, '2025-07-24 01:49:28', '2025-09-04 06:53:22'),
(2689, 'H&T Homes', NULL, 0, '2025-07-24 01:53:47', '2025-09-04 06:53:22'),
(2690, 'Singh, Lakhbir', NULL, 0, '2025-07-24 01:54:15', '2025-09-04 06:53:22'),
(2691, 'Kakos', NULL, 0, '2025-07-24 04:43:54', '2025-09-04 06:53:22'),
(2692, 'H & T Homes VIC Pty Ltd ', NULL, 0, '2025-07-24 23:25:37', '2025-09-04 06:53:22'),
(2693, 'Stronghold CG Pty Ltd', NULL, 0, '2025-07-25 02:17:02', '2025-09-04 06:53:22'),
(2694, 'Adam Richerdson', NULL, 0, '2025-07-25 02:17:30', '2025-09-04 06:53:22'),
(2695, 'SNF c', NULL, 0, '2025-07-25 03:41:26', '2025-09-04 06:53:22'),
(2696, 'Singh Lakhbir', NULL, 0, '2025-07-25 03:44:52', '2025-09-04 06:53:22'),
(2697, 'SNF Contruction Gropu Pty Ltd', NULL, 0, '2025-07-25 03:46:45', '2025-09-04 06:53:22'),
(2698, 'Aone Homes Pty Ltd T/As Fantastic Homes', NULL, 0, '2025-07-27 20:07:47', '2025-09-04 06:53:22'),
(2699, 'boutibout', NULL, 0, '2025-07-27 21:45:19', '2025-09-04 06:53:22'),
(2700, 'fairha', NULL, 0, '2025-07-27 21:47:36', '2025-09-04 06:53:22'),
(2701, 'glen', NULL, 0, '2025-07-27 21:49:12', '2025-09-04 06:53:22'),
(2702, 'Wolco Homes Pty Ltd', NULL, 0, '2025-07-27 22:15:50', '2025-09-04 06:53:22'),
(2703, 'carl', NULL, 0, '2025-07-27 22:44:54', '2025-09-04 06:53:22'),
(2704, '(Owner Builder), Saurabh Chopra', NULL, 0, '2025-07-27 22:52:02', '2025-09-04 06:53:22'),
(2705, '2T s', NULL, 0, '2025-07-28 03:47:15', '2025-09-04 06:53:22'),
(2706, 'Carlise', NULL, 0, '2025-07-28 20:47:16', '2025-09-04 06:53:22'),
(2707, 'e.k', NULL, 0, '2025-07-29 01:44:28', '2025-09-04 06:53:22'),
(2708, 'car', NULL, 0, '2025-07-29 02:36:08', '2025-09-04 06:53:22'),
(2709, 'Unique Homes Group Pty Ltd', NULL, 0, '2025-07-29 02:58:54', '2025-09-04 06:53:22'),
(2710, 'krw', NULL, 0, '2025-07-29 19:14:40', '2025-09-04 06:53:22'),
(2711, 'KWR Electrical Services Pty Ltd', NULL, 0, '2025-07-29 19:15:03', '2025-09-04 06:53:22'),
(2712, 'KWR Electrical Services Pty Ltd', NULL, 0, '2025-07-29 19:15:06', '2025-09-04 06:53:22'),
(2713, 'Mimmo', NULL, 0, '2025-07-30 03:28:35', '2025-09-04 06:53:22'),
(2714, 'Scaliti built', NULL, 0, '2025-07-30 03:29:09', '2025-09-04 06:53:22'),
(2715, 'Ireland Brown Constructions', NULL, 0, '2025-07-30 19:02:10', '2025-09-04 06:53:22'),
(2716, 'konstruct', NULL, 0, '2025-07-30 23:08:45', '2025-09-04 06:53:22'),
(2717, 'calies', NULL, 0, '2025-07-31 00:50:55', '2025-09-04 06:53:22'),
(2718, '(Owner Builder), Mahamed Merhi', NULL, 0, '2025-07-31 20:08:27', '2025-09-04 06:53:22'),
(2719, 'Panache Builders Pty Ltd', NULL, 0, '2025-07-31 22:54:14', '2025-09-04 06:53:22'),
(2720, 'Oceanic Homes Pty Ltd', NULL, 0, '2025-08-01 01:06:23', '2025-09-04 06:53:22'),
(2721, 'D & B Project Enterprises Pty Ltd', NULL, 0, '2025-08-03 20:36:00', '2025-09-04 06:53:22'),
(2722, 'Mr Manpreet Singh (Owner Builder) ', NULL, 0, '2025-08-04 02:00:29', '2025-09-04 06:53:22'),
(2723, 'miso', NULL, 0, '2025-08-04 02:11:40', '2025-09-04 06:53:22'),
(2724, 'D&B Project', NULL, 0, '2025-08-04 02:52:06', '2025-09-04 06:53:22'),
(2725, 'West Urban', NULL, 0, '2025-08-04 03:48:57', '2025-09-04 06:53:22'),
(2726, 'inventi', NULL, 0, '2025-08-04 04:30:23', '2025-09-04 06:53:22'),
(2727, 'G.J. Gardner Homes Hume', NULL, 0, '2025-08-04 20:13:24', '2025-09-04 06:53:22'),
(2728, 'Remi Agolli', NULL, 0, '2025-08-05 02:03:33', '2025-09-04 06:53:22'),
(2729, 'Carli', NULL, 0, '2025-08-06 01:40:27', '2025-09-04 06:53:22'),
(2730, 'mo', NULL, 0, '2025-08-06 19:48:15', '2025-09-04 06:53:22'),
(2731, 'Moonlight Homes Pty Ltd', NULL, 0, '2025-08-06 19:48:29', '2025-09-04 06:53:22'),
(2732, 'Homebuyers', NULL, 0, '2025-08-06 22:53:27', '2025-09-04 06:53:22'),
(2733, 'Build 4 Self Pty Ltd', NULL, 0, '2025-08-07 01:04:33', '2025-09-04 06:53:22'),
(2734, 'J & Z Designer Homes', NULL, 0, '2025-08-07 01:29:58', '2025-09-04 06:53:22'),
(2735, 'The Trustee for E.K Impact ', NULL, 0, '2025-08-07 01:30:34', '2025-09-04 06:53:22'),
(2736, 'E. K', NULL, 0, '2025-08-07 01:30:46', '2025-09-04 06:53:22'),
(2737, 'DUL', NULL, 0, '2025-08-07 21:18:19', '2025-09-04 06:53:22'),
(2738, 'H', NULL, 0, '2025-08-08 00:28:24', '2025-09-04 06:53:22'),
(2739, 'built 4', NULL, 0, '2025-08-11 03:23:32', '2025-09-04 06:53:22'),
(2740, 'CRF Construction Group', NULL, 0, '2025-08-11 03:58:08', '2025-09-04 06:53:22'),
(2741, 'pacific', NULL, 0, '2025-08-11 19:56:24', '2025-09-04 06:53:22'),
(2742, 'Bhinder Carpentry Pty Ltd T/As Singh &Kaur Homes', NULL, 0, '2025-08-11 20:16:20', '2025-09-04 06:53:22'),
(2743, 'Mr Manpreet Singh (Owner Builder)', NULL, 0, '2025-08-11 20:51:07', '2025-09-04 06:53:22'),
(2744, 'roller shut', NULL, 0, '2025-08-12 01:50:16', '2025-09-04 06:53:22'),
(2745, 'Roller Shutters R US Pty Ltd', NULL, 0, '2025-08-12 01:50:21', '2025-09-04 06:53:22'),
(2746, 'Singh & Kaur Homes', NULL, 0, '2025-08-12 01:51:05', '2025-09-04 06:53:22'),
(2747, 'Ritz Luxury Homes ', NULL, 0, '2025-08-12 21:29:19', '2025-09-04 06:53:22'),
(2748, 'Rio Homesa', NULL, 0, '2025-08-13 00:54:33', '2025-09-04 06:53:22'),
(2749, 'ks pr', NULL, 0, '2025-08-13 02:44:53', '2025-09-04 06:53:22'),
(2750, 'Azc', NULL, 0, '2025-08-13 02:50:55', '2025-09-04 06:53:22'),
(2751, 'DomCom Builders', NULL, 0, '2025-08-14 01:23:17', '2025-09-04 06:53:22'),
(2752, 'Gurcon Projects', NULL, 0, '2025-08-14 01:23:40', '2025-09-04 06:53:22'),
(2753, '2c', NULL, 0, '2025-08-14 02:38:43', '2025-09-04 06:53:22'),
(2754, 'SNF Contruction Group Pty Ltd', NULL, 0, '2025-08-14 21:43:38', '2025-09-04 06:53:22'),
(2755, 'Snooks Harper', NULL, 0, '2025-08-15 03:36:13', '2025-09-04 06:53:22'),
(2756, 'homebuye', NULL, 0, '2025-08-17 20:34:44', '2025-09-04 06:53:22'),
(2757, 'Varcon Contracting Pty Ltd', NULL, 0, '2025-08-17 23:52:45', '2025-09-04 06:53:22'),
(2758, 'matt', NULL, 0, '2025-08-18 00:11:14', '2025-09-04 06:53:22'),
(2759, 'Mouri Group Pty Ltd', NULL, 0, '2025-08-18 02:04:20', '2025-09-04 06:53:22'),
(2760, 'The Trustee for The Glavan Construction Trust', NULL, 0, '2025-08-19 02:40:17', '2025-09-04 06:53:22'),
(2761, 'Elegance Hair & Salon', NULL, 0, '2025-08-19 22:45:51', '2025-09-04 06:53:22'),
(2762, 'shayo', NULL, 0, '2025-08-20 00:57:54', '2025-09-04 06:53:22'),
(2763, 'oreo', NULL, 0, '2025-08-20 05:08:18', '2025-09-04 06:53:22'),
(2764, 'glenviill', NULL, 0, '2025-08-20 06:16:29', '2025-09-04 06:53:22'),
(2765, 'Semantic Builds Pty Ltd', NULL, 0, '2025-08-20 20:06:18', '2025-09-04 06:53:22'),
(2766, 'Cubism Projects', NULL, 0, '2025-08-20 23:44:04', '2025-09-04 06:53:22'),
(2767, 'Kartar Carpentry And Constructions Pty Ltd T/As 9 Homes', NULL, 0, '2025-08-25 01:24:18', '2025-09-04 06:53:22'),
(2768, 'arora', NULL, 0, '2025-08-25 02:01:29', '2025-09-04 06:53:22'),
(2769, 'The Trustee for Arora Family Trust T/AsDreamz Construction Group', NULL, 0, '2025-08-25 02:01:49', '2025-09-04 06:53:22'),
(2770, 'TDH', NULL, 0, '2025-08-25 02:59:43', '2025-09-04 06:53:22'),
(2771, 'Anthony', NULL, 0, '2025-08-25 03:19:59', '2025-09-04 06:53:22'),
(2797, 'ABN', NULL, 0, '2025-08-26 02:56:28', '2025-09-04 06:53:22'),
(2798, 'KPT09 Homes', NULL, 0, '2025-08-26 03:16:21', '2025-09-04 06:53:22'),
(2799, 'MRC ', NULL, 0, '2025-08-26 07:07:42', '2025-09-04 06:53:22'),
(2800, 'MRC Building Engineers Pty Ltd ', NULL, 0, '2025-08-26 07:08:02', '2025-09-04 06:53:22'),
(2801, 'Real Homes Pty Ltd', NULL, 0, '2025-08-27 02:01:52', '2025-09-04 06:53:22'),
(2802, 'MRC Building Engineers Pty Ltd', NULL, 0, '2025-08-27 05:17:16', '2025-09-04 06:53:22'),
(2803, 'The Trustee For The Tapia Family TrustT/As Tapia Homes', NULL, 0, '2025-08-27 20:24:11', '2025-09-04 06:53:22'),
(2804, 'VIC Wide Builders Pty Ltd', NULL, 0, '2025-08-27 21:43:40', '2025-09-04 06:53:22'),
(2805, 'arcon', NULL, 0, '2025-08-28 04:29:10', '2025-09-04 06:53:22'),
(2806, 'ca', NULL, 0, '2025-08-28 06:41:43', '2025-09-04 06:53:22'),
(2807, 'bra', NULL, 0, '2025-08-28 21:30:24', '2025-09-04 06:53:22'),
(2808, 'Explorer Ventures Pty Ltd', NULL, 0, '2025-08-29 00:16:15', '2025-09-04 06:53:22'),
(2809, 'MIM', NULL, 0, '2025-08-29 02:50:23', '2025-09-04 06:53:22'),
(2810, 'Bradland Construction', NULL, 0, '2025-08-29 02:54:31', '2025-09-04 06:53:22'),
(2811, 'h&t', NULL, 0, '2025-09-01 01:42:00', '2025-09-04 06:53:22'),
(2812, 'James Bartolo', NULL, 0, '2025-09-01 03:11:17', '2025-09-04 06:53:22'),
(2813, 'Amazing Homes', NULL, 0, '2025-09-01 03:11:38', '2025-09-04 06:53:22'),
(2814, 'aph homes', NULL, 0, '2025-09-01 03:12:08', '2025-09-04 06:53:22'),
(2815, 'muji', NULL, 0, '2025-09-01 04:31:09', '2025-09-04 06:53:22'),
(2816, 'My Tax Accountant', NULL, 0, '2025-09-01 22:01:13', '2025-09-04 06:53:22'),
(2817, 'KINCAID', NULL, 0, '2025-09-02 01:14:13', '2025-09-04 06:53:22'),
(2818, 'GD Design', NULL, 0, '2025-09-02 02:49:18', '2025-09-04 06:53:22'),
(2819, 'brycon', NULL, 0, '2025-09-02 22:21:04', '2025-09-04 06:53:22'),
(2820, 'Amkaap', NULL, 0, '2025-09-03 01:10:18', '2025-09-04 06:53:22'),
(2821, 'KPT09 Homes Pty Ltd', NULL, 0, '2025-09-03 03:17:10', '2025-09-04 06:53:22'),
(2822, 'M1 Designs', NULL, 0, '2025-09-03 22:15:37', '2025-09-04 06:53:22'),
(2823, 'Kelkane Constructions ', NULL, 0, '2025-09-03 23:58:23', '2025-09-04 06:53:22'),
(2824, 'Gahlay', NULL, 0, '2025-09-04 04:19:04', '2025-09-04 06:53:22');

-- --------------------------------------------------------

--
-- Table structure for table `cache`
--

CREATE TABLE `cache` (
  `key` varchar(255) NOT NULL,
  `value` mediumtext NOT NULL,
  `expiration` int(11) NOT NULL
) ENGINE=InnoDB DEFAULT CHARSET=utf8mb4 COLLATE=utf8mb4_unicode_ci;

-- --------------------------------------------------------

--
-- Table structure for table `cache_locks`
--

CREATE TABLE `cache_locks` (
  `key` varchar(255) NOT NULL,
  `owner` varchar(255) NOT NULL,
  `expiration` int(11) NOT NULL
) ENGINE=InnoDB DEFAULT CHARSET=utf8mb4 COLLATE=utf8mb4_unicode_ci;

-- --------------------------------------------------------

--
-- Table structure for table `categories`
--

CREATE TABLE `categories` (
  `id` bigint(20) UNSIGNED NOT NULL,
  `title` varchar(255) NOT NULL,
  `description` text DEFAULT NULL,
  `archive` tinyint(1) NOT NULL DEFAULT 0,
  `created_at` timestamp NULL DEFAULT NULL,
  `updated_at` timestamp NULL DEFAULT NULL
) ENGINE=InnoDB DEFAULT CHARSET=utf8mb4 COLLATE=utf8mb4_unicode_ci;

--
-- Dumping data for table `categories`
--

INSERT INTO `categories` (`id`, `title`, `description`, `archive`, `created_at`, `updated_at`) VALUES
(2, 'Training', NULL, 0, '2023-07-04 12:44:37', '2025-09-04 06:53:21'),
(4, 'AusRoofing', NULL, 0, '2023-07-04 12:44:37', '2025-09-04 06:53:21'),
(5, 'Casual', NULL, 0, '2023-07-04 12:44:37', '2025-09-04 06:53:21'),
(6, 'GMC GS', NULL, 0, '2023-07-04 12:44:37', '2025-09-04 06:53:21'),
(7, 'GMC Management', NULL, 0, '2023-07-04 12:44:37', '2025-09-04 06:53:21'),
(8, 'GMC PM', NULL, 0, '2023-07-04 12:44:37', '2025-09-04 06:53:21'),
(10, 'Promac Plumbing', NULL, 0, '2023-07-04 12:44:37', '2025-09-04 06:53:21'),
(11, 'Rhinos Plumbing', NULL, 0, '2023-07-04 12:44:37', '2025-09-04 06:53:21'),
(12, 'SPDR', NULL, 0, '2023-07-04 12:44:37', '2025-09-04 06:53:21'),
(13, 'SPDR Admin', NULL, 0, '2023-07-04 12:44:37', '2025-09-04 06:53:21'),
(14, 'SPDR Training', NULL, 0, '2023-07-04 12:44:37', '2025-09-04 06:53:21'),
(15, 'TMA', NULL, 0, '2023-07-04 12:44:37', '2025-09-04 06:53:21'),
(17, 'SPDR OPS', NULL, 0, '2023-07-05 03:30:49', '2025-09-04 06:53:21'),
(18, 'SPDR Commercial', NULL, 0, '2023-08-10 01:39:34', '2025-09-04 06:53:21'),
(22, 'Flawless Digital', NULL, 0, '2024-04-01 02:35:59', '2025-09-04 06:53:21'),
(23, 'AMX Partners', NULL, 0, '2024-09-10 04:14:00', '2025-09-04 06:53:21'),
(24, 'BD Plumbing', NULL, 0, '2025-05-22 02:58:07', '2025-09-04 06:53:21');

-- --------------------------------------------------------

--
-- Table structure for table `divisions`
--

CREATE TABLE `divisions` (
  `id` bigint(20) UNSIGNED NOT NULL,
  `title` varchar(255) NOT NULL,
  `description` text DEFAULT NULL,
  `archive` tinyint(1) NOT NULL DEFAULT 0,
  `created_at` timestamp NULL DEFAULT NULL,
  `updated_at` timestamp NULL DEFAULT NULL
) ENGINE=InnoDB DEFAULT CHARSET=utf8mb4 COLLATE=utf8mb4_unicode_ci;

--
-- Dumping data for table `divisions`
--

INSERT INTO `divisions` (`id`, `title`, `description`, `archive`, `created_at`, `updated_at`) VALUES
(1, 'SPDR Team', 'Internal Personnel', 0, '2023-03-05 23:23:31', '2025-09-04 16:39:58'),
(2, 'Commercial Team', 'Specialised Plumbing Drainage and Roofing', 0, '2023-03-05 23:23:31', '2025-09-04 16:39:58'),
(14, 'Administration', 'Tradies Mate Australia', 0, '2024-04-03 19:56:06', '2025-09-04 16:39:58'),
(15, 'Management', 'Aldy\'s Division', 1, '2024-04-03 19:57:29', '2025-09-04 16:39:58');

-- --------------------------------------------------------

--
-- Table structure for table `dwelings`
--

CREATE TABLE `dwelings` (
  `id` bigint(20) UNSIGNED NOT NULL,
  `title` varchar(255) NOT NULL,
  `description` text DEFAULT NULL,
  `archive` tinyint(1) NOT NULL DEFAULT 0,
  `created_at` timestamp NULL DEFAULT NULL,
  `updated_at` timestamp NULL DEFAULT NULL
) ENGINE=InnoDB DEFAULT CHARSET=utf8mb4 COLLATE=utf8mb4_unicode_ci;

--
-- Dumping data for table `dwelings`
--

INSERT INTO `dwelings` (`id`, `title`, `description`, `archive`, `created_at`, `updated_at`) VALUES
(6, 'A1 - Single Storey', 'TMA', 0, '2023-07-04 10:54:43', '2025-09-04 06:53:22'),
(9, 'B1 - Residential Non-Standard / Architectural Single Storey', 'TMA', 0, '2023-07-04 10:54:43', '2025-09-04 06:53:22'),
(11, 'B2 - Non-Standard / Architectural Double Storey', 'TMA', 0, '2023-07-04 10:54:43', '2025-09-04 06:53:22'),
(12, 'B5 - Renovation Single Storey', 'TMA', 0, '2023-07-04 10:54:43', '2025-09-04 06:53:22'),
(14, 'B6 - Renovation Double Storey', 'TMA', 0, '2023-07-04 10:54:43', '2025-09-04 06:53:22'),
(15, 'C1 - Industrial (Simple) 1 Building', 'TMA', 0, '2023-07-04 10:54:43', '2025-09-04 06:53:22'),
(17, 'C2 - Industrial (Complex) 1 Building', 'TMA', 0, '2023-07-04 10:54:43', '2025-09-04 06:53:22'),
(19, 'D1 - Commercial Apartments 2-3 Storeys', 'TMA', 0, '2023-07-04 10:54:43', '2025-09-04 06:53:22'),
(20, 'D2 - Commercial (Warehouse, Showroom, and Office)', 'TMA', 0, '2023-07-04 10:54:43', '2025-09-04 06:53:22'),
(23, 'D3 - Commercial (Apartments)', 'TMA', 0, '2023-07-04 10:54:43', '2025-09-04 06:53:22'),
(24, 'E - Uncategorized Building / Project', 'TMA', 0, '2023-07-04 10:54:43', '2025-09-04 06:53:22'),
(29, 'Commercial', 'SPDR', 0, '2023-07-04 10:54:43', '2025-09-04 06:53:22'),
(33, 'Double Storey up to 11 fixtures', 'SPDR', 0, '2023-07-04 10:54:43', '2025-09-04 06:53:22'),
(41, 'Extension House', 'SPDR', 0, '2023-07-04 10:54:43', '2025-09-04 06:53:22'),
(46, 'Multi dwelling 2 units', 'SPDR', 0, '2023-07-04 10:54:43', '2025-09-04 06:53:22'),
(55, 'Single Storey up to 11 fixtures', 'SPDR', 0, '2023-07-04 10:54:43', '2025-09-04 06:53:22'),
(63, 'Triple Storey up to 11 fixtures', 'SPDR', 0, '2023-07-04 10:54:43', '2025-09-04 06:53:22'),
(64, 'Warehouse', 'SPDR', 0, '2023-07-04 10:54:43', '2025-09-04 06:53:22'),
(66, 'A2 - Double Storey', 'TMA', 0, '2023-07-07 02:29:23', '2025-09-04 06:53:22'),
(67, 'B3 - Residential Multidwelling', 'TMA', 0, '2023-07-07 02:29:31', '2025-09-04 06:53:22'),
(68, 'B4 - Multi-Dwelling Residential Mixed-Level', 'TMA', 0, '2023-07-07 02:29:37', '2025-09-04 06:53:22'),
(69, 'C3 - Industrial Multi Units', 'TMA', 0, '2023-07-07 02:29:49', '2025-09-04 06:53:22'),
(70, 'D4 - Qty Report Only', 'TMA', 0, '2024-08-01 00:42:32', '2025-09-04 06:53:22'),
(71, 'D5 - Commercial (Childcare)', 'TMA', 0, '2024-08-01 00:42:43', '2025-09-04 06:53:22'),
(72, 'D6 - Commercial (School)', 'TMA', 0, '2024-08-01 00:42:48', '2025-09-04 06:53:22'),
(73, 'Commercial RAF SQM', 'TMA', 0, '2024-08-01 00:42:55', '2025-09-04 06:53:22'),
(74, 'E1 - Power Substation / Power Terminals', 'TMA', 0, '2024-08-01 00:43:01', '2025-09-04 06:53:22'),
(75, 'Multidwelling 2 Units', 'SPDR', 0, '2024-11-18 23:28:06', '2025-09-04 06:53:22'),
(76, 'Multidwelling 3-5 Units', 'SPDR', 0, '2024-11-18 23:28:06', '2025-09-04 06:53:22'),
(77, 'Multidwelling >10 Units', 'SPDR', 0, '2024-11-18 23:28:06', '2025-09-04 06:53:22'),
(78, 'Others or Non Dwelling Task', 'for non dwelling tasks', 0, '2025-01-30 02:15:08', '2025-09-04 06:53:22'),
(79, 'Project up to 5 type', 'SPDR', 0, '2025-04-14 20:20:08', '2025-09-04 06:53:22'),
(80, 'Project up to 10 type', 'SPDR', 0, '2025-04-14 20:20:13', '2025-09-04 06:53:22'),
(81, 'Multi dwelling 3-5 units', 'SPDR', 0, '2025-04-14 20:20:18', '2025-09-04 06:53:22'),
(82, 'Multi dwelling up to 10 units', 'SPDR', 0, '2025-04-14 20:20:23', '2025-09-04 06:53:22'),
(83, 'Single Storey up to 18 fixtures', 'SPDR', 0, '2025-04-14 20:20:28', '2025-09-04 06:53:22'),
(84, 'Double Storey up to 18 fixtures', 'SPDR', 0, '2025-04-14 20:20:32', '2025-09-04 06:53:22'),
(85, 'Single Storey up to 25 fixtures', 'SPDR', 0, '2025-04-14 21:58:05', '2025-09-04 06:53:22'),
(86, 'Double Storey up to 25 fixtures', 'SPDR', 0, '2025-04-14 21:58:12', '2025-09-04 06:53:22'),
(87, 'Triple Storey up to 18 fixtures', 'SPDR', 0, '2025-04-16 01:48:09', '2025-09-04 06:53:22'),
(88, 'Triple Storey up to 25 fixtures', 'SPDR', 0, '2025-04-16 01:48:18', '2025-09-04 06:53:22'),
(89, 'Project >10 types', 'SPDR', 0, '2025-05-20 22:03:15', '2025-09-04 06:53:22');

-- --------------------------------------------------------

--
-- Table structure for table `employees`
--

CREATE TABLE `employees` (
  `id` bigint(20) UNSIGNED NOT NULL,
  `name` varchar(255) NOT NULL,
  `username` varchar(255) NOT NULL,
  `email` varchar(255) NOT NULL,
  `email_verified_at` timestamp NULL DEFAULT NULL,
  `password` varchar(255) NOT NULL,
  `join_date` date NOT NULL,
  `is_admin` tinyint(1) NOT NULL DEFAULT 0,
  `can_approve` tinyint(1) NOT NULL DEFAULT 0,
  `cutoff_exception` tinyint(1) NOT NULL DEFAULT 0,
  `is_supervisor` tinyint(1) NOT NULL DEFAULT 0,
  `division_id` bigint(20) UNSIGNED NOT NULL,
  `sub_division_id` bigint(20) UNSIGNED NOT NULL,
  `role_id` bigint(20) UNSIGNED NOT NULL,
  `position_id` bigint(20) UNSIGNED NOT NULL,
  `description` text DEFAULT NULL,
  `archive` tinyint(1) NOT NULL DEFAULT 0,
  `is_approved` tinyint(1) NOT NULL DEFAULT 0,
  `remember_token` varchar(100) DEFAULT NULL,
  `created_at` timestamp NULL DEFAULT NULL,
  `updated_at` timestamp NULL DEFAULT NULL,
  `user_id` bigint(20) UNSIGNED DEFAULT NULL,
  `superior_id` bigint(20) UNSIGNED DEFAULT NULL
) ENGINE=InnoDB DEFAULT CHARSET=utf8mb4 COLLATE=utf8mb4_unicode_ci;

--
-- Dumping data for table `employees`
--

INSERT INTO `employees` (`id`, `name`, `username`, `email`, `email_verified_at`, `password`, `join_date`, `is_admin`, `can_approve`, `cutoff_exception`, `is_supervisor`, `division_id`, `sub_division_id`, `role_id`, `position_id`, `description`, `archive`, `is_approved`, `remember_token`, `created_at`, `updated_at`, `user_id`, `superior_id`) VALUES
(1, 'Ardien Muhammad', 'info@globalmultindocipta.co.id', 'info@globalmultindocipta.co.id', NULL, '$2y$12$JuebQ7hUGh25SgiklBdEJO4rQWTXGA1V2UeXJXG3h4T2oEP80L6KC', '2019-01-01', 1, 1, 0, 1, 2, 3, 2, 6, NULL, 0, 1, NULL, '2018-12-31 10:00:00', '2025-10-06 20:35:26', 1, NULL),
(3, 'Andika Hetris', 'andikahgmc@gmail.com', 'andikahgmc@gmail.com', NULL, '$2y$12$//CNmF7WXUDmg3w0FjPUpuvefPtJMU1/1A/pWncXlN2RgWMGwAm2u', '2024-02-01', 1, 0, 0, 0, 14, 1, 3, 5, NULL, 0, 1, NULL, '2021-10-19 10:00:00', '2025-09-05 04:35:24', 3, NULL),
(6, 'Leatizia Michelle', 'leatiziamichellegmc@gmail.com', 'leatiziamichellegmc@gmail.com', NULL, '$2y$12$BGEEJd/VoF5cO.M6iw2/bOGQGkl489XbnRCF.8Jp.WUK9N6fNTHPe', '2023-02-01', 0, 0, 0, 0, 2, 3, 2, 5, NULL, 0, 1, NULL, '2023-01-31 10:00:00', '2025-09-06 00:01:50', 6, 118),
(9, 'Sonia Megah', 'soniamegahcr@gmail.com', 'soniamegahcr@gmail.com', NULL, '$2y$12$faRtFTUdMfMLbzg4Yca6suQ7Y0wcdKML21RpmkccyayuKISfr6A62', '2019-09-01', 1, 1, 0, 0, 2, 1, 1, 4, NULL, 0, 1, NULL, '2019-10-13 10:00:00', '2025-09-06 00:01:50', 9, 1),
(10, 'Ahmad Iffan', 'ahmadiffangmc@gmail.com', 'ahmadiffangmc@gmail.com', NULL, '$2y$12$/HnWs13OA8gbF5hXnMPJKOfPTMKn6ZSAjmPVCEdn.dxr8h0Zlg5wy', '2019-11-01', 0, 0, 0, 0, 2, 3, 2, 5, NULL, 0, 1, NULL, '2020-02-27 10:00:00', '2025-09-06 00:01:50', 10, 118),
(11, 'Khairunnisa', 'khairunnisagmc@gmail.com', 'khairunnisagmc@gmail.com', NULL, '$2y$12$JSWs2LkACvo9lMqjUQFSSugPbDrdmOYtwMjZpBCk2jTRdpUuMB8yO', '2020-02-03', 0, 0, 0, 0, 2, 3, 2, 5, NULL, 0, 1, NULL, '2020-12-20 10:00:00', '2025-09-06 00:02:17', 11, 118),
(13, 'Valeria Imelda / Administrator', 'valeriaimeldaersi@gmail.com', 'valeriaimeldaersi@gmail.com', NULL, '$2y$12$DtrG0B72tL/P8NoWQw19K.Aro3Hhn2aWam4Gigx.5YIRNI1lU5nkm', '2022-08-22', 0, 0, 0, 0, 2, 3, 5, 5, NULL, 0, 1, NULL, '2020-07-24 10:00:00', '2025-09-06 00:02:17', 13, 118),
(74, 'Falah Barid', 'falahbaridgmc@gmail.com', 'falahbaridgmc@gmail.com', NULL, '$2y$12$wDLZ7.Yjs8Cvb5O1At1UCOKafsnEkQuOz1pO4uookibF4SPOTWFYi', '2023-07-31', 0, 0, 0, 0, 2, 8, 14, 5, NULL, 0, 1, NULL, '2023-08-10 01:33:17', '2025-09-06 00:02:17', 74, 118),
(76, 'Commercial Plumbing', 'spdrcommercial', 'spdrcommercial', NULL, '$2y$12$7YuiuHCz1Og3hRHBanPc6eI2WBzQxo/d0b2EDTvNtcjw3EjS5j.s.', '2023-08-14', 0, 0, 0, 0, 1, 3, 2, 5, NULL, 0, 1, NULL, '2023-08-14 03:30:47', '2025-09-06 00:02:17', 76, 131),
(96, 'Danish Pranowo', 'muhammaddanishpranowo@globalmultindocipta.co.id', 'muhammaddanishpranowo@globalmultindocipta.co.id', NULL, '$2y$12$rCaClUrXAGXbreSwmmNrUOGLN8puRcbfI49OIVdGh.ZfEOB.I7r3S', '2024-04-22', 0, 0, 0, 0, 1, 3, 2, 5, 'Junior Quantity Surveyormoved from tma to spdr per 27 aug 2024', 0, 1, NULL, '2024-04-16 03:27:06', '2025-09-06 00:02:17', 96, 131),
(98, 'Alfiyan Nuur', 'muhammadalfiyannuur@globalmultindocipta.co.id', 'muhammadalfiyannuur@globalmultindocipta.co.id', NULL, '$2y$12$iujwv1TyX7QoUD4YtIMzU.d9hhW1KfNyhi9uzhvB/ThUs7rU8sS0O', '2024-05-28', 0, 0, 0, 0, 2, 1, 6, 5, 'remote payroll handler', 0, 1, NULL, '2024-06-03 03:45:27', '2025-09-06 00:02:17', 98, 118),
(102, 'Angelo Ericson Dethan', 'angeloericsondethan@globalmultindocipta.co.id', 'angeloericsondethan@globalmultindocipta.co.id', NULL, '$2y$12$GlcCjQTeUvrMjRazPRIi/.3DraLYj/qbFLr9RW4p3f0jT60gskZxS', '2024-08-26', 0, 0, 0, 0, 2, 8, 14, 5, NULL, 0, 1, NULL, '2024-08-25 18:31:02', '2025-09-06 00:02:17', 102, 118),
(106, 'Khristia Ningsih Cantikawati', 'khristia.n@globalmultindocipta.co.id', 'khristia.n@globalmultindocipta.co.id', NULL, '$2y$12$MSYt.2SYoFu0A9UbGVPE0ejG4OjfcBb5RvzSsDEq8P.SYVcB8i5cq', '2024-09-17', 0, 1, 0, 0, 15, 1, 14, 4, NULL, 0, 1, NULL, '2024-09-16 18:29:22', '2025-09-06 00:02:17', 106, 9),
(110, 'Fajaruddin Noor Cahyanto', 'fajaruddin.n@gmccorp1.co.id', 'fajaruddin.n@gmccorp1.co.id', NULL, '$2y$12$LuzC2y3Xma11y5L3ztphx.zZ8jdi2H42yEsNAHAlZqWCtR15yz2ja', '2024-12-10', 0, 0, 0, 0, 2, 8, 28, 5, 'drafter remote', 0, 1, NULL, '2024-12-17 19:27:29', '2025-09-06 00:02:17', 110, 118),
(115, 'Rosa Karunia', 'rosa.k@gmccorp1.co.id', 'rosa.k@gmccorp1.co.id', NULL, '$2y$12$yK6Y/Pna0ZVI8Bcdb6WuxePeKrHpUyIHKzeOZKUbfTyJcC3gDm0Ru', '2025-05-05', 0, 0, 0, 0, 2, 8, 14, 5, NULL, 0, 1, NULL, '2025-05-04 19:48:33', '2025-09-06 00:02:17', 115, 118),
(116, 'Thorri Rizqi Maulana', 'thorri.r@gmccorp1.co.id', 'thorri.r@gmccorp1.co.id', NULL, '$2y$12$/S7zuXElspUaOQgRMAROceHHQ4LXBDcCgIMMDhj3DJpTpcAPZ6sjm', '2025-05-14', 0, 0, 0, 0, 2, 8, 14, 5, 'internship', 0, 1, NULL, '2025-05-12 19:02:44', '2025-09-06 00:02:17', 116, 118),
(118, 'Riski Adam', 'adam@gmccorp1.co.id', 'adam@gmccorp1.co.id', NULL, '$2y$12$VQaO8Pln1v.CFUYKxVDqTekWv7dT9C96o0vGGaTJPudERAM4FuQS6', '2025-06-16', 0, 1, 0, 1, 2, 1, 8, 3, 'hr manager', 0, 1, NULL, '2025-06-15 19:55:32', '2025-09-06 00:02:17', 118, NULL),
(119, 'Alfina Arifatunnisa', 'alfina.a@gmccorp1.co.id', 'alfina.a@gmccorp1.co.id', NULL, '$2y$12$t/feLQE0s5nmQwyXwEQF2.0vkJE9Ycw3rr/Ve68bRn1I4RiSuogzO', '2025-07-07', 0, 0, 0, 0, 2, 8, 14, 5, NULL, 0, 1, NULL, '2025-07-06 19:25:55', '2025-09-06 00:02:17', 119, 118),
(121, 'Mufidah Ayu Damayanti', 'mufidah.a@gmccorp1.co.id', 'mufidah.a@gmccorp1.co.id', NULL, '$2y$12$EZ7PlE3hGki7sBudZdNDqumjfiWlvtn4FrVXGxzhwsTWxTYtieQMW', '2025-07-30', 0, 0, 0, 0, 2, 3, 2, 5, NULL, 0, 1, NULL, '2025-07-29 20:56:26', '2025-09-06 00:02:17', 121, 118),
(122, 'Rizkiya Fatma Prameswari', 'rizkiya.f@gmccorp1.co.id', 'rizkiya.f@gmccorp1.co.id', NULL, '$2y$12$j7x4TRI94n9yIWc3uNN/QOV0HRWWZ8If3Bx2XP6B14fbwslxFNry.', '2025-07-30', 0, 0, 0, 0, 2, 8, 14, 5, NULL, 0, 1, NULL, '2025-07-29 20:57:41', '2025-09-06 00:02:17', 122, 118),
(123, 'Choirul Nabil Syuhada', 'choirul.n@gmccorp1.co.id', 'choirul.n@gmccorp1.co.id', NULL, '$2y$12$8qK7gcQZlI2SGxfKAHK6weJmwG7lXkfpcW4VMGZrxIp7QfZHkgssm', '2025-07-30', 0, 0, 0, 0, 2, 8, 14, 5, NULL, 0, 1, NULL, '2025-07-29 21:28:36', '2025-09-06 00:02:17', 123, 118),
(125, 'Aditya Rizqi Putra', 'aditya.r@gmccorp1.co.id', 'aditya.r@gmccorp1.co.id', NULL, '$2y$12$hGKCsDINHOFc7AbIPmpsvuWfws0l9DPDQuJ6.E2whVcDMm6AtODAa', '2025-08-14', 0, 0, 0, 0, 2, 8, 14, 5, NULL, 0, 1, NULL, '2025-08-13 03:45:09', '2025-09-06 00:02:17', 125, 118),
(126, 'Rosalinda Nila Islamia Fassyah', 'rosalinda.n@gmccorp1.co.id', 'rosalinda.n@gmccorp1.co.id', NULL, '$2y$12$A/NLMFmQf0oyeEw0Melw8O1o0YixUDzsT1OeigGs0ZuCxgg14TH2m', '2025-08-22', 0, 0, 0, 0, 2, 8, 14, 5, 'intern', 0, 1, NULL, '2025-08-21 03:34:41', '2025-09-06 00:02:17', 126, 118),
(127, 'Aurel Ghea Monica', 'aurel.g@gmccorp1.co.id', 'aurel.g@gmccorp1.co.id', NULL, '$2y$12$qeCe890C7lfnjtUAAvrFweK74vel14h6ZLxEJbIfe3J.idZtjpBY.', '2025-08-22', 0, 0, 0, 0, 2, 8, 14, 5, 'intern', 0, 1, NULL, '2025-08-21 03:35:12', '2025-09-06 00:02:17', 127, 118),
(128, 'Nuril Sabrina', 'nuril.s@gmccorp1.co.id', 'nuril.s@gmccorp1.co.id', NULL, '$2y$12$33mkguQpZxcclRxj1wJAFeY.Kn0fYyEpQmBzY8lZIYDAKowiZAMZa', '2025-08-22', 0, 0, 0, 0, 2, 8, 14, 5, 'intern', 1, 0, NULL, '2025-08-21 03:35:49', '2025-09-05 04:46:28', 128, 118),
(129, 'Intan Imroatuzzakiyah', 'intan.i@gmccorp1.co.id', 'intan.i@gmccorp1.co.id', NULL, '$2y$12$pB7MrD7ERPMBbkpQdPqZNOZIOMajj2/z9eX/yyGEbM9WRWKW7aLlu', '2025-08-22', 0, 0, 0, 0, 2, 8, 14, 5, 'intern', 0, 1, NULL, '2025-08-21 03:36:19', '2025-09-06 00:02:17', 129, 118),
(130, 'Ghufraanaka', 'ghufraanakagmc@gmail.com', 'ghufraanakagmc@gmail.com', NULL, '$2y$12$6BYPdfH.nb0D5mKiNdXyQOrvSsFH3fuf9S9rlbGR9G6UzmbyV93vS', '2025-09-08', 0, 0, 0, 0, 2, 3, 2, 5, 'new user account join date 8 Sep 2025', 0, 1, NULL, '2025-09-03 19:52:28', '2025-09-06 00:02:17', 130, 118),
(131, 'SPDR Admin', 'spdr_admin', 'spdr_admin@dailylog.com', NULL, '$2y$12$ptKp6hC9aZ7zyEtBH.2Siul5sqC86pB4e6v6F1AqL1bPHy3qDCkL2', '2025-09-04', 1, 1, 1, 1, 1, 3, 2, 3, 'SPDR Administrator Account', 0, 1, NULL, '2025-09-04 06:53:36', '2025-09-06 00:02:17', 131, NULL),
(132, 'SPDR User', 'spdr_user', 'spdr_user@dailylog.com', NULL, '$2y$12$iCJUc4Et/f7Nv3C5u9ckKeKKtnsH1q04AYiTH/dsbwCZ4qGY6SDVi', '2025-09-04', 0, 0, 0, 0, 1, 3, 2, 5, 'SPDR Staff Account', 0, 1, NULL, '2025-09-04 06:53:36', '2025-09-06 00:02:17', 132, 131),
(133, 'antoni nendra', 'antondra2@gmail.com', 'antondra2@gmail.com', NULL, '$2y$12$v1N9tdjlpNeM7mnOcjNIs.jsWpYsAX7qlxyxDS/sf.yfSjk7VZHkO', '2000-10-12', 1, 1, 0, 0, 1, 1, 1, 1, 'testing', 0, 0, NULL, '2025-09-05 23:44:50', '2025-09-05 23:44:50', NULL, 1),
(134, 'anton dra', 'antondra12@gmail.com', 'antondra12@gmail.com', NULL, '$2y$12$pw7BAoBQ139wNGtjri7Oe.oYavFSp5xJGZqrFQ7VCx6rFLG/Xzhwy', '2000-10-12', 1, 0, 0, 0, 14, 3, 4, 5, 'testing', 0, 1, NULL, '2025-09-05 23:46:11', '2025-09-06 00:02:17', NULL, 9);

-- --------------------------------------------------------

--
-- Table structure for table `failed_jobs`
--

CREATE TABLE `failed_jobs` (
  `id` bigint(20) UNSIGNED NOT NULL,
  `uuid` varchar(255) NOT NULL,
  `connection` text NOT NULL,
  `queue` text NOT NULL,
  `payload` longtext NOT NULL,
  `exception` longtext NOT NULL,
  `failed_at` timestamp NOT NULL DEFAULT current_timestamp()
) ENGINE=InnoDB DEFAULT CHARSET=utf8mb4 COLLATE=utf8mb4_unicode_ci;

-- --------------------------------------------------------

--
-- Table structure for table `holidays`
--

CREATE TABLE `holidays` (
  `id` bigint(20) UNSIGNED NOT NULL,
  `title` varchar(255) NOT NULL,
  `date` date NOT NULL,
  `description` text DEFAULT NULL,
  `archive` tinyint(1) NOT NULL DEFAULT 0,
  `created_at` timestamp NULL DEFAULT NULL,
  `updated_at` timestamp NULL DEFAULT NULL
) ENGINE=InnoDB DEFAULT CHARSET=utf8mb4 COLLATE=utf8mb4_unicode_ci;

--
-- Dumping data for table `holidays`
--

INSERT INTO `holidays` (`id`, `title`, `date`, `description`, `archive`, `created_at`, `updated_at`) VALUES
(1, 'Public Holiday', '2025-12-26', 'uan', 0, '2025-10-07 00:30:12', '2025-10-07 00:37:42'),
(2, 'Public Holiday', '2025-10-12', 'sabtu', 0, '2025-10-07 00:40:45', '2025-10-07 00:41:04');

-- --------------------------------------------------------

--
-- Table structure for table `jobs`
--

CREATE TABLE `jobs` (
  `id` bigint(20) UNSIGNED NOT NULL,
  `queue` varchar(255) NOT NULL,
  `payload` longtext NOT NULL,
  `attempts` tinyint(3) UNSIGNED NOT NULL,
  `reserved_at` int(10) UNSIGNED DEFAULT NULL,
  `available_at` int(10) UNSIGNED NOT NULL,
  `created_at` int(10) UNSIGNED NOT NULL
) ENGINE=InnoDB DEFAULT CHARSET=utf8mb4 COLLATE=utf8mb4_unicode_ci;

-- --------------------------------------------------------

--
-- Table structure for table `job_batches`
--

CREATE TABLE `job_batches` (
  `id` varchar(255) NOT NULL,
  `name` varchar(255) NOT NULL,
  `total_jobs` int(11) NOT NULL,
  `pending_jobs` int(11) NOT NULL,
  `failed_jobs` int(11) NOT NULL,
  `failed_job_ids` longtext NOT NULL,
  `options` mediumtext DEFAULT NULL,
  `cancelled_at` int(11) DEFAULT NULL,
  `created_at` int(11) NOT NULL,
  `finished_at` int(11) DEFAULT NULL
) ENGINE=InnoDB DEFAULT CHARSET=utf8mb4 COLLATE=utf8mb4_unicode_ci;

-- --------------------------------------------------------

--
-- Table structure for table `leave_types`
--

CREATE TABLE `leave_types` (
  `id` bigint(20) UNSIGNED NOT NULL,
  `name` varchar(255) NOT NULL,
  `description` text DEFAULT NULL,
  `created_at` timestamp NULL DEFAULT NULL,
  `updated_at` timestamp NULL DEFAULT NULL
) ENGINE=InnoDB DEFAULT CHARSET=utf8mb4 COLLATE=utf8mb4_unicode_ci;

--
-- Dumping data for table `leave_types`
--

INSERT INTO `leave_types` (`id`, `name`, `description`, `created_at`, `updated_at`) VALUES
(1, 'Annual Leave', 'Description', '2025-10-06 23:56:42', '2025-10-06 23:56:42'),
(2, 'AWOL', 'Description', '2025-10-06 23:56:42', '2025-10-06 23:56:42'),
(3, 'Half-Day', 'half-day off given by the company', '2025-10-06 23:56:42', '2025-10-06 23:56:42'),
(4, 'Half-Day Off', 'half-day leave taken by employee from annual leave balance', '2025-10-06 23:56:42', '2025-10-06 23:56:42'),
(5, 'Inactive', 'to show on monthly report google sheet', '2025-10-06 23:56:42', '2025-10-06 23:56:42'),
(6, 'Joint Leave', 'Description', '2025-10-06 23:56:42', '2025-10-06 23:56:42'),
(7, 'Maternity Leave', 'not reducing annual leave', '2025-10-06 23:56:42', '2025-10-06 23:56:42'),
(8, 'No Assignments', 'Description', '2025-10-06 23:56:42', '2025-10-06 23:56:42'),
(9, 'Public Holiday', 'placeholder, from regular holiday', '2025-10-06 23:56:42', '2025-10-06 23:56:42'),
(10, 'Public Holiday Replacement', 'Description', '2025-10-06 23:56:42', '2025-10-06 23:56:42'),
(11, 'Sick Leave', 'Description', '2025-10-06 23:56:42', '2025-10-06 23:56:42'),
(12, 'SPDR Commercial Assignment', 'Description', '2025-10-06 23:56:42', '2025-10-06 23:56:42'),
(13, 'Special Leave', 'Description', '2025-10-06 23:56:42', '2025-10-06 23:56:42'),
(14, 'Unpaid Leave', 'Description', '2025-10-06 23:56:42', '2025-10-06 23:56:42'),
(15, 'Weekend', 'Description', '2025-10-06 23:56:42', '2025-10-06 23:56:42');

-- --------------------------------------------------------

--
-- Table structure for table `logs`
--

CREATE TABLE `logs` (
  `id` bigint(20) UNSIGNED NOT NULL,
  `date` date NOT NULL,
  `employee_id` bigint(20) UNSIGNED NOT NULL,
  `subject` varchar(255) NOT NULL,
  `description` text NOT NULL,
  `qty` int(11) NOT NULL DEFAULT 1,
  `category_id` bigint(20) UNSIGNED NOT NULL,
  `task_id` bigint(20) UNSIGNED NOT NULL,
  `builder_id` bigint(20) UNSIGNED NOT NULL,
  `dweling_id` bigint(20) UNSIGNED NOT NULL,
  `status_id` bigint(20) UNSIGNED NOT NULL,
  `duration` decimal(8,2) NOT NULL DEFAULT 0.00,
  `note` text DEFAULT NULL,
  `work_time` time DEFAULT NULL,
  `temp` tinyint(1) NOT NULL DEFAULT 0,
  `approved` tinyint(1) NOT NULL DEFAULT 0,
  `approved_date` timestamp NULL DEFAULT NULL,
  `approved_note` text DEFAULT NULL,
  `approved_by` bigint(20) UNSIGNED DEFAULT NULL,
  `approved_emoji` varchar(255) DEFAULT NULL,
  `created_at` timestamp NULL DEFAULT NULL,
  `updated_at` timestamp NULL DEFAULT NULL
) ENGINE=InnoDB DEFAULT CHARSET=utf8mb4 COLLATE=utf8mb4_unicode_ci;

--
-- Dumping data for table `logs`
--

INSERT INTO `logs` (`id`, `date`, `employee_id`, `subject`, `description`, `qty`, `category_id`, `task_id`, `builder_id`, `dweling_id`, `status_id`, `duration`, `note`, `work_time`, `temp`, `approved`, `approved_date`, `approved_note`, `approved_by`, `approved_emoji`, `created_at`, `updated_at`) VALUES
(118157, '2025-08-19', 9, '34064 - Lot 1004 No 10 Pedro Road, Sunbury', 'Review - Iffan to revise ', 1, 12, 72, 2373, 83, 49, 15.00, NULL, NULL, 0, 1, '2025-08-30 17:00:00', NULL, NULL, NULL, '2025-09-04 07:36:14', '2025-09-04 07:36:14'),
(118158, '2025-08-01', 9, 'Daily Task 1', 'Sample description for task 1', 1, 12, 97, 1, 6, 2, 1.00, 'Sample note 1', NULL, 1, 0, NULL, NULL, NULL, NULL, '2025-09-04 07:37:52', '2025-09-04 07:37:52'),
(118159, '2025-08-02', 9, 'Daily Task 2', 'Sample description for task 2', 1, 12, 97, 1, 6, 2, 6.00, 'Sample note 2', NULL, 1, 0, NULL, NULL, NULL, NULL, '2025-09-04 07:37:52', '2025-09-04 07:37:52'),
(118160, '2025-08-03', 9, 'Daily Task 3', 'Sample description for task 3', 1, 12, 97, 1, 6, 2, 8.00, 'Sample note 3', NULL, 1, 0, NULL, NULL, NULL, NULL, '2025-09-04 07:37:52', '2025-09-04 07:37:52'),
(118161, '2025-08-04', 9, 'Daily Task 4', 'Sample description for task 4', 1, 12, 97, 1, 6, 2, 1.00, 'Sample note 4', NULL, 1, 0, NULL, NULL, NULL, NULL, '2025-09-04 07:37:52', '2025-09-04 07:37:52'),
(118162, '2025-08-05', 9, 'Daily Task 5', 'Sample description for task 5', 1, 12, 97, 1, 6, 2, 4.00, 'Sample note 5', NULL, 1, 0, NULL, NULL, NULL, NULL, '2025-09-04 07:37:52', '2025-09-04 07:37:52'),
(118163, '2025-08-06', 9, 'Daily Task 6', 'Sample description for task 6', 1, 12, 97, 1, 6, 2, 6.00, 'Sample note 6', NULL, 1, 0, NULL, NULL, NULL, NULL, '2025-09-04 07:37:52', '2025-09-04 07:37:52'),
(118164, '2025-08-07', 9, 'Daily Task 7', 'Sample description for task 7', 1, 12, 97, 1, 6, 2, 5.00, 'Sample note 7', NULL, 1, 0, NULL, NULL, NULL, NULL, '2025-09-04 07:37:52', '2025-09-04 07:37:52'),
(118165, '2025-08-08', 9, 'Daily Task 8', 'Sample description for task 8', 1, 12, 97, 1, 6, 2, 7.00, 'Sample note 8', NULL, 1, 0, NULL, NULL, NULL, NULL, '2025-09-04 07:37:52', '2025-09-04 07:37:52'),
(118166, '2025-08-09', 9, 'Daily Task 9', 'Sample description for task 9', 1, 12, 97, 1, 6, 2, 1.00, 'Sample note 9', NULL, 1, 0, NULL, NULL, NULL, NULL, '2025-09-04 07:37:52', '2025-09-04 07:37:52'),
(118167, '2025-08-10', 9, 'Daily Task 10', 'Sample description for task 10', 1, 12, 97, 1, 6, 2, 5.00, 'Sample note 10', NULL, 1, 0, NULL, NULL, NULL, NULL, '2025-09-04 07:37:52', '2025-09-04 07:37:52'),
(118168, '2025-08-01', 9, 'Sample Log 1 - 2025-08-01', 'This is a sample log entry created for testing purposes on 2025-08-01', 3, 8, 103, 1367, 24, 1, 114.00, 'Sample note for log 1', NULL, 0, 0, NULL, NULL, NULL, NULL, '2025-09-04 08:02:48', '2025-09-04 08:02:48'),
(118169, '2025-08-02', 9, 'Sample Log 2 - 2025-08-02', 'This is a sample log entry created for testing purposes on 2025-08-02', 1, 7, 59, 1532, 73, 34, 34.00, 'Sample note for log 2', NULL, 0, 0, NULL, NULL, NULL, NULL, '2025-09-04 08:02:48', '2025-09-04 08:02:48'),
(118170, '2025-08-03', 9, 'Sample Log 3 - 2025-08-03', 'This is a sample log entry created for testing purposes on 2025-08-03', 2, 11, 2, 2024, 79, 17, 97.00, 'Sample note for log 3', NULL, 0, 0, NULL, NULL, NULL, NULL, '2025-09-04 08:02:48', '2025-09-04 08:02:48'),
(118171, '2025-08-04', 9, 'Sample Log 4 - 2025-08-04', 'This is a sample log entry created for testing purposes on 2025-08-04', 1, 13, 170, 2118, 29, 5, 93.00, 'Sample note for log 4', NULL, 0, 0, NULL, NULL, NULL, NULL, '2025-09-04 08:02:48', '2025-09-04 08:02:48'),
(118172, '2025-08-05', 9, 'Sample Log 5 - 2025-08-05', 'This is a sample log entry created for testing purposes on 2025-08-05', 3, 8, 102, 342, 68, 3, 43.00, 'Sample note for log 5', NULL, 0, 0, NULL, NULL, NULL, NULL, '2025-09-04 08:02:48', '2025-09-04 08:02:48'),
(118173, '2025-08-01', 9, 'Check schedule acuity', 'For all estimator', 1, 12, 97, 124, 46, 40, 12.00, 'Daily schedule review', NULL, 0, 1, '2025-09-04 08:06:58', NULL, NULL, NULL, '2025-09-04 08:06:58', '2025-09-04 08:06:58'),
(118174, '2025-08-01', 9, 'Check email admin4 and estimate', 'Response client email', 1, 12, 46, 124, 46, 40, 42.00, 'Client communication', NULL, 0, 1, '2025-09-04 08:06:58', NULL, NULL, NULL, '2025-09-04 08:06:58', '2025-09-04 08:06:58'),
(118175, '2025-08-01', 9, '16405 - Lot 60 No 1 Baritone Road, Strathtulloh', 'Review - sent quote', 2, 12, 97, 124, 46, 40, 18.00, 'Quote review and submission', NULL, 0, 1, '2025-09-04 08:06:58', NULL, NULL, NULL, '2025-09-04 08:06:58', '2025-09-04 08:06:58'),
(118176, '2025-08-01', 9, 'Coordinated w/ Admin', 'Client\'s email - RFQ - Daily log', 1, 12, 97, 124, 46, 40, 34.00, 'Team coordination', NULL, 0, 1, '2025-09-04 08:06:58', NULL, NULL, NULL, '2025-09-04 08:06:58', '2025-09-04 08:06:58'),
(118177, '2025-08-01', 9, 'Coordinated w/ Team', 'Progress Staff OJT (admin)', 1, 12, 97, 124, 46, 40, 18.00, 'Staff training progress', NULL, 0, 1, '2025-09-04 08:06:58', NULL, NULL, NULL, '2025-09-04 08:06:58', '2025-09-04 08:06:58'),
(118178, '2025-09-04', 9, '34064 - Lot 1004 No 10 Pedro Road, Sunbury', 'w', 1, 12, 14, 2688, 9, 2, 15.00, NULL, NULL, 0, 0, NULL, NULL, NULL, NULL, '2025-09-04 08:35:39', '2025-09-04 08:35:39'),
(118179, '2025-09-04', 9, 'Check schedule acuity', 'w', 1, 4, 2, 2481, 6, 2, 10.00, NULL, NULL, 0, 0, NULL, NULL, NULL, NULL, '2025-09-04 08:48:17', '2025-09-04 08:48:17'),
(118180, '2025-09-04', 9, 'Check schedule acuity', 's', 2, 18, 132, 1483, 67, 4, 5.00, NULL, NULL, 0, 0, NULL, NULL, NULL, NULL, '2025-09-04 08:49:06', '2025-09-04 16:27:04'),
(118182, '2025-09-04', 9, 'Coordinated w/ Team', 'sda', 1, 14, 132, 2481, 11, 3, 30.00, NULL, NULL, 0, 0, NULL, NULL, NULL, NULL, '2025-09-04 17:14:12', '2025-09-04 17:14:12'),
(118183, '2025-09-04', 9, 'Check email admin4 and estimate', 'ada', 1, 14, 170, 1, 9, 34, 20.00, NULL, NULL, 0, 0, NULL, NULL, NULL, NULL, '2025-09-04 18:54:00', '2025-09-04 18:54:00'),
(118184, '2025-08-01', 10, 'Sample Task', 'Sample Description', 1, 12, 72, 2373, 83, 49, 9.00, NULL, NULL, 0, 1, NULL, NULL, NULL, NULL, '2025-09-04 19:21:04', '2025-09-04 19:21:04'),
(118185, '2025-08-02', 10, 'Sample Task', 'Sample Description', 1, 12, 72, 2373, 83, 49, 6.00, NULL, NULL, 0, 1, NULL, NULL, NULL, NULL, '2025-09-04 19:21:04', '2025-09-04 19:21:04'),
(118186, '2025-08-03', 10, 'Sample Task', 'Sample Description', 1, 12, 72, 2373, 83, 49, 8.00, NULL, NULL, 0, 1, NULL, NULL, NULL, NULL, '2025-09-04 19:21:04', '2025-09-04 19:21:04'),
(118187, '2025-08-04', 10, 'Sample Task', 'Sample Description', 1, 12, 72, 2373, 83, 49, 9.00, NULL, NULL, 0, 1, NULL, NULL, NULL, NULL, '2025-09-04 19:21:04', '2025-09-04 19:21:04'),
(118188, '2025-08-05', 10, 'Sample Task', 'Sample Description', 1, 12, 72, 2373, 83, 49, 7.00, NULL, NULL, 0, 1, NULL, NULL, NULL, NULL, '2025-09-04 19:21:04', '2025-09-04 19:21:04'),
(118189, '2025-08-01', 11, 'Sample Task', 'Sample Description', 1, 12, 72, 2373, 83, 49, 6.00, NULL, NULL, 0, 1, NULL, NULL, NULL, NULL, '2025-09-04 19:21:04', '2025-09-04 19:21:04'),
(118190, '2025-08-02', 11, 'Sample Task', 'Sample Description', 1, 12, 72, 2373, 83, 49, 10.00, NULL, NULL, 0, 1, NULL, NULL, NULL, NULL, '2025-09-04 19:21:04', '2025-09-04 19:21:04'),
(118191, '2025-08-03', 11, 'Sample Task', 'Sample Description', 1, 12, 72, 2373, 83, 49, 7.00, NULL, NULL, 0, 1, NULL, NULL, NULL, NULL, '2025-09-04 19:21:04', '2025-09-04 19:21:04'),
(118192, '2025-08-04', 11, 'Sample Task', 'Sample Description', 1, 12, 72, 2373, 83, 49, 9.00, NULL, NULL, 0, 1, NULL, NULL, NULL, NULL, '2025-09-04 19:21:04', '2025-09-04 19:21:04'),
(118193, '2025-08-05', 11, 'Sample Task', 'Sample Description', 1, 12, 72, 2373, 83, 49, 10.00, NULL, NULL, 0, 1, NULL, NULL, NULL, NULL, '2025-09-04 19:21:04', '2025-09-04 19:21:04'),
(118194, '2025-08-01', 116, 'Sample Task', 'Sample Description', 1, 12, 72, 2373, 83, 49, 8.00, NULL, NULL, 0, 1, NULL, NULL, NULL, NULL, '2025-09-04 19:21:04', '2025-09-04 19:21:04'),
(118195, '2025-08-02', 116, 'Sample Task', 'Sample Description', 1, 12, 72, 2373, 83, 49, 6.00, NULL, NULL, 0, 1, NULL, NULL, NULL, NULL, '2025-09-04 19:21:04', '2025-09-04 19:21:04'),
(118196, '2025-08-03', 116, 'Sample Task', 'Sample Description', 1, 12, 72, 2373, 83, 49, 8.00, NULL, NULL, 0, 1, NULL, NULL, NULL, NULL, '2025-09-04 19:21:04', '2025-09-04 19:21:04'),
(118197, '2025-08-04', 116, 'Sample Task', 'Sample Description', 1, 12, 72, 2373, 83, 49, 6.00, NULL, NULL, 0, 1, NULL, NULL, NULL, NULL, '2025-09-04 19:21:04', '2025-09-04 19:21:04'),
(118198, '2025-08-05', 116, 'Sample Task', 'Sample Description', 1, 12, 72, 2373, 83, 49, 9.00, NULL, NULL, 0, 1, NULL, NULL, NULL, NULL, '2025-09-04 19:21:04', '2025-09-04 19:21:04'),
(118199, '2025-08-01', 125, 'Sample Task', 'Sample Description', 1, 12, 72, 2373, 83, 49, 9.00, NULL, NULL, 0, 1, NULL, NULL, NULL, NULL, '2025-09-04 19:21:04', '2025-09-04 19:21:04'),
(118200, '2025-08-02', 125, 'Sample Task', 'Sample Description', 1, 12, 72, 2373, 83, 49, 10.00, NULL, NULL, 0, 1, NULL, NULL, NULL, NULL, '2025-09-04 19:21:04', '2025-09-04 19:21:04'),
(118201, '2025-08-03', 125, 'Sample Task', 'Sample Description', 1, 12, 72, 2373, 83, 49, 7.00, NULL, NULL, 0, 1, NULL, NULL, NULL, NULL, '2025-09-04 19:21:04', '2025-09-04 19:21:04'),
(118202, '2025-08-04', 125, 'Sample Task', 'Sample Description', 1, 12, 72, 2373, 83, 49, 8.00, NULL, NULL, 0, 1, NULL, NULL, NULL, NULL, '2025-09-04 19:21:04', '2025-09-04 19:21:04'),
(118203, '2025-08-05', 125, 'Sample Task', 'Sample Description', 1, 12, 72, 2373, 83, 49, 8.00, NULL, NULL, 0, 1, NULL, NULL, NULL, NULL, '2025-09-04 19:21:04', '2025-09-04 19:21:04'),
(118204, '2025-09-05', 9, 'Daily Task 7', 'no', 1, 6, 4, 2429, 19, 2, 40.00, NULL, NULL, 0, 0, NULL, NULL, NULL, NULL, '2025-09-05 00:45:17', '2025-09-05 00:45:17'),
(118205, '2025-09-04', 9, 'Daily Task 6', '.', 1, 12, 170, 837, 69, 2, 60.00, NULL, NULL, 0, 0, NULL, NULL, NULL, NULL, '2025-09-05 01:37:57', '2025-09-05 01:37:57'),
(118285, '2025-09-03', 6, 'Data Analysis', 'Prepare necessary documents for project submission', 1, 12, 88, 1, 6, 1, 46.00, 'Realistic log for testing approval', '00:00:00', 0, 0, '2025-10-06 17:00:00', NULL, 9, '', '2025-09-05 03:53:39', '2025-10-06 21:20:38'),
(118286, '2025-09-03', 6, 'Client Communication', 'Follow up on pending tasks and deliverables', 4, 12, 88, 1, 6, 1, 50.00, 'Realistic log for testing approval', '00:00:01', 0, 0, '2025-10-06 17:00:00', NULL, 9, '', '2025-09-05 03:53:39', '2025-10-06 21:20:38'),
(118287, '2025-09-03', 6, 'Project Planning', 'Perform quality checks on completed work', 1, 12, 88, 1, 6, 1, 35.00, 'Realistic log for testing approval', '00:00:01', 0, 0, '2025-10-06 17:00:00', NULL, 9, '', '2025-09-05 03:53:39', '2025-10-06 21:20:38'),
(118288, '2025-09-04', 6, 'Quality Check', 'Perform quality checks on completed work', 3, 12, 88, 1, 6, 1, 46.00, 'Realistic log for testing approval', '00:00:01', 0, 0, NULL, NULL, NULL, NULL, '2025-09-05 03:53:39', '2025-09-05 03:53:39'),
(118289, '2025-09-04', 6, 'Client Communication', 'Plan upcoming projects and allocate resources', 4, 12, 88, 1, 6, 1, 113.00, 'Realistic log for testing approval', '00:00:00', 0, 0, NULL, NULL, NULL, NULL, '2025-09-05 03:53:39', '2025-09-05 03:53:39'),
(118290, '2025-09-04', 6, 'Daily Task Review', 'Review and analyze daily tasks for project completion', 4, 12, 88, 1, 6, 1, 126.00, 'Realistic log for testing approval', '00:00:01', 0, 0, NULL, NULL, NULL, NULL, '2025-09-05 03:53:39', '2025-09-05 03:53:39'),
(118291, '2025-09-05', 6, 'Quote Review and Submission', 'Communicate with clients regarding project status', 3, 12, 88, 1, 6, 1, 92.00, 'Realistic log for testing approval', '00:00:00', 0, 1, '2025-09-04 17:00:00', NULL, 9, '', '2025-09-05 03:53:39', '2025-10-07 02:19:51'),
(118292, '2025-09-05', 6, 'Document Preparation', 'Prepare necessary documents for project submission', 2, 12, 88, 1, 6, 1, 167.00, 'Realistic log for testing approval', '00:00:01', 0, 1, '2025-09-04 17:00:00', NULL, 9, '', '2025-09-05 03:53:39', '2025-10-07 02:19:51'),
(118293, '2025-09-05', 6, 'Document Preparation', 'Review project specifications and requirements', 5, 12, 88, 1, 6, 1, 176.00, 'Realistic log for testing approval', '00:00:01', 0, 1, '2025-09-04 17:00:00', NULL, 9, '', '2025-09-05 03:53:39', '2025-10-07 02:19:51'),
(118294, '2025-09-03', 10, 'Team Coordination', 'Communicate with clients regarding project status', 3, 12, 88, 1, 6, 1, 176.00, 'Realistic log for testing approval', '00:00:01', 0, 0, '2025-10-06 17:00:00', NULL, 9, '', '2025-09-05 03:53:39', '2025-10-06 21:20:38'),
(118295, '2025-09-03', 10, 'Document Preparation', 'Analyze data and trends for project improvement', 3, 12, 88, 1, 6, 1, 115.00, 'Realistic log for testing approval', '00:00:00', 0, 0, '2025-10-06 17:00:00', NULL, 9, '', '2025-09-05 03:53:39', '2025-10-06 21:20:38'),
(118296, '2025-09-04', 10, 'Project Planning', 'Prepare necessary documents for project submission', 3, 12, 88, 1, 6, 1, 129.00, 'Realistic log for testing approval', '00:00:01', 0, 0, NULL, NULL, NULL, NULL, '2025-09-05 03:53:39', '2025-09-05 03:53:39'),
(118297, '2025-09-04', 10, 'Daily Task Review', 'Prepare necessary documents for project submission', 4, 12, 88, 1, 6, 1, 54.00, 'Realistic log for testing approval', '00:00:00', 0, 0, NULL, NULL, NULL, NULL, '2025-09-05 03:53:39', '2025-09-05 03:53:39'),
(118298, '2025-09-05', 10, 'Rough in and Plumbing Schedule Check', 'Perform quality checks on completed work', 1, 12, 88, 1, 6, 1, 130.00, 'Realistic log for testing approval', '00:00:01', 0, 1, '2025-09-04 17:00:00', 'Good work!', 9, '', '2025-09-05 03:53:39', '2025-10-07 04:50:29'),
(118299, '2025-09-05', 10, 'Document Preparation', 'Check schedule and project timelines', 2, 12, 88, 1, 6, 1, 160.00, 'Realistic log for testing approval', '00:00:01', 0, 1, '2025-09-04 17:00:00', 'Good work!', 9, '', '2025-09-05 03:53:39', '2025-10-07 04:50:29'),
(118300, '2025-09-03', 11, 'Data Analysis', 'Coordinate with team members for project updates', 2, 12, 88, 1, 6, 1, 131.00, 'Realistic log for testing approval', '00:00:01', 0, 0, '2025-10-06 17:00:00', NULL, 9, '', '2025-09-05 03:53:39', '2025-10-06 21:20:38'),
(118301, '2025-09-03', 11, 'Rough in and Plumbing Schedule Check', 'Analyze data and trends for project improvement', 5, 12, 88, 1, 6, 1, 121.00, 'Realistic log for testing approval', '00:00:00', 0, 0, '2025-10-06 17:00:00', NULL, 9, '', '2025-09-05 03:53:39', '2025-10-06 21:20:38'),
(118302, '2025-09-04', 11, 'Follow-up Tasks', 'Perform quality checks on completed work', 4, 12, 88, 1, 6, 1, 170.00, 'Realistic log for testing approval', '00:00:00', 0, 0, NULL, NULL, NULL, NULL, '2025-09-05 03:53:39', '2025-09-05 03:53:39'),
(118303, '2025-09-04', 11, 'Quality Check', 'Follow up on pending tasks and deliverables', 3, 12, 88, 1, 6, 1, 45.00, 'Realistic log for testing approval', '00:00:00', 0, 0, NULL, NULL, NULL, NULL, '2025-09-05 03:53:39', '2025-09-05 03:53:39'),
(118304, '2025-09-05', 11, 'Team Coordination', 'Review and analyze daily tasks for project completion', 4, 12, 88, 1, 6, 1, 71.00, 'Realistic log for testing approval', '00:00:00', 0, 0, '2025-09-04 17:00:00', NULL, 9, '', '2025-09-05 03:53:39', '2025-09-05 05:31:08'),
(118305, '2025-09-05', 11, 'Client Communication', 'Prepare necessary documents for project submission', 1, 12, 88, 1, 6, 1, 37.00, 'Realistic log for testing approval', '00:00:01', 0, 0, '2025-09-04 17:00:00', NULL, 9, '', '2025-09-05 03:53:39', '2025-09-05 05:31:08'),
(118306, '2025-09-03', 13, 'Quote Review and Submission', 'Plan upcoming projects and allocate resources', 4, 12, 88, 1, 6, 1, 70.00, 'Realistic log for testing approval', '00:00:01', 0, 1, '2025-10-06 17:00:00', NULL, 9, '', '2025-09-05 03:53:39', '2025-10-06 21:20:38'),
(118307, '2025-09-03', 13, 'Document Preparation', 'Plan upcoming projects and allocate resources', 4, 12, 88, 1, 6, 1, 61.00, 'Realistic log for testing approval', '00:00:00', 0, 0, '2025-10-06 17:00:00', NULL, 9, '', '2025-09-05 03:53:39', '2025-10-06 21:20:38'),
(118308, '2025-09-04', 13, 'Daily Task Review', 'Prepare necessary documents for project submission', 1, 12, 88, 1, 6, 1, 98.00, 'Realistic log for testing approval', '00:00:00', 0, 0, NULL, NULL, NULL, NULL, '2025-09-05 03:53:39', '2025-09-05 03:53:39'),
(118309, '2025-09-04', 13, 'Client Communication', 'Prepare necessary documents for project submission', 5, 12, 88, 1, 6, 1, 160.00, 'Realistic log for testing approval', '00:00:01', 0, 0, NULL, NULL, NULL, NULL, '2025-09-05 03:53:39', '2025-09-05 03:53:39'),
(118310, '2025-09-04', 13, 'Project Planning', 'Review and analyze daily tasks for project completion', 1, 12, 88, 1, 6, 1, 44.00, 'Realistic log for testing approval', '00:00:00', 0, 0, NULL, NULL, NULL, NULL, '2025-09-05 03:53:39', '2025-09-05 03:53:39'),
(118311, '2025-09-05', 13, 'Quote Review and Submission', 'Review and analyze daily tasks for project completion', 5, 12, 88, 1, 6, 1, 124.00, 'Realistic log for testing approval', '00:00:01', 0, 0, '2025-09-04 17:00:00', NULL, 9, '', '2025-09-05 03:53:39', '2025-09-05 05:31:08'),
(118312, '2025-09-05', 13, 'Daily Task Review', 'Prepare necessary documents for project submission', 5, 12, 88, 1, 6, 1, 168.00, 'Realistic log for testing approval', '00:00:00', 0, 0, '2025-09-04 17:00:00', NULL, 9, '', '2025-09-05 03:53:39', '2025-09-05 05:31:08'),
(118313, '2025-09-05', 13, 'Daily Task Review', 'Coordinate with team members for project updates', 2, 12, 88, 1, 6, 1, 131.00, 'Realistic log for testing approval', '00:00:01', 0, 0, '2025-09-04 17:00:00', NULL, 9, '', '2025-09-05 03:53:39', '2025-09-05 05:31:08'),
(118314, '2025-09-03', 76, 'Quality Check', 'Communicate with clients regarding project status', 1, 12, 88, 1, 6, 1, 47.00, 'Realistic log for testing approval', '00:00:01', 0, 0, NULL, NULL, NULL, NULL, '2025-09-05 03:53:39', '2025-09-05 03:53:39'),
(118315, '2025-09-03', 76, 'Quote Review and Submission', 'Plan upcoming projects and allocate resources', 3, 12, 88, 1, 6, 1, 164.00, 'Realistic log for testing approval', '00:00:00', 0, 0, NULL, NULL, NULL, NULL, '2025-09-05 03:53:39', '2025-09-05 03:53:39'),
(118316, '2025-09-04', 76, 'Daily Task Review', 'Coordinate with team members for project updates', 1, 12, 88, 1, 6, 1, 103.00, 'Realistic log for testing approval', '00:00:01', 0, 0, NULL, NULL, NULL, NULL, '2025-09-05 03:53:39', '2025-09-05 03:53:39'),
(118317, '2025-09-04', 76, 'Daily Task Review', 'Prepare necessary documents for project submission', 5, 12, 88, 1, 6, 1, 89.00, 'Realistic log for testing approval', '00:00:00', 0, 0, NULL, NULL, NULL, NULL, '2025-09-05 03:53:39', '2025-09-05 03:53:39'),
(118318, '2025-09-05', 76, 'Project Planning', 'Coordinate with team members for project updates', 2, 12, 88, 1, 6, 1, 163.00, 'Realistic log for testing approval', '00:00:00', 0, 0, NULL, NULL, NULL, NULL, '2025-09-05 03:53:39', '2025-09-05 03:53:39'),
(118319, '2025-09-05', 76, 'Daily Task Review', 'Review project specifications and requirements', 3, 12, 88, 1, 6, 1, 87.00, 'Realistic log for testing approval', '00:00:01', 0, 0, NULL, NULL, NULL, NULL, '2025-09-05 03:53:39', '2025-09-05 03:53:39'),
(118320, '2025-09-03', 96, 'Document Preparation', 'Check schedule and project timelines', 1, 12, 88, 1, 6, 1, 148.00, 'Realistic log for testing approval', '00:00:01', 0, 0, NULL, NULL, NULL, NULL, '2025-09-05 03:53:39', '2025-09-05 03:53:39'),
(118321, '2025-09-03', 96, 'Daily Task Review', 'Analyze data and trends for project improvement', 2, 12, 88, 1, 6, 1, 91.00, 'Realistic log for testing approval', '00:00:01', 0, 0, NULL, NULL, NULL, NULL, '2025-09-05 03:53:39', '2025-09-05 03:53:39'),
(118322, '2025-09-03', 96, 'Data Analysis', 'Plan upcoming projects and allocate resources', 1, 12, 88, 1, 6, 1, 178.00, 'Realistic log for testing approval', '00:00:00', 0, 0, NULL, NULL, NULL, NULL, '2025-09-05 03:53:39', '2025-09-05 03:53:39'),
(118323, '2025-09-04', 96, 'Document Preparation', 'Follow up on pending tasks and deliverables', 1, 12, 88, 1, 6, 1, 107.00, 'Realistic log for testing approval', '00:00:00', 0, 0, NULL, NULL, NULL, NULL, '2025-09-05 03:53:39', '2025-09-05 03:53:39'),
(118324, '2025-09-04', 96, 'Team Coordination', 'Review project specifications and requirements', 5, 12, 88, 1, 6, 1, 161.00, 'Realistic log for testing approval', '00:00:01', 0, 0, NULL, NULL, NULL, NULL, '2025-09-05 03:53:39', '2025-09-05 03:53:39'),
(118325, '2025-09-05', 96, 'Data Analysis', 'Perform quality checks on completed work', 1, 12, 88, 1, 6, 1, 80.00, 'Realistic log for testing approval', '00:00:00', 0, 0, NULL, NULL, NULL, NULL, '2025-09-05 03:53:39', '2025-09-05 03:53:39'),
(118326, '2025-09-05', 96, 'Data Analysis', 'Review and analyze daily tasks for project completion', 3, 12, 88, 1, 6, 1, 87.00, 'Realistic log for testing approval', '00:00:01', 0, 0, NULL, NULL, NULL, NULL, '2025-09-05 03:53:39', '2025-09-05 03:53:39'),
(118327, '2025-09-05', 96, 'Daily Task Review', 'Review project specifications and requirements', 1, 12, 88, 1, 6, 1, 121.00, 'Realistic log for testing approval', '00:00:01', 0, 0, NULL, NULL, NULL, NULL, '2025-09-05 03:53:39', '2025-09-05 03:53:39'),
(118328, '2025-09-03', 121, 'Quality Check', 'Plan upcoming projects and allocate resources', 2, 12, 88, 1, 6, 1, 44.00, 'Realistic log for testing approval', '00:00:00', 0, 0, '2025-10-06 17:00:00', NULL, 9, '', '2025-09-05 03:53:39', '2025-10-06 21:20:38'),
(118329, '2025-09-03', 121, 'Quality Check', 'Check schedule and project timelines', 2, 12, 88, 1, 6, 1, 61.00, 'Realistic log for testing approval', '00:00:00', 0, 0, '2025-10-06 17:00:00', NULL, 9, '', '2025-09-05 03:53:39', '2025-10-06 21:20:38'),
(118330, '2025-09-03', 121, 'Client Communication', 'Analyze data and trends for project improvement', 1, 12, 88, 1, 6, 1, 73.00, 'Realistic log for testing approval', '00:00:00', 0, 0, '2025-10-06 17:00:00', NULL, 9, '', '2025-09-05 03:53:39', '2025-10-06 21:20:38'),
(118331, '2025-09-04', 121, 'Team Coordination', 'Coordinate with team members for project updates', 4, 12, 88, 1, 6, 1, 39.00, 'Realistic log for testing approval', '00:00:01', 0, 0, NULL, NULL, NULL, NULL, '2025-09-05 03:53:39', '2025-09-05 03:53:39'),
(118332, '2025-09-04', 121, 'Quote Review and Submission', 'Review project specifications and requirements', 2, 12, 88, 1, 6, 1, 82.00, 'Realistic log for testing approval', '00:00:01', 0, 0, NULL, NULL, NULL, NULL, '2025-09-05 03:53:39', '2025-09-05 03:53:39'),
(118333, '2025-09-05', 121, 'Project Planning', 'Coordinate with team members for project updates', 1, 12, 88, 1, 6, 1, 166.00, 'Realistic log for testing approval', '00:00:01', 0, 0, '2025-09-04 17:00:00', NULL, 9, '', '2025-09-05 03:53:39', '2025-09-05 05:31:08'),
(118334, '2025-09-05', 121, 'Client Communication', 'Check schedule and project timelines', 2, 12, 88, 1, 6, 1, 156.00, 'Realistic log for testing approval', '00:00:00', 0, 0, '2025-09-04 17:00:00', NULL, 9, '', '2025-09-05 03:53:39', '2025-09-05 05:31:08'),
(118335, '2025-09-03', 130, 'Rough in and Plumbing Schedule Check', 'Perform quality checks on completed work', 2, 12, 88, 1, 6, 1, 80.00, 'Realistic log for testing approval', '00:00:01', 0, 0, '2025-10-06 17:00:00', NULL, 9, '', '2025-09-05 03:53:39', '2025-10-06 21:20:38'),
(118336, '2025-09-03', 130, 'Document Preparation', 'Follow up on pending tasks and deliverables', 4, 12, 88, 1, 6, 1, 165.00, 'Realistic log for testing approval', '00:00:01', 0, 0, '2025-10-06 17:00:00', NULL, 9, '', '2025-09-05 03:53:39', '2025-10-06 21:20:38'),
(118337, '2025-09-04', 130, 'Data Analysis', 'Plan upcoming projects and allocate resources', 4, 12, 88, 1, 6, 1, 78.00, 'Realistic log for testing approval', '00:00:01', 0, 0, NULL, NULL, NULL, NULL, '2025-09-05 03:53:39', '2025-09-05 03:53:39'),
(118338, '2025-09-04', 130, 'Team Coordination', 'Communicate with clients regarding project status', 1, 12, 88, 1, 6, 1, 145.00, 'Realistic log for testing approval', '00:00:01', 0, 0, NULL, NULL, NULL, NULL, '2025-09-05 03:53:39', '2025-09-05 03:53:39'),
(118339, '2025-09-04', 130, 'Daily Task Review', 'Plan upcoming projects and allocate resources', 2, 12, 88, 1, 6, 1, 100.00, 'Realistic log for testing approval', '00:00:00', 0, 0, NULL, NULL, NULL, NULL, '2025-09-05 03:53:39', '2025-09-05 03:53:39'),
(118340, '2025-09-05', 130, 'Project Planning', 'Review project specifications and requirements', 1, 12, 88, 1, 6, 1, 108.00, 'Realistic log for testing approval', '00:00:01', 0, 0, '2025-09-04 17:00:00', NULL, 9, '', '2025-09-05 03:53:39', '2025-09-05 05:31:08'),
(118341, '2025-09-05', 130, 'Client Communication', 'Perform quality checks on completed work', 3, 12, 88, 1, 6, 1, 129.00, 'Realistic log for testing approval', '00:00:00', 0, 0, '2025-09-04 17:00:00', NULL, 9, '', '2025-09-05 03:53:39', '2025-09-05 05:31:08'),
(118342, '2025-09-05', 130, 'Document Preparation', 'Follow up on pending tasks and deliverables', 5, 12, 88, 1, 6, 1, 57.00, 'Realistic log for testing approval', '00:00:00', 0, 0, '2025-09-04 17:00:00', NULL, 9, '', '2025-09-05 03:53:39', '2025-09-05 05:31:08'),
(118343, '2025-09-03', 131, 'Daily Task Review', 'Analyze data and trends for project improvement', 3, 12, 88, 1, 6, 1, 104.00, 'Realistic log for testing approval', '00:00:01', 0, 0, NULL, NULL, NULL, NULL, '2025-09-05 03:53:39', '2025-09-05 03:53:39'),
(118344, '2025-09-03', 131, 'Document Preparation', 'Review and analyze daily tasks for project completion', 5, 12, 88, 1, 6, 1, 163.00, 'Realistic log for testing approval', '00:00:00', 0, 0, NULL, NULL, NULL, NULL, '2025-09-05 03:53:39', '2025-09-05 03:53:39'),
(118345, '2025-09-03', 131, 'Team Coordination', 'Analyze data and trends for project improvement', 2, 12, 88, 1, 6, 1, 167.00, 'Realistic log for testing approval', '00:00:00', 0, 0, NULL, NULL, NULL, NULL, '2025-09-05 03:53:39', '2025-09-05 03:53:39'),
(118346, '2025-09-04', 131, 'Rough in and Plumbing Schedule Check', 'Communicate with clients regarding project status', 4, 12, 88, 1, 6, 1, 122.00, 'Realistic log for testing approval', '00:00:00', 0, 0, NULL, NULL, NULL, NULL, '2025-09-05 03:53:39', '2025-09-05 03:53:39'),
(118347, '2025-09-04', 131, 'Follow-up Tasks', 'Communicate with clients regarding project status', 5, 12, 88, 1, 6, 1, 79.00, 'Realistic log for testing approval', '00:00:00', 0, 0, NULL, NULL, NULL, NULL, '2025-09-05 03:53:39', '2025-09-05 03:53:39'),
(118348, '2025-09-04', 131, 'Follow-up Tasks', 'Plan upcoming projects and allocate resources', 2, 12, 88, 1, 6, 1, 31.00, 'Realistic log for testing approval', '00:00:01', 0, 0, NULL, NULL, NULL, NULL, '2025-09-05 03:53:39', '2025-09-05 03:53:39'),
(118349, '2025-09-05', 131, 'Daily Task Review', 'Perform quality checks on completed work', 5, 12, 88, 1, 6, 1, 121.00, 'Realistic log for testing approval', '00:00:00', 0, 0, NULL, NULL, NULL, NULL, '2025-09-05 03:53:39', '2025-09-05 03:53:39'),
(118350, '2025-09-05', 131, 'Project Planning', 'Follow up on pending tasks and deliverables', 5, 12, 88, 1, 6, 1, 169.00, 'Realistic log for testing approval', '00:00:00', 0, 0, NULL, NULL, NULL, NULL, '2025-09-05 03:53:39', '2025-09-05 03:53:39'),
(118351, '2025-09-05', 131, 'Follow-up Tasks', 'Prepare necessary documents for project submission', 2, 12, 88, 1, 6, 1, 126.00, 'Realistic log for testing approval', '00:00:00', 0, 0, NULL, NULL, NULL, NULL, '2025-09-05 03:53:39', '2025-09-05 03:53:39'),
(118352, '2025-09-03', 132, 'Document Preparation', 'Prepare necessary documents for project submission', 3, 12, 88, 1, 6, 1, 100.00, 'Realistic log for testing approval', '00:00:01', 0, 0, NULL, NULL, NULL, NULL, '2025-09-05 03:53:39', '2025-09-05 03:53:39'),
(118353, '2025-09-03', 132, 'Quality Check', 'Plan upcoming projects and allocate resources', 2, 12, 88, 1, 6, 1, 175.00, 'Realistic log for testing approval', '00:00:01', 0, 0, NULL, NULL, NULL, NULL, '2025-09-05 03:53:39', '2025-09-05 03:53:39'),
(118354, '2025-09-03', 132, 'Document Preparation', 'Review project specifications and requirements', 1, 12, 88, 1, 6, 1, 103.00, 'Realistic log for testing approval', '00:00:01', 0, 0, NULL, NULL, NULL, NULL, '2025-09-05 03:53:39', '2025-09-05 03:53:39'),
(118355, '2025-09-04', 132, 'Follow-up Tasks', 'Perform quality checks on completed work', 5, 12, 88, 1, 6, 1, 54.00, 'Realistic log for testing approval', '00:00:01', 0, 0, NULL, NULL, NULL, NULL, '2025-09-05 03:53:39', '2025-09-05 03:53:39'),
(118356, '2025-09-04', 132, 'Project Planning', 'Follow up on pending tasks and deliverables', 2, 12, 88, 1, 6, 1, 83.00, 'Realistic log for testing approval', '00:00:00', 0, 0, NULL, NULL, NULL, NULL, '2025-09-05 03:53:39', '2025-09-05 03:53:39'),
(118357, '2025-09-05', 132, 'Project Planning', 'Review and analyze daily tasks for project completion', 4, 12, 88, 1, 6, 1, 127.00, 'Realistic log for testing approval', '00:00:01', 0, 0, NULL, NULL, NULL, NULL, '2025-09-05 03:53:39', '2025-09-05 03:53:39'),
(118358, '2025-09-05', 132, 'Follow-up Tasks', 'Review and analyze daily tasks for project completion', 4, 12, 88, 1, 6, 1, 48.00, 'Realistic log for testing approval', '00:00:01', 0, 0, NULL, NULL, NULL, NULL, '2025-09-05 03:53:39', '2025-09-05 03:53:39'),
(118360, '2025-09-06', 9, 'Daily Task 4', 'mmm', 1, 2, 2, 1, 6, 1, 20.00, NULL, NULL, 0, 1, '2025-09-05 17:00:00', NULL, 1, '', '2025-09-06 03:54:52', '2025-10-07 02:20:53'),
(118361, '2025-10-07', 13, 'Daily Task Review', 'sd', 1, 5, 13, 837, 29, 12, 140.00, NULL, NULL, 0, 1, '2025-10-06 17:00:00', NULL, 1, '', '2025-10-06 21:33:51', '2025-10-07 02:22:33'),
(118362, '2025-10-07', 9, 'Check email admin4 and estimate', 'checking', 1, 12, 152, 837, 6, 12, 5.00, NULL, NULL, 0, 1, '2025-10-06 17:00:00', NULL, 1, '', '2025-10-07 02:22:05', '2025-10-07 02:22:33');

-- --------------------------------------------------------

--
-- Table structure for table `migrations`
--

CREATE TABLE `migrations` (
  `id` int(10) UNSIGNED NOT NULL,
  `migration` varchar(255) NOT NULL,
  `batch` int(11) NOT NULL
) ENGINE=InnoDB DEFAULT CHARSET=utf8mb4 COLLATE=utf8mb4_unicode_ci;

--
-- Dumping data for table `migrations`
--

INSERT INTO `migrations` (`id`, `migration`, `batch`) VALUES
(1, '0001_01_01_000000_create_users_table', 1),
(2, '0001_01_01_000001_create_cache_table', 1),
(3, '0001_01_01_000002_create_jobs_table', 1),
(4, '2025_09_04_132504_create_divisions_table', 1),
(5, '2025_09_04_132508_create_categories_table', 1),
(6, '2025_09_04_132508_create_positions_table', 1),
(7, '2025_09_04_132508_create_roles_table', 1),
(8, '2025_09_04_132508_create_sub_divisions_table', 1),
(9, '2025_09_04_132508_create_tasks_table', 1),
(10, '2025_09_04_132517_create_builders_table', 1),
(11, '2025_09_04_132517_create_dwelings_table', 1),
(12, '2025_09_04_132517_create_status_table', 1),
(13, '2025_09_04_132517_create_work_status_table', 1),
(14, '2025_09_04_132520_create_employees_table', 1),
(15, '2025_09_04_132521_create_holidays_table', 1),
(16, '2025_09_04_132521_create_logs_table', 1),
(17, '2025_09_04_132521_create_offwork_table', 1),
(18, '2025_09_04_132524_create_notifications_table', 1),
(19, '2025_09_04_132524_create_time_cutoff_table', 1),
(20, '2025_09_04_132528_add_employee_fields_to_users_table', 1),
(21, '2025_09_04_141634_fix_logs_employee_foreign_key', 2),
(22, '2025_09_04_144216_fix_logs_employee_foreign_key_to_employees', 3),
(23, '2025_09_04_233904_add_user_id_and_superior_id_to_employees_table', 4),
(24, '2025_09_06_000001_add_approved_by_to_logs_table', 5),
(25, '2025_09_06_065237_add_is_approved_to_employees_table', 6),
(26, '2025_10_07_063305_create_leaves_table', 7),
(27, '2025_10_07_065609_create_leave_types_table', 8),
(29, '2025_10_07_071604_rename_leaves_table_to_offwork_table', 9),
(30, '2025_10_07_072531_drop_leaves_table', 9);

-- --------------------------------------------------------

--
-- Table structure for table `notifications`
--

CREATE TABLE `notifications` (
  `id` bigint(20) UNSIGNED NOT NULL,
  `employee_id` bigint(20) UNSIGNED NOT NULL,
  `title` varchar(255) NOT NULL,
  `message` text NOT NULL,
  `date` date NOT NULL,
  `read_status` tinyint(1) NOT NULL DEFAULT 0,
  `created_at` timestamp NULL DEFAULT NULL,
  `updated_at` timestamp NULL DEFAULT NULL
) ENGINE=InnoDB DEFAULT CHARSET=utf8mb4 COLLATE=utf8mb4_unicode_ci;

--
-- Dumping data for table `notifications`
--

INSERT INTO `notifications` (`id`, `employee_id`, `title`, `message`, `date`, `read_status`, `created_at`, `updated_at`) VALUES
(2, 10, 'Daily Log Approved', 'Sonia Megah has approved 2 tasks from your daily log on 05/09/2025.', '2025-10-07', 1, '2025-10-07 04:50:29', '2025-10-07 04:57:20');

-- --------------------------------------------------------

--
-- Table structure for table `offwork`
--

CREATE TABLE `offwork` (
  `id` bigint(20) UNSIGNED NOT NULL,
  `title` varchar(255) NOT NULL,
  `date` date NOT NULL,
  `leave_type` varchar(255) NOT NULL,
  `employee_id` bigint(20) UNSIGNED NOT NULL,
  `description` text DEFAULT NULL,
  `status` varchar(255) NOT NULL DEFAULT 'pending',
  `archive` tinyint(1) NOT NULL DEFAULT 0,
  `created_at` timestamp NULL DEFAULT NULL,
  `updated_at` timestamp NULL DEFAULT NULL
) ENGINE=InnoDB DEFAULT CHARSET=utf8mb4 COLLATE=utf8mb4_unicode_ci;

--
-- Dumping data for table `offwork`
--

INSERT INTO `offwork` (`id`, `title`, `date`, `leave_type`, `employee_id`, `description`, `status`, `archive`, `created_at`, `updated_at`) VALUES
(1, 'Test Sick Leave', '2025-10-07', 'Sick Leave', 9, 'Test data memastikan data tersimpan ke database offwork', 'pending', 0, '2025-10-07 00:24:13', '2025-10-07 00:25:48');

-- --------------------------------------------------------

--
-- Table structure for table `password_reset_tokens`
--

CREATE TABLE `password_reset_tokens` (
  `email` varchar(255) NOT NULL,
  `token` varchar(255) NOT NULL,
  `created_at` timestamp NULL DEFAULT NULL
) ENGINE=InnoDB DEFAULT CHARSET=utf8mb4 COLLATE=utf8mb4_unicode_ci;

-- --------------------------------------------------------

--
-- Table structure for table `positions`
--

CREATE TABLE `positions` (
  `id` bigint(20) UNSIGNED NOT NULL,
  `title` varchar(255) NOT NULL,
  `description` text DEFAULT NULL,
  `archive` tinyint(1) NOT NULL DEFAULT 0,
  `created_at` timestamp NULL DEFAULT NULL,
  `updated_at` timestamp NULL DEFAULT NULL
) ENGINE=InnoDB DEFAULT CHARSET=utf8mb4 COLLATE=utf8mb4_unicode_ci;

--
-- Dumping data for table `positions`
--

INSERT INTO `positions` (`id`, `title`, `description`, `archive`, `created_at`, `updated_at`) VALUES
(1, 'Staff', NULL, 0, '2023-02-15 21:29:19', '2025-09-04 16:39:58'),
(2, 'Supervisor', NULL, 0, '2023-02-20 20:36:57', '2025-09-04 16:39:58'),
(3, 'Manager', NULL, 0, '2023-02-20 20:37:06', '2025-09-04 16:39:58'),
(4, 'Director', NULL, 0, '2023-02-20 20:37:17', '2025-09-04 16:39:58'),
(5, 'Staff', NULL, 0, '2023-02-20 20:37:30', '2025-09-04 06:53:21'),
(6, 'Owner', 'Company Owner', 0, '2025-10-06 20:34:52', '2025-10-06 20:34:52');

-- --------------------------------------------------------

--
-- Table structure for table `roles`
--

CREATE TABLE `roles` (
  `id` bigint(20) UNSIGNED NOT NULL,
  `title` varchar(255) NOT NULL,
  `description` text DEFAULT NULL,
  `archive` tinyint(1) NOT NULL DEFAULT 0,
  `created_at` timestamp NULL DEFAULT NULL,
  `updated_at` timestamp NULL DEFAULT NULL
) ENGINE=InnoDB DEFAULT CHARSET=utf8mb4 COLLATE=utf8mb4_unicode_ci;

--
-- Dumping data for table `roles`
--

INSERT INTO `roles` (`id`, `title`, `description`, `archive`, `created_at`, `updated_at`) VALUES
(1, 'SPDR Estimating', NULL, 0, '2023-04-05 13:21:21', '2025-09-04 16:39:58'),
(2, 'SPDR Supervisor', NULL, 0, '2023-04-05 13:21:21', '2025-09-04 16:39:58'),
(3, 'Commercial Estimating', NULL, 0, '2023-04-05 13:21:21', '2025-09-04 16:39:58'),
(4, 'Administrator', NULL, 0, '2023-04-05 13:21:21', '2025-09-04 16:39:58'),
(5, 'Administration', NULL, 0, '2023-04-05 13:21:21', '2025-09-04 06:53:21'),
(6, 'Accounts', NULL, 0, '2023-04-05 13:21:21', '2025-09-04 06:53:21'),
(7, 'PA', NULL, 0, '2023-04-05 13:21:21', '2025-09-04 06:53:21'),
(8, 'HR', NULL, 0, '2023-04-05 13:21:21', '2025-09-04 06:53:21'),
(14, 'TMA Estimating', NULL, 0, '2023-06-14 01:19:31', '2025-09-04 06:53:21'),
(15, 'Architect', NULL, 0, '2023-06-14 01:23:26', '2025-09-04 06:53:21'),
(16, 'Director Assistant', NULL, 0, '2023-06-14 01:23:42', '2025-09-04 06:53:21'),
(20, 'Project Sales', NULL, 0, '2023-07-04 08:22:06', '2025-09-04 06:53:21'),
(21, 'Content Creator Intern', NULL, 0, '2023-07-04 08:46:10', '2025-09-04 06:53:21'),
(22, 'Finance', NULL, 0, '2023-08-10 01:27:57', '2025-09-04 06:53:21'),
(23, 'IT Support', NULL, 0, '2023-11-21 18:09:37', '2025-09-04 06:53:21'),
(24, 'Business Development Manager', NULL, 0, '2024-03-18 19:04:55', '2025-09-04 06:53:21'),
(27, 'TMA Administration', NULL, 0, '2024-04-04 02:03:54', '2025-09-04 06:53:21'),
(28, 'Drafting', NULL, 0, '2024-12-17 19:27:44', '2025-09-04 06:53:21'),
(29, 'Operations and Solutions', NULL, 0, '2025-03-06 03:58:27', '2025-09-04 06:53:21');

-- --------------------------------------------------------

--
-- Table structure for table `sessions`
--

CREATE TABLE `sessions` (
  `id` varchar(255) NOT NULL,
  `user_id` bigint(20) UNSIGNED DEFAULT NULL,
  `ip_address` varchar(45) DEFAULT NULL,
  `user_agent` text DEFAULT NULL,
  `payload` longtext NOT NULL,
  `last_activity` int(11) NOT NULL
) ENGINE=InnoDB DEFAULT CHARSET=utf8mb4 COLLATE=utf8mb4_unicode_ci;

--
-- Dumping data for table `sessions`
--

INSERT INTO `sessions` (`id`, `user_id`, `ip_address`, `user_agent`, `payload`, `last_activity`) VALUES
('AEYeO79SrnhR2aITUNtedqXEJEBHomKaWhx8JRrJ', NULL, '127.0.0.1', 'curl/8.7.1', 'YToyOntzOjY6Il90b2tlbiI7czo0MDoiY0l6MlJWRG1uUktGQUh0UGZ4cnF4SlVuZkxPS0M5R0daNmtsdkRaOSI7czo2OiJfZmxhc2giO2E6Mjp7czozOiJvbGQiO2E6MDp7fXM6MzoibmV3IjthOjA6e319fQ==', 1757078752),
('eeMKAzEN9TvZ8vuOwuVYvHCs6p1XBWSDDdIBkRhi', NULL, '127.0.0.1', 'curl/8.7.1', 'YTo0OntzOjY6Il90b2tlbiI7czo0MDoibm1tbG1NN0t2TmRudXBIMzZjak1PNDI0czdVNVBNOVFvNEw2U2JsSyI7czozOiJ1cmwiO2E6MTp7czo4OiJpbnRlbmRlZCI7czo1NDoiaHR0cDovLzEyNy4wLjAuMTo4MDAwL2FwcHJvdmVkL2dldERhdGE/ZGF0ZT0yMDI1LTA5LTA0Ijt9czo5OiJfcHJldmlvdXMiO2E6MTp7czozOiJ1cmwiO3M6NTQ6Imh0dHA6Ly8xMjcuMC4wLjE6ODAwMC9hcHByb3ZlZC9nZXREYXRhP2RhdGU9MjAyNS0wOS0wNCI7fXM6NjoiX2ZsYXNoIjthOjI6e3M6Mzoib2xkIjthOjA6e31zOjM6Im5ldyI7YTowOnt9fX0=', 1757072960),
('gXf7XgbRxPfYQtEAfKSQnwDiyldWlXYYm1BocRNO', NULL, '127.0.0.1', 'curl/8.7.1', 'YTo0OntzOjY6Il90b2tlbiI7czo0MDoiaWVjOEJzU2JxUTF6ekhXTWtlNnExWDlxanVrRHIxRzJraHhJUGxzbCI7czozOiJ1cmwiO2E6MTp7czo4OiJpbnRlbmRlZCI7czozMDoiaHR0cDovLzEyNy4wLjAuMTo4MDAwL2RpdmlzaW9uIjt9czo5OiJfcHJldmlvdXMiO2E6MTp7czozOiJ1cmwiO3M6MzA6Imh0dHA6Ly8xMjcuMC4wLjE6ODAwMC9kaXZpc2lvbiI7fXM6NjoiX2ZsYXNoIjthOjI6e3M6Mzoib2xkIjthOjA6e31zOjM6Im5ldyI7YTowOnt9fX0=', 1757078758),
('InCY18ncqhQOeFqKfv9Zwx3DIZ5WrhFvYaY75aM0', NULL, '127.0.0.1', 'curl/8.7.1', 'YTo0OntzOjY6Il90b2tlbiI7czo0MDoicVo1QVdRMnUxdVY2UHQ1T1RaWVI4M29GTktsbm5TWXVhbWx6bUdmTSI7czozOiJ1cmwiO2E6MTp7czo4OiJpbnRlbmRlZCI7czoxNjA6Imh0dHA6Ly8xMjcuMC4wLjE6ODAwMC9kaXZpc2lvbi9nZXREYXRhP2RhdGE9JTdCJTIycGFnZSUyMiUzQTElMkMlMjJsaW1pdCUyMiUzQTEwJTJDJTIyc2VhcmNoJTIyJTNBJTIyJTIyJTJDJTIyc29ydCUyMiUzQSUyMnRpdGxlJTIyJTJDJTIyb3JkZXIlMjIlM0ElMjJBU0MlMjIlN0QiO31zOjk6Il9wcmV2aW91cyI7YToxOntzOjM6InVybCI7czoxNjA6Imh0dHA6Ly8xMjcuMC4wLjE6ODAwMC9kaXZpc2lvbi9nZXREYXRhP2RhdGE9JTdCJTIycGFnZSUyMiUzQTElMkMlMjJsaW1pdCUyMiUzQTEwJTJDJTIyc2VhcmNoJTIyJTNBJTIyJTIyJTJDJTIyc29ydCUyMiUzQSUyMnRpdGxlJTIyJTJDJTIyb3JkZXIlMjIlM0ElMjJBU0MlMjIlN0QiO31zOjY6Il9mbGFzaCI7YToyOntzOjM6Im9sZCI7YTowOnt9czozOiJuZXciO2E6MDp7fX19', 1757078722),
('LulXfhB1Fud5zthXVRDrDgrPAS6Pk5HntV2fTBMW', 9, '127.0.0.1', 'Mozilla/5.0 (Macintosh; Intel Mac OS X 10_15_7) AppleWebKit/537.36 (KHTML, like Gecko) Chrome/139.0.0.0 Safari/537.36', 'YTo0OntzOjY6Il90b2tlbiI7czo0MDoiRjZYVE9lZlJRTVNmM29aNE9yU0k5YzN1WG9XWkJXNWVFaTZrT2RTRiI7czo2OiJfZmxhc2giO2E6Mjp7czozOiJvbGQiO2E6MDp7fXM6MzoibmV3IjthOjA6e319czo5OiJfcHJldmlvdXMiO2E6MTp7czozOiJ1cmwiO3M6MTYxOiJodHRwOi8vMTI3LjAuMC4xOjgwMDAvZGl2aXNpb24vZ2V0RGF0YT9kYXRhPSU3QiUyMnBhZ2UlMjIlM0ElMjIlMjIlMkMlMjJsaW1pdCUyMiUzQSUyMiUyMiUyQyUyMnNlYXJjaCUyMiUzQSUyMiUyMiUyQyUyMnNvcnQlMjIlM0ElMjIlMjIlMkMlMjJvcmRlciUyMiUzQSUyMiUyMiU3RCI7fXM6NTA6ImxvZ2luX3dlYl81OWJhMzZhZGRjMmIyZjk0MDE1ODBmMDE0YzdmNThlYTRlMzA5ODlkIjtpOjk7fQ==', 1757078439);

-- --------------------------------------------------------

--
-- Table structure for table `status`
--

CREATE TABLE `status` (
  `id` bigint(20) UNSIGNED NOT NULL,
  `title` varchar(255) NOT NULL,
  `description` text DEFAULT NULL,
  `archive` tinyint(1) NOT NULL DEFAULT 0,
  `created_at` timestamp NULL DEFAULT NULL,
  `updated_at` timestamp NULL DEFAULT NULL
) ENGINE=InnoDB DEFAULT CHARSET=utf8mb4 COLLATE=utf8mb4_unicode_ci;

--
-- Dumping data for table `status`
--

INSERT INTO `status` (`id`, `title`, `description`, `archive`, `created_at`, `updated_at`) VALUES
(1, '10%', NULL, 0, '2023-07-04 10:44:16', '2025-09-04 06:53:22'),
(2, '100%', NULL, 0, '2023-07-04 10:44:16', '2025-09-04 06:53:22'),
(3, '20%', NULL, 0, '2023-07-04 10:44:16', '2025-09-04 06:53:22'),
(4, '30%', NULL, 0, '2023-07-04 10:44:16', '2025-09-04 06:53:22'),
(5, '40%', NULL, 0, '2023-07-04 10:44:16', '2025-09-04 06:53:22'),
(6, '50%', NULL, 0, '2023-07-04 10:44:16', '2025-09-04 06:53:22'),
(7, '60%', NULL, 0, '2023-07-04 10:44:16', '2025-09-04 06:53:22'),
(8, '70%', NULL, 0, '2023-07-04 10:44:16', '2025-09-04 06:53:22'),
(9, '80%', NULL, 0, '2023-07-04 10:44:16', '2025-09-04 06:53:22'),
(10, '90% (Review)', NULL, 0, '2023-07-04 10:44:16', '2025-09-04 06:53:22'),
(11, 'Cancelled', NULL, 0, '2023-07-04 10:44:16', '2025-09-04 06:53:22'),
(12, 'Completed', 'final completed status, only approver can use this', 0, '2023-07-04 10:44:16', '2025-09-04 06:53:22'),
(14, 'Follow-up sent', NULL, 0, '2023-07-04 10:44:16', '2025-09-04 06:53:22'),
(17, 'On Pending', NULL, 0, '2023-07-04 10:44:16', '2025-09-04 06:53:22'),
(34, 'On Review', NULL, 0, '2023-07-04 10:44:16', '2025-09-04 06:53:22'),
(38, 'Pending', NULL, 0, '2023-07-04 10:44:16', '2025-09-04 06:53:22'),
(40, 'Quote Sent', NULL, 0, '2023-07-04 10:44:16', '2025-09-04 06:53:22'),
(45, 'Waiting On Builder', NULL, 0, '2023-07-04 10:44:16', '2025-09-04 06:53:22'),
(48, 'Waiting On Supplier', NULL, 0, '2023-07-04 10:44:16', '2025-09-04 06:53:22'),
(49, 'On Revision', NULL, 0, '2023-07-05 04:29:40', '2025-09-04 06:53:22');

-- --------------------------------------------------------

--
-- Table structure for table `sub_divisions`
--

CREATE TABLE `sub_divisions` (
  `id` bigint(20) UNSIGNED NOT NULL,
  `title` varchar(255) NOT NULL,
  `description` text DEFAULT NULL,
  `division_id` bigint(20) UNSIGNED NOT NULL,
  `archive` tinyint(1) NOT NULL DEFAULT 0,
  `created_at` timestamp NULL DEFAULT NULL,
  `updated_at` timestamp NULL DEFAULT NULL
) ENGINE=InnoDB DEFAULT CHARSET=utf8mb4 COLLATE=utf8mb4_unicode_ci;

--
-- Dumping data for table `sub_divisions`
--

INSERT INTO `sub_divisions` (`id`, `title`, `description`, `division_id`, `archive`, `created_at`, `updated_at`) VALUES
(1, 'SPDR', NULL, 1, 0, '2023-04-08 14:09:05', '2025-09-04 16:39:58'),
(2, 'Commercial', NULL, 2, 0, '2023-04-08 14:09:05', '2025-09-04 16:39:58'),
(3, 'Admin', NULL, 2, 0, '2023-04-08 14:09:05', '2025-09-04 16:39:58'),
(4, 'HR', NULL, 1, 0, '2023-04-08 14:09:05', '2025-09-04 16:39:58'),
(5, 'SPDR Trainee', NULL, 2, 0, '2023-04-08 14:09:05', '2025-09-04 06:53:21'),
(7, 'GMC PM', NULL, 1, 0, '2023-06-14 01:16:24', '2025-09-04 06:53:21'),
(8, 'TMA', NULL, 14, 0, '2023-10-17 14:14:16', '2025-09-04 06:53:21'),
(9, 'FLAWLESS DIGITAL', NULL, 15, 0, '2024-03-27 03:26:49', '2025-09-04 06:53:21');

-- --------------------------------------------------------

--
-- Table structure for table `tasks`
--

CREATE TABLE `tasks` (
  `id` bigint(20) UNSIGNED NOT NULL,
  `title` varchar(255) NOT NULL,
  `description` text DEFAULT NULL,
  `archive` tinyint(1) NOT NULL DEFAULT 0,
  `created_at` timestamp NULL DEFAULT NULL,
  `updated_at` timestamp NULL DEFAULT NULL
) ENGINE=InnoDB DEFAULT CHARSET=utf8mb4 COLLATE=utf8mb4_unicode_ci;

--
-- Dumping data for table `tasks`
--

INSERT INTO `tasks` (`id`, `title`, `description`, `archive`, `created_at`, `updated_at`) VALUES
(2, 'Administrative', NULL, 0, '2023-07-04 12:33:14', '2025-09-04 06:53:21'),
(4, 'Budget Monitoring', NULL, 0, '2023-07-04 12:33:14', '2025-09-04 06:53:21'),
(5, 'Business', NULL, 0, '2023-07-04 12:33:14', '2025-09-04 06:53:21'),
(6, 'Candidates Screening And Hiring', NULL, 0, '2023-07-04 12:33:14', '2025-09-04 06:53:21'),
(7, 'Check/Revision Measurement (NP/NR)', NULL, 0, '2023-07-04 12:33:14', '2025-09-04 06:53:21'),
(10, 'Check/Revision Quote (NP/NR)', NULL, 0, '2023-07-04 12:33:14', '2025-09-04 06:53:21'),
(13, 'Client Service', NULL, 0, '2023-07-04 12:33:14', '2025-09-04 06:53:21'),
(14, 'Content Creation', 'Flawless', 0, '2023-07-04 12:33:14', '2025-09-04 06:53:21'),
(15, 'Daily Cash Transaction', NULL, 0, '2023-07-04 12:33:14', '2025-09-04 06:53:21'),
(16, 'Daily Log', NULL, 0, '2023-07-04 12:33:14', '2025-09-04 06:53:21'),
(17, 'Daily Report', NULL, 0, '2023-07-04 12:33:14', '2025-09-04 06:53:21'),
(19, 'Desain', NULL, 0, '2023-07-04 12:33:14', '2025-09-04 06:53:21'),
(20, 'Direct Task', NULL, 0, '2023-07-04 12:33:14', '2025-09-04 06:53:21'),
(21, 'Discussion', NULL, 0, '2023-07-04 12:33:14', '2025-09-04 06:53:21'),
(22, 'Discussion & Coordination', NULL, 0, '2023-07-04 12:33:14', '2025-09-04 06:53:21'),
(23, 'Discussion and Coordination', NULL, 0, '2023-07-04 12:33:14', '2025-09-04 06:53:21'),
(24, 'Document Administration', NULL, 0, '2023-07-04 12:33:14', '2025-09-04 06:53:21'),
(25, 'Downpipe Sheet', NULL, 0, '2023-07-04 12:33:14', '2025-09-04 06:53:21'),
(27, 'Emails', NULL, 0, '2023-07-04 12:33:14', '2025-09-04 06:53:21'),
(28, 'Estimating', NULL, 0, '2023-07-04 12:33:14', '2025-09-04 06:53:21'),
(29, 'Estimating (Revision)', NULL, 0, '2023-07-04 12:33:14', '2025-09-04 06:53:21'),
(30, 'Evaluation & Improvisation Meeting', NULL, 0, '2023-07-04 12:33:14', '2025-09-04 06:53:21'),
(32, 'Finance Analysis & Reporting', NULL, 0, '2023-07-04 12:33:14', '2025-09-04 06:53:21'),
(36, 'Invoicing', NULL, 0, '2023-07-04 12:33:14', '2025-09-04 06:53:21'),
(37, 'Job Prep Admin', NULL, 0, '2023-07-04 12:33:14', '2025-09-04 06:53:21'),
(38, 'Job Preparation', NULL, 0, '2023-07-04 12:33:14', '2025-09-04 06:53:21'),
(39, 'Journal Entry', NULL, 0, '2023-07-04 12:33:14', '2025-09-04 06:53:21'),
(41, 'Material Order', NULL, 0, '2023-07-04 12:33:14', '2025-09-04 06:53:21'),
(43, 'Measurement review and upload', NULL, 0, '2023-07-04 12:33:14', '2025-09-04 06:53:21'),
(44, 'Meeting', NULL, 0, '2023-07-04 12:33:14', '2025-09-04 06:53:21'),
(46, 'Misc.', NULL, 0, '2023-07-04 12:33:14', '2025-09-04 06:53:21'),
(48, 'Office Operation', NULL, 0, '2023-07-04 12:33:14', '2025-09-04 06:53:21'),
(49, 'On-site Interview', NULL, 0, '2023-07-04 12:33:14', '2025-09-04 06:53:21'),
(50, 'Online Interview', NULL, 0, '2023-07-04 12:33:14', '2025-09-04 06:53:21'),
(51, 'Operation', NULL, 0, '2023-07-04 12:33:14', '2025-09-04 06:53:21'),
(56, 'Pekerjaan Persiapan', NULL, 0, '2023-07-04 12:33:14', '2025-09-04 06:53:21'),
(58, 'Performance Survey And Evaluation', NULL, 0, '2023-07-04 12:33:14', '2025-09-04 06:53:21'),
(59, 'Planning & Strategy Meeting', NULL, 0, '2023-07-04 12:33:14', '2025-09-04 06:53:21'),
(60, 'Plumbing Estimating', NULL, 0, '2023-07-04 12:33:14', '2025-09-04 06:53:21'),
(62, 'PO Check', NULL, 0, '2023-07-04 12:33:14', '2025-09-04 06:53:21'),
(63, 'Pre-Screen Test', NULL, 0, '2023-07-04 12:33:14', '2025-09-04 06:53:21'),
(64, 'Project Coordination', NULL, 0, '2023-07-04 12:33:14', '2025-09-04 06:53:21'),
(65, 'Project Management', NULL, 0, '2023-07-04 12:33:14', '2025-09-04 06:53:21'),
(66, 'PSP', NULL, 0, '2023-07-04 12:33:14', '2025-09-04 06:53:21'),
(67, 'Quote Plumbing', NULL, 0, '2023-07-04 12:33:14', '2025-09-04 06:53:21'),
(69, 'Quote review and revision', NULL, 0, '2023-07-04 12:33:14', '2025-09-04 06:53:21'),
(70, 'Quote Review and Revision QR1', NULL, 0, '2023-07-04 12:33:14', '2025-09-04 06:53:21'),
(71, 'Quote Review and Revision QR2', NULL, 0, '2023-07-04 12:33:14', '2025-09-04 06:53:21'),
(72, 'Quote Review and/or Submission', NULL, 0, '2023-07-04 12:33:14', '2025-09-04 06:53:21'),
(73, 'Quote Roofing', NULL, 0, '2023-07-04 12:33:14', '2025-09-04 06:53:21'),
(79, 'Reviews & Approvals', NULL, 0, '2023-07-04 12:33:14', '2025-09-04 06:53:21'),
(80, 'Revision 1', NULL, 0, '2023-07-04 12:33:14', '2025-09-04 06:53:21'),
(82, 'Revision Quote', NULL, 0, '2023-07-04 12:33:15', '2025-09-04 06:53:21'),
(84, 'RND', NULL, 0, '2023-07-04 12:33:15', '2025-09-04 06:53:21'),
(85, 'Roofing Estimating', NULL, 0, '2023-07-04 12:33:15', '2025-09-04 06:53:21'),
(88, 'Rough-in Scope of Work Check', NULL, 0, '2023-07-04 12:33:15', '2025-09-04 06:53:21'),
(89, 'Sales Activity', NULL, 0, '2023-07-04 12:33:15', '2025-09-04 06:53:21'),
(90, 'Sales Discussion & Coordination', NULL, 0, '2023-07-04 12:33:15', '2025-09-04 06:53:21'),
(91, 'Scheduling', NULL, 0, '2023-07-04 12:33:15', '2025-09-04 06:53:21'),
(92, 'SEO/SEM Artcile', NULL, 0, '2023-07-04 12:33:15', '2025-09-04 06:53:21'),
(93, 'Shortlisting', NULL, 0, '2023-07-04 12:33:15', '2025-09-04 06:53:21'),
(94, 'SPDR Assisting', NULL, 0, '2023-07-04 12:33:15', '2025-09-04 06:53:21'),
(95, 'System Update', NULL, 0, '2023-07-04 12:33:15', '2025-09-04 06:53:21'),
(96, 'Taxation Matter', NULL, 0, '2023-07-04 12:33:15', '2025-09-04 06:53:21'),
(97, 'Team Monitoring', NULL, 0, '2023-07-04 12:33:15', '2025-09-04 06:53:21'),
(99, 'Training Session', NULL, 0, '2023-07-04 12:33:15', '2025-09-04 06:53:21'),
(100, 'Variation Quote', NULL, 0, '2023-07-04 12:33:15', '2025-09-04 06:53:21'),
(101, 'General', NULL, 0, '2023-07-05 04:19:01', '2025-09-04 06:53:21'),
(102, 'HR', NULL, 0, '2023-07-05 04:19:05', '2025-09-04 06:53:21'),
(103, 'Monthly Summary', NULL, 0, '2023-07-05 04:20:22', '2025-09-04 06:53:21'),
(104, 'Payment', NULL, 0, '2023-07-05 04:20:45', '2025-09-04 06:53:21'),
(105, 'Payroll', NULL, 0, '2023-07-05 04:20:50', '2025-09-04 06:53:21'),
(106, 'Penetration Drawings', NULL, 0, '2023-07-05 04:21:50', '2025-09-04 06:53:21'),
(107, 'Performance Evaluation', NULL, 0, '2023-07-05 04:21:59', '2025-09-04 06:53:21'),
(108, 'PR', NULL, 0, '2023-07-05 04:22:33', '2025-09-04 06:53:21'),
(109, 'Project Administration', NULL, 0, '2023-07-05 04:22:55', '2025-09-04 06:53:21'),
(110, 'Project Management Discussion & Coordination', NULL, 0, '2023-07-05 04:23:13', '2025-09-04 06:53:21'),
(111, 'Research Market', NULL, 0, '2023-07-05 04:24:56', '2025-09-04 06:53:21'),
(112, 'Site Survey', NULL, 0, '2023-07-05 04:25:55', '2025-09-04 06:53:21'),
(113, 'Survey Trip', NULL, 0, '2023-07-05 04:26:31', '2025-09-04 06:53:21'),
(114, 'Weekly Report', NULL, 0, '2023-07-05 04:26:51', '2025-09-04 06:53:21'),
(115, 'CR', NULL, 0, '2023-07-07 02:22:55', '2025-09-04 06:53:21'),
(116, 'Training', NULL, 0, '2023-08-31 08:57:13', '2025-09-04 06:53:21'),
(117, 'Drainage measurement', NULL, 0, '2023-10-03 01:40:41', '2025-09-04 06:53:21'),
(118, 'Revision 2', NULL, 0, '2023-11-01 14:19:29', '2025-09-04 06:53:21'),
(119, 'Revision 3', NULL, 0, '2023-11-01 14:20:00', '2025-09-04 06:53:21'),
(120, 'IT Services', NULL, 0, '2023-11-23 20:57:40', '2025-09-04 06:53:21'),
(121, 'RnD System & Technology', NULL, 0, '2024-03-04 20:22:53', '2025-09-04 06:53:21'),
(122, 'RnD Process Improvement', NULL, 0, '2024-03-04 20:23:49', '2025-09-04 06:53:21'),
(123, 'RnD Product Development', NULL, 0, '2024-03-04 20:24:05', '2025-09-04 06:53:21'),
(124, 'RnD Documentation', NULL, 0, '2024-03-04 20:28:25', '2025-09-04 06:53:21'),
(125, 'RnD Value Development', NULL, 0, '2024-03-04 20:28:51', '2025-09-04 06:53:21'),
(129, 'Copywriting', 'Flawless', 0, '2024-04-01 02:40:04', '2025-09-04 06:53:21'),
(131, 'Website Development', 'Flawless', 0, '2024-04-01 02:40:57', '2025-09-04 06:53:21'),
(132, 'Branding', 'Flawless', 0, '2024-04-01 02:41:10', '2025-09-04 06:53:21'),
(133, 'Design', 'Flawless', 0, '2024-04-01 02:41:22', '2025-09-04 06:53:21'),
(134, 'Editing', 'Flawless', 0, '2024-04-01 02:41:31', '2025-09-04 06:53:21'),
(135, 'Revision', 'Flawless', 0, '2024-04-01 02:41:44', '2025-09-04 06:53:21'),
(136, 'Sales', 'Flawless', 0, '2024-04-01 02:41:53', '2025-09-04 06:53:21'),
(137, 'Social Media Management', 'Flawless', 0, '2024-04-01 02:42:07', '2025-09-04 06:53:21'),
(138, 'Research', 'Flawless', 0, '2024-04-01 02:42:16', '2025-09-04 06:53:21'),
(139, 'Meetings', 'Flawless', 0, '2024-04-01 02:42:24', '2025-09-04 06:53:21'),
(140, 'Fortnight Estimating Report', 'Provide fortnight estimating reports to the director and supervisor consisting of quote quantity, value, profit projection, builder insights, feedback, and time spent for each project.', 0, '2024-04-04 02:09:27', '2025-09-04 06:53:21'),
(141, 'Monthly Estimating Report', 'Provide monthly estimating reports to the director and supervisor consisting of quote quantity, value, profit projection, builder insights, feedback, and time spent for each project.', 0, '2024-04-04 02:10:07', '2025-09-04 06:53:21'),
(142, 'Drafting', NULL, 0, '2024-08-13 02:35:27', '2025-09-04 06:53:21'),
(143, 'Develop New Product', 'RND', 0, '2024-08-30 05:54:41', '2025-09-04 06:53:21'),
(144, 'Upgrade and Update Tools', 'RND', 0, '2024-08-30 05:55:05', '2025-09-04 06:53:21'),
(145, 'Increase Work Method Efficiency', 'RND', 0, '2024-08-30 05:55:24', '2025-09-04 06:53:21'),
(146, 'Improve Reporting Format', 'RND', 0, '2024-08-30 05:55:39', '2025-09-04 06:53:21'),
(147, 'Content Creation', 'RND', 0, '2024-08-30 05:55:51', '2025-09-04 06:53:21'),
(148, 'Managing Digital Presence', 'RND', 0, '2024-08-30 05:56:06', '2025-09-04 06:53:21'),
(149, 'Document Prelim', 'temporary testing', 0, '2024-11-18 23:23:39', '2025-09-04 06:53:21'),
(150, 'Takeoff', 'temporary testing', 0, '2024-11-18 23:23:39', '2025-09-04 06:53:21'),
(151, 'Worksheet ', 'temporary testing', 0, '2024-11-18 23:23:39', '2025-09-04 06:53:21'),
(152, 'Checklist', 'temporary testing', 0, '2024-11-18 23:23:39', '2025-09-04 06:53:21'),
(153, 'Review', 'temporary testing', 0, '2024-11-18 23:23:39', '2025-09-04 06:53:21'),
(154, 'Internal Revision', 'temporary testing', 0, '2024-11-18 23:23:39', '2025-09-04 06:53:21'),
(155, 'Input SimPro & Summary Report', 'temporary testing', 0, '2024-11-18 23:23:39', '2025-09-04 06:53:21'),
(156, 'BOQ & Quote Description ', 'temporary testing', 0, '2024-11-18 23:23:39', '2025-09-04 06:53:21'),
(157, 'Quote', 'temporary testing', 0, '2024-11-18 23:23:39', '2025-09-04 06:53:21'),
(158, 'Job Folder Preparation', 'temporary testing', 0, '2024-11-18 23:23:39', '2025-09-04 06:53:21'),
(159, 'Drainage Measurement', 'temporary testing', 0, '2024-11-18 23:23:39', '2025-09-04 06:53:21'),
(160, 'Material Order', 'temporary testing', 0, '2024-11-18 23:23:39', '2025-09-04 06:53:21'),
(161, 'Create PSP', 'temporary testing', 0, '2024-11-18 23:23:39', '2025-09-04 06:53:21'),
(162, 'Send PSP', 'temporary testing', 0, '2024-11-18 23:23:39', '2025-09-04 06:53:21'),
(163, 'Review PSP', 'temporary testing', 0, '2024-11-22 02:07:24', '2025-09-04 06:53:21'),
(164, 'Quote Revision QR1', 'for revision if under benchmark', 0, '2024-11-26 03:41:02', '2025-09-04 06:53:21'),
(165, 'Quote Revision QR2', 'for revision if over benchmark', 0, '2024-11-26 03:41:20', '2025-09-04 06:53:21'),
(166, 'Measurement review and revision MR1', NULL, 0, '2025-04-14 20:19:35', '2025-09-04 06:53:21'),
(167, 'Measurement review and revision MR2', NULL, 0, '2025-04-14 20:19:40', '2025-09-04 06:53:21'),
(168, 'Measurement revision MR1', NULL, 0, '2025-04-14 20:19:48', '2025-09-04 06:53:21'),
(169, 'Measurement revision MR2', NULL, 0, '2025-04-14 20:19:52', '2025-09-04 06:53:21'),
(170, 'Check/Revision Job Cover (NP/NR)', 'bd plumbing', 0, '2025-07-08 00:04:10', '2025-09-04 06:53:21'),
(171, 'Rough-In Measurement', 'tma', 0, '2025-09-03 02:22:12', '2025-09-04 06:53:21'),
(172, 'Check/Revision Rough-In Measurement (NP/NR)', 'tma', 0, '2025-09-03 02:22:37', '2025-09-04 06:53:21'),
(173, 'Check/Revision Drainage Measurement (NP/NR)', 'tma', 0, '2025-09-03 02:22:46', '2025-09-04 06:53:21'),
(174, 'QA/QC', NULL, 0, '2025-09-03 02:23:04', '2025-09-04 06:53:21');

-- --------------------------------------------------------

--
-- Table structure for table `time_cutoff`
--

CREATE TABLE `time_cutoff` (
  `id` bigint(20) UNSIGNED NOT NULL,
  `time` time NOT NULL,
  `day_offset` int(11) NOT NULL DEFAULT 0,
  `active` tinyint(1) NOT NULL DEFAULT 1,
  `created_at` timestamp NULL DEFAULT NULL,
  `updated_at` timestamp NULL DEFAULT NULL
) ENGINE=InnoDB DEFAULT CHARSET=utf8mb4 COLLATE=utf8mb4_unicode_ci;

--
-- Dumping data for table `time_cutoff`
--

INSERT INTO `time_cutoff` (`id`, `time`, `day_offset`, `active`, `created_at`, `updated_at`) VALUES
(1, '23:00:00', 0, 0, '2025-09-04 06:53:22', '2025-10-07 01:16:59'),
(2, '23:07:00', 0, 1, '2025-10-07 01:16:59', '2025-10-07 01:16:59');

-- --------------------------------------------------------

--
-- Table structure for table `users`
--

CREATE TABLE `users` (
  `id` bigint(20) UNSIGNED NOT NULL,
  `name` varchar(255) NOT NULL,
  `username` varchar(255) NOT NULL,
  `email` varchar(255) NOT NULL,
  `email_verified_at` timestamp NULL DEFAULT NULL,
  `join_date` date NOT NULL,
  `is_admin` tinyint(1) NOT NULL DEFAULT 0,
  `can_approve` tinyint(1) NOT NULL DEFAULT 0,
  `cutoff_exception` tinyint(1) NOT NULL DEFAULT 0,
  `is_supervisor` tinyint(1) NOT NULL DEFAULT 0,
  `password` varchar(255) NOT NULL,
  `remember_token` varchar(100) DEFAULT NULL,
  `created_at` timestamp NULL DEFAULT NULL,
  `updated_at` timestamp NULL DEFAULT NULL,
  `division_id` bigint(20) UNSIGNED DEFAULT NULL,
  `sub_division_id` bigint(20) UNSIGNED DEFAULT NULL,
  `role_id` bigint(20) UNSIGNED DEFAULT NULL,
  `position_id` bigint(20) UNSIGNED DEFAULT NULL,
  `description` text DEFAULT NULL,
  `archive` tinyint(1) NOT NULL DEFAULT 0
) ENGINE=InnoDB DEFAULT CHARSET=utf8mb4 COLLATE=utf8mb4_unicode_ci;

--
-- Dumping data for table `users`
--

INSERT INTO `users` (`id`, `name`, `username`, `email`, `email_verified_at`, `join_date`, `is_admin`, `can_approve`, `cutoff_exception`, `is_supervisor`, `password`, `remember_token`, `created_at`, `updated_at`, `division_id`, `sub_division_id`, `role_id`, `position_id`, `description`, `archive`) VALUES
(1, 'Ardien Muhammad', 'info@globalmultindocipta.co.id', 'info@globalmultindocipta.co.id', NULL, '2019-01-01', 1, 1, 0, 1, '$2y$12$JuebQ7hUGh25SgiklBdEJO4rQWTXGA1V2UeXJXG3h4T2oEP80L6KC', NULL, '2018-12-31 10:00:00', '2025-10-06 20:35:26', 2, 3, 1, 6, NULL, 0),
(3, 'Andika Hetris', 'andikahgmc@gmail.com', 'andikahgmc@gmail.com', NULL, '2024-02-01', 1, 0, 0, 0, '$2y$12$//CNmF7WXUDmg3w0FjPUpuvefPtJMU1/1A/pWncXlN2RgWMGwAm2u', NULL, '2021-10-19 10:00:00', '2025-09-04 06:53:22', 1, 1, 3, 5, NULL, 0),
(6, 'Leatizia Michelle', 'leatiziamichellegmc@gmail.com', 'leatiziamichellegmc@gmail.com', NULL, '2023-02-01', 0, 0, 0, 0, '$2y$12$BGEEJd/VoF5cO.M6iw2/bOGQGkl489XbnRCF.8Jp.WUK9N6fNTHPe', NULL, '2023-01-31 10:00:00', '2025-09-04 06:53:23', 2, 3, 2, 5, NULL, 0),
(9, 'Sonia Megah', 'soniamegahcr@gmail.com', 'soniamegahcr@gmail.com', NULL, '2019-09-01', 1, 1, 0, 0, '$2y$12$cqiYcwZX4dGPLGC1f8jyzubgY3G3kwxbmMhQ.yD0A4O8mXvSEu0.C', NULL, '2019-10-13 10:00:00', '2025-10-06 20:09:39', 2, 3, 2, 4, NULL, 0),
(10, 'Ahmad Iffan', 'ahmadiffangmc@gmail.com', 'ahmadiffangmc@gmail.com', NULL, '2019-11-01', 0, 0, 0, 0, '$2y$12$/HnWs13OA8gbF5hXnMPJKOfPTMKn6ZSAjmPVCEdn.dxr8h0Zlg5wy', NULL, '2020-02-27 10:00:00', '2025-09-04 06:53:23', 2, 3, 2, 5, NULL, 0),
(11, 'Khairunnisa', 'khairunnisagmc@gmail.com', 'khairunnisagmc@gmail.com', NULL, '2020-02-03', 0, 0, 0, 0, '$2y$12$JSWs2LkACvo9lMqjUQFSSugPbDrdmOYtwMjZpBCk2jTRdpUuMB8yO', NULL, '2020-12-20 10:00:00', '2025-09-04 06:53:23', 2, 3, 2, 5, NULL, 0),
(13, 'Valeria Imelda / Administrator', 'valeriaimeldaersi@gmail.com', 'valeriaimeldaersi@gmail.com', NULL, '2022-08-22', 0, 0, 0, 0, '$2y$12$DtrG0B72tL/P8NoWQw19K.Aro3Hhn2aWam4Gigx.5YIRNI1lU5nkm', NULL, '2020-07-24 10:00:00', '2025-09-04 06:53:24', 2, 3, 5, 5, NULL, 0),
(74, 'Falah Barid', 'falahbaridgmc@gmail.com', 'falahbaridgmc@gmail.com', NULL, '2023-07-31', 0, 0, 0, 0, '$2y$12$wDLZ7.Yjs8Cvb5O1At1UCOKafsnEkQuOz1pO4uookibF4SPOTWFYi', NULL, '2023-08-10 01:33:17', '2025-09-04 06:53:24', 14, 8, 14, 5, NULL, 0),
(76, 'Commercial Plumbing', 'spdrcommercial', 'spdrcommercial', NULL, '2023-08-14', 0, 0, 0, 0, '$2y$12$7YuiuHCz1Og3hRHBanPc6eI2WBzQxo/d0b2EDTvNtcjw3EjS5j.s.', NULL, '2023-08-14 03:30:47', '2025-09-04 06:53:24', 2, 3, 2, 5, NULL, 0),
(96, 'Danish Pranowo', 'muhammaddanishpranowo@globalmultindocipta.co.id', 'muhammaddanishpranowo@globalmultindocipta.co.id', NULL, '2024-04-22', 0, 0, 0, 0, '$2y$12$rCaClUrXAGXbreSwmmNrUOGLN8puRcbfI49OIVdGh.ZfEOB.I7r3S', NULL, '2024-04-16 03:27:06', '2025-09-04 06:53:24', 2, 3, 2, 5, 'Junior Quantity Surveyormoved from tma to spdr per 27 aug 2024', 0),
(98, 'Alfiyan Nuur', 'muhammadalfiyannuur@globalmultindocipta.co.id', 'muhammadalfiyannuur@globalmultindocipta.co.id', NULL, '2024-05-28', 0, 0, 0, 0, '$2y$12$iujwv1TyX7QoUD4YtIMzU.d9hhW1KfNyhi9uzhvB/ThUs7rU8sS0O', NULL, '2024-06-03 03:45:27', '2025-09-04 06:53:24', 1, 1, 6, 5, 'remote payroll handler', 0),
(102, 'Angelo Ericson Dethan', 'angeloericsondethan@globalmultindocipta.co.id', 'angeloericsondethan@globalmultindocipta.co.id', NULL, '2024-08-26', 0, 0, 0, 0, '$2y$12$GlcCjQTeUvrMjRazPRIi/.3DraLYj/qbFLr9RW4p3f0jT60gskZxS', NULL, '2024-08-25 18:31:02', '2025-09-04 06:53:25', 14, 8, 14, 5, NULL, 0),
(106, 'Khristia Ningsih Cantikawati', 'khristia.n@globalmultindocipta.co.id', 'khristia.n@globalmultindocipta.co.id', NULL, '2024-09-17', 0, 1, 0, 0, '$2y$12$MSYt.2SYoFu0A9UbGVPE0ejG4OjfcBb5RvzSsDEq8P.SYVcB8i5cq', NULL, '2024-09-16 18:29:22', '2025-09-05 04:36:40', 1, 1, 14, 4, NULL, 0),
(110, 'Fajaruddin Noor Cahyanto', 'fajaruddin.n@gmccorp1.co.id', 'fajaruddin.n@gmccorp1.co.id', NULL, '2024-12-10', 0, 0, 0, 0, '$2y$12$LuzC2y3Xma11y5L3ztphx.zZ8jdi2H42yEsNAHAlZqWCtR15yz2ja', NULL, '2024-12-17 19:27:29', '2025-09-04 06:53:25', 14, 8, 28, 5, 'drafter remote', 0),
(115, 'Rosa Karunia', 'rosa.k@gmccorp1.co.id', 'rosa.k@gmccorp1.co.id', NULL, '2025-05-05', 0, 0, 0, 0, '$2y$12$yK6Y/Pna0ZVI8Bcdb6WuxePeKrHpUyIHKzeOZKUbfTyJcC3gDm0Ru', NULL, '2025-05-04 19:48:33', '2025-09-04 06:53:25', 14, 8, 14, 5, NULL, 0),
(116, 'Thorri Rizqi Maulana', 'thorri.r@gmccorp1.co.id', 'thorri.r@gmccorp1.co.id', NULL, '2025-05-14', 0, 0, 0, 0, '$2y$12$/S7zuXElspUaOQgRMAROceHHQ4LXBDcCgIMMDhj3DJpTpcAPZ6sjm', NULL, '2025-05-12 19:02:44', '2025-09-04 06:53:26', 14, 8, 14, 5, 'internship', 0),
(118, 'Riski Adam', 'adam@gmccorp1.co.id', 'adam@gmccorp1.co.id', NULL, '2025-06-16', 0, 1, 0, 1, '$2y$12$VQaO8Pln1v.CFUYKxVDqTekWv7dT9C96o0vGGaTJPudERAM4FuQS6', NULL, '2025-06-15 19:55:32', '2025-09-05 05:52:32', 2, 1, 8, 3, 'hr manager', 0),
(119, 'Alfina Arifatunnisa', 'alfina.a@gmccorp1.co.id', 'alfina.a@gmccorp1.co.id', NULL, '2025-07-07', 0, 0, 0, 0, '$2y$12$t/feLQE0s5nmQwyXwEQF2.0vkJE9Ycw3rr/Ve68bRn1I4RiSuogzO', NULL, '2025-07-06 19:25:55', '2025-09-04 06:53:26', 14, 8, 14, 5, NULL, 0),
(121, 'Mufidah Ayu Damayanti', 'mufidah.a@gmccorp1.co.id', 'mufidah.a@gmccorp1.co.id', NULL, '2025-07-30', 0, 0, 0, 0, '$2y$12$EZ7PlE3hGki7sBudZdNDqumjfiWlvtn4FrVXGxzhwsTWxTYtieQMW', NULL, '2025-07-29 20:56:26', '2025-09-04 06:53:26', 2, 3, 2, 5, NULL, 0),
(122, 'Rizkiya Fatma Prameswari', 'rizkiya.f@gmccorp1.co.id', 'rizkiya.f@gmccorp1.co.id', NULL, '2025-07-30', 0, 0, 0, 0, '$2y$12$j7x4TRI94n9yIWc3uNN/QOV0HRWWZ8If3Bx2XP6B14fbwslxFNry.', NULL, '2025-07-29 20:57:41', '2025-09-04 06:53:26', 14, 8, 14, 5, NULL, 0),
(123, 'Choirul Nabil Syuhada', 'choirul.n@gmccorp1.co.id', 'choirul.n@gmccorp1.co.id', NULL, '2025-07-30', 0, 0, 0, 0, '$2y$12$8qK7gcQZlI2SGxfKAHK6weJmwG7lXkfpcW4VMGZrxIp7QfZHkgssm', NULL, '2025-07-29 21:28:36', '2025-09-04 06:53:27', 14, 8, 14, 5, NULL, 0),
(125, 'Aditya Rizqi Putra', 'aditya.r@gmccorp1.co.id', 'aditya.r@gmccorp1.co.id', NULL, '2025-08-14', 0, 0, 0, 0, '$2y$12$hGKCsDINHOFc7AbIPmpsvuWfws0l9DPDQuJ6.E2whVcDMm6AtODAa', NULL, '2025-08-13 03:45:09', '2025-09-04 06:53:27', 14, 8, 14, 5, NULL, 0),
(126, 'Rosalinda Nila Islamia Fassyah', 'rosalinda.n@gmccorp1.co.id', 'rosalinda.n@gmccorp1.co.id', NULL, '2025-08-22', 0, 0, 0, 0, '$2y$12$A/NLMFmQf0oyeEw0Melw8O1o0YixUDzsT1OeigGs0ZuCxgg14TH2m', NULL, '2025-08-21 03:34:41', '2025-09-04 06:53:27', 14, 8, 14, 5, 'intern', 0),
(127, 'Aurel Ghea Monica', 'aurel.g@gmccorp1.co.id', 'aurel.g@gmccorp1.co.id', NULL, '2025-08-22', 0, 0, 0, 0, '$2y$12$qeCe890C7lfnjtUAAvrFweK74vel14h6ZLxEJbIfe3J.idZtjpBY.', NULL, '2025-08-21 03:35:12', '2025-09-04 06:53:27', 14, 8, 14, 5, 'intern', 0),
(128, 'Nuril Sabrina', 'nuril.s@gmccorp1.co.id', 'nuril.s@gmccorp1.co.id', NULL, '2025-08-22', 0, 0, 0, 0, '$2y$12$33mkguQpZxcclRxj1wJAFeY.Kn0fYyEpQmBzY8lZIYDAKowiZAMZa', NULL, '2025-08-21 03:35:49', '2025-09-04 06:53:28', 14, 8, 14, 5, 'intern', 0),
(129, 'Intan Imroatuzzakiyah', 'intan.i@gmccorp1.co.id', 'intan.i@gmccorp1.co.id', NULL, '2025-08-22', 0, 0, 0, 0, '$2y$12$pB7MrD7ERPMBbkpQdPqZNOZIOMajj2/z9eX/yyGEbM9WRWKW7aLlu', NULL, '2025-08-21 03:36:19', '2025-09-04 06:53:28', 14, 8, 14, 5, 'intern', 0),
(130, 'Ghufraanaka', 'ghufraanakagmc@gmail.com', 'ghufraanakagmc@gmail.com', NULL, '2025-09-08', 0, 0, 0, 0, '$2y$12$6BYPdfH.nb0D5mKiNdXyQOrvSsFH3fuf9S9rlbGR9G6UzmbyV93vS', NULL, '2025-09-03 19:52:28', '2025-09-04 06:53:28', 2, 3, 2, 5, 'new user account join date 8 Sep 2025', 0),
(131, 'SPDR Admin', 'spdr_admin', 'spdr_admin@dailylog.com', NULL, '2025-09-04', 1, 1, 1, 1, '$2y$12$ptKp6hC9aZ7zyEtBH.2Siul5sqC86pB4e6v6F1AqL1bPHy3qDCkL2', NULL, '2025-09-04 06:53:36', '2025-09-05 04:36:40', 2, 3, 2, 3, 'SPDR Administrator Account', 0),
(132, 'SPDR User', 'spdr_user', 'spdr_user@dailylog.com', NULL, '2025-09-04', 0, 0, 0, 0, '$2y$12$iCJUc4Et/f7Nv3C5u9ckKeKKtnsH1q04AYiTH/dsbwCZ4qGY6SDVi', NULL, '2025-09-04 06:53:36', '2025-09-04 06:53:36', 2, 3, 2, 5, 'SPDR Staff Account', 0);

-- --------------------------------------------------------

--
-- Table structure for table `work_status`
--

CREATE TABLE `work_status` (
  `id` bigint(20) UNSIGNED NOT NULL,
  `title` varchar(255) NOT NULL,
  `description` text DEFAULT NULL,
  `archive` tinyint(1) NOT NULL DEFAULT 0,
  `created_at` timestamp NULL DEFAULT NULL,
  `updated_at` timestamp NULL DEFAULT NULL
) ENGINE=InnoDB DEFAULT CHARSET=utf8mb4 COLLATE=utf8mb4_unicode_ci;

--
-- Indexes for dumped tables
--

--
-- Indexes for table `builders`
--
ALTER TABLE `builders`
  ADD PRIMARY KEY (`id`);

--
-- Indexes for table `cache`
--
ALTER TABLE `cache`
  ADD PRIMARY KEY (`key`);

--
-- Indexes for table `cache_locks`
--
ALTER TABLE `cache_locks`
  ADD PRIMARY KEY (`key`);

--
-- Indexes for table `categories`
--
ALTER TABLE `categories`
  ADD PRIMARY KEY (`id`);

--
-- Indexes for table `divisions`
--
ALTER TABLE `divisions`
  ADD PRIMARY KEY (`id`);

--
-- Indexes for table `dwelings`
--
ALTER TABLE `dwelings`
  ADD PRIMARY KEY (`id`);

--
-- Indexes for table `employees`
--
ALTER TABLE `employees`
  ADD PRIMARY KEY (`id`),
  ADD UNIQUE KEY `employees_username_unique` (`username`),
  ADD UNIQUE KEY `employees_email_unique` (`email`),
  ADD KEY `employees_division_id_foreign` (`division_id`),
  ADD KEY `employees_sub_division_id_foreign` (`sub_division_id`),
  ADD KEY `employees_role_id_foreign` (`role_id`),
  ADD KEY `employees_position_id_foreign` (`position_id`),
  ADD KEY `employees_user_id_foreign` (`user_id`),
  ADD KEY `employees_superior_id_foreign` (`superior_id`);

--
-- Indexes for table `failed_jobs`
--
ALTER TABLE `failed_jobs`
  ADD PRIMARY KEY (`id`),
  ADD UNIQUE KEY `failed_jobs_uuid_unique` (`uuid`);

--
-- Indexes for table `holidays`
--
ALTER TABLE `holidays`
  ADD PRIMARY KEY (`id`);

--
-- Indexes for table `jobs`
--
ALTER TABLE `jobs`
  ADD PRIMARY KEY (`id`),
  ADD KEY `jobs_queue_index` (`queue`);

--
-- Indexes for table `job_batches`
--
ALTER TABLE `job_batches`
  ADD PRIMARY KEY (`id`);

--
-- Indexes for table `leave_types`
--
ALTER TABLE `leave_types`
  ADD PRIMARY KEY (`id`);

--
-- Indexes for table `logs`
--
ALTER TABLE `logs`
  ADD PRIMARY KEY (`id`),
  ADD KEY `logs_category_id_foreign` (`category_id`),
  ADD KEY `logs_task_id_foreign` (`task_id`),
  ADD KEY `logs_builder_id_foreign` (`builder_id`),
  ADD KEY `logs_dweling_id_foreign` (`dweling_id`),
  ADD KEY `logs_status_id_foreign` (`status_id`),
  ADD KEY `logs_employee_id_foreign` (`employee_id`),
  ADD KEY `logs_approved_by_foreign` (`approved_by`);

--
-- Indexes for table `migrations`
--
ALTER TABLE `migrations`
  ADD PRIMARY KEY (`id`);

--
-- Indexes for table `notifications`
--
ALTER TABLE `notifications`
  ADD PRIMARY KEY (`id`),
  ADD KEY `notifications_employee_id_foreign` (`employee_id`);

--
-- Indexes for table `offwork`
--
ALTER TABLE `offwork`
  ADD PRIMARY KEY (`id`),
  ADD KEY `offwork_employee_id_foreign` (`employee_id`);

--
-- Indexes for table `password_reset_tokens`
--
ALTER TABLE `password_reset_tokens`
  ADD PRIMARY KEY (`email`);

--
-- Indexes for table `positions`
--
ALTER TABLE `positions`
  ADD PRIMARY KEY (`id`);

--
-- Indexes for table `roles`
--
ALTER TABLE `roles`
  ADD PRIMARY KEY (`id`);

--
-- Indexes for table `sessions`
--
ALTER TABLE `sessions`
  ADD PRIMARY KEY (`id`),
  ADD KEY `sessions_user_id_index` (`user_id`),
  ADD KEY `sessions_last_activity_index` (`last_activity`);

--
-- Indexes for table `status`
--
ALTER TABLE `status`
  ADD PRIMARY KEY (`id`);

--
-- Indexes for table `sub_divisions`
--
ALTER TABLE `sub_divisions`
  ADD PRIMARY KEY (`id`),
  ADD KEY `sub_divisions_division_id_foreign` (`division_id`);

--
-- Indexes for table `tasks`
--
ALTER TABLE `tasks`
  ADD PRIMARY KEY (`id`);

--
-- Indexes for table `time_cutoff`
--
ALTER TABLE `time_cutoff`
  ADD PRIMARY KEY (`id`);

--
-- Indexes for table `users`
--
ALTER TABLE `users`
  ADD PRIMARY KEY (`id`),
  ADD UNIQUE KEY `users_email_unique` (`email`),
  ADD UNIQUE KEY `users_username_unique` (`username`),
  ADD KEY `users_division_id_foreign` (`division_id`),
  ADD KEY `users_sub_division_id_foreign` (`sub_division_id`),
  ADD KEY `users_role_id_foreign` (`role_id`),
  ADD KEY `users_position_id_foreign` (`position_id`);

--
-- Indexes for table `work_status`
--
ALTER TABLE `work_status`
  ADD PRIMARY KEY (`id`);

--
-- AUTO_INCREMENT for dumped tables
--

--
-- AUTO_INCREMENT for table `builders`
--
ALTER TABLE `builders`
  MODIFY `id` bigint(20) UNSIGNED NOT NULL AUTO_INCREMENT, AUTO_INCREMENT=2825;

--
-- AUTO_INCREMENT for table `categories`
--
ALTER TABLE `categories`
  MODIFY `id` bigint(20) UNSIGNED NOT NULL AUTO_INCREMENT, AUTO_INCREMENT=25;

--
-- AUTO_INCREMENT for table `divisions`
--
ALTER TABLE `divisions`
  MODIFY `id` bigint(20) UNSIGNED NOT NULL AUTO_INCREMENT, AUTO_INCREMENT=17;

--
-- AUTO_INCREMENT for table `dwelings`
--
ALTER TABLE `dwelings`
  MODIFY `id` bigint(20) UNSIGNED NOT NULL AUTO_INCREMENT, AUTO_INCREMENT=90;

--
-- AUTO_INCREMENT for table `employees`
--
ALTER TABLE `employees`
  MODIFY `id` bigint(20) UNSIGNED NOT NULL AUTO_INCREMENT, AUTO_INCREMENT=135;

--
-- AUTO_INCREMENT for table `failed_jobs`
--
ALTER TABLE `failed_jobs`
  MODIFY `id` bigint(20) UNSIGNED NOT NULL AUTO_INCREMENT;

--
-- AUTO_INCREMENT for table `holidays`
--
ALTER TABLE `holidays`
  MODIFY `id` bigint(20) UNSIGNED NOT NULL AUTO_INCREMENT, AUTO_INCREMENT=3;

--
-- AUTO_INCREMENT for table `jobs`
--
ALTER TABLE `jobs`
  MODIFY `id` bigint(20) UNSIGNED NOT NULL AUTO_INCREMENT;

--
-- AUTO_INCREMENT for table `leave_types`
--
ALTER TABLE `leave_types`
  MODIFY `id` bigint(20) UNSIGNED NOT NULL AUTO_INCREMENT, AUTO_INCREMENT=16;

--
-- AUTO_INCREMENT for table `logs`
--
ALTER TABLE `logs`
  MODIFY `id` bigint(20) UNSIGNED NOT NULL AUTO_INCREMENT, AUTO_INCREMENT=118363;

--
-- AUTO_INCREMENT for table `migrations`
--
ALTER TABLE `migrations`
  MODIFY `id` int(10) UNSIGNED NOT NULL AUTO_INCREMENT, AUTO_INCREMENT=31;

--
-- AUTO_INCREMENT for table `notifications`
--
ALTER TABLE `notifications`
  MODIFY `id` bigint(20) UNSIGNED NOT NULL AUTO_INCREMENT, AUTO_INCREMENT=3;

--
-- AUTO_INCREMENT for table `offwork`
--
ALTER TABLE `offwork`
  MODIFY `id` bigint(20) UNSIGNED NOT NULL AUTO_INCREMENT, AUTO_INCREMENT=2;

--
-- AUTO_INCREMENT for table `positions`
--
ALTER TABLE `positions`
  MODIFY `id` bigint(20) UNSIGNED NOT NULL AUTO_INCREMENT, AUTO_INCREMENT=7;

--
-- AUTO_INCREMENT for table `roles`
--
ALTER TABLE `roles`
  MODIFY `id` bigint(20) UNSIGNED NOT NULL AUTO_INCREMENT, AUTO_INCREMENT=30;

--
-- AUTO_INCREMENT for table `status`
--
ALTER TABLE `status`
  MODIFY `id` bigint(20) UNSIGNED NOT NULL AUTO_INCREMENT, AUTO_INCREMENT=50;

--
-- AUTO_INCREMENT for table `sub_divisions`
--
ALTER TABLE `sub_divisions`
  MODIFY `id` bigint(20) UNSIGNED NOT NULL AUTO_INCREMENT, AUTO_INCREMENT=10;

--
-- AUTO_INCREMENT for table `tasks`
--
ALTER TABLE `tasks`
  MODIFY `id` bigint(20) UNSIGNED NOT NULL AUTO_INCREMENT, AUTO_INCREMENT=175;

--
-- AUTO_INCREMENT for table `time_cutoff`
--
ALTER TABLE `time_cutoff`
  MODIFY `id` bigint(20) UNSIGNED NOT NULL AUTO_INCREMENT, AUTO_INCREMENT=3;

--
-- AUTO_INCREMENT for table `users`
--
ALTER TABLE `users`
  MODIFY `id` bigint(20) UNSIGNED NOT NULL AUTO_INCREMENT, AUTO_INCREMENT=133;

--
-- AUTO_INCREMENT for table `work_status`
--
ALTER TABLE `work_status`
  MODIFY `id` bigint(20) UNSIGNED NOT NULL AUTO_INCREMENT;

--
-- Constraints for dumped tables
--

--
-- Constraints for table `employees`
--
ALTER TABLE `employees`
  ADD CONSTRAINT `employees_division_id_foreign` FOREIGN KEY (`division_id`) REFERENCES `divisions` (`id`) ON DELETE CASCADE,
  ADD CONSTRAINT `employees_position_id_foreign` FOREIGN KEY (`position_id`) REFERENCES `positions` (`id`) ON DELETE CASCADE,
  ADD CONSTRAINT `employees_role_id_foreign` FOREIGN KEY (`role_id`) REFERENCES `roles` (`id`) ON DELETE CASCADE,
  ADD CONSTRAINT `employees_sub_division_id_foreign` FOREIGN KEY (`sub_division_id`) REFERENCES `sub_divisions` (`id`) ON DELETE CASCADE,
  ADD CONSTRAINT `employees_superior_id_foreign` FOREIGN KEY (`superior_id`) REFERENCES `employees` (`id`) ON DELETE SET NULL,
  ADD CONSTRAINT `employees_user_id_foreign` FOREIGN KEY (`user_id`) REFERENCES `users` (`id`) ON DELETE CASCADE;

--
-- Constraints for table `logs`
--
ALTER TABLE `logs`
  ADD CONSTRAINT `logs_approved_by_foreign` FOREIGN KEY (`approved_by`) REFERENCES `users` (`id`) ON DELETE SET NULL,
  ADD CONSTRAINT `logs_builder_id_foreign` FOREIGN KEY (`builder_id`) REFERENCES `builders` (`id`) ON DELETE CASCADE,
  ADD CONSTRAINT `logs_category_id_foreign` FOREIGN KEY (`category_id`) REFERENCES `categories` (`id`) ON DELETE CASCADE,
  ADD CONSTRAINT `logs_dweling_id_foreign` FOREIGN KEY (`dweling_id`) REFERENCES `dwelings` (`id`) ON DELETE CASCADE,
  ADD CONSTRAINT `logs_employee_id_foreign` FOREIGN KEY (`employee_id`) REFERENCES `employees` (`id`) ON DELETE CASCADE,
  ADD CONSTRAINT `logs_status_id_foreign` FOREIGN KEY (`status_id`) REFERENCES `status` (`id`) ON DELETE CASCADE,
  ADD CONSTRAINT `logs_task_id_foreign` FOREIGN KEY (`task_id`) REFERENCES `tasks` (`id`) ON DELETE CASCADE;

--
-- Constraints for table `notifications`
--
ALTER TABLE `notifications`
  ADD CONSTRAINT `notifications_employee_id_foreign` FOREIGN KEY (`employee_id`) REFERENCES `employees` (`id`) ON DELETE CASCADE;

--
-- Constraints for table `offwork`
--
ALTER TABLE `offwork`
  ADD CONSTRAINT `offwork_employee_id_foreign` FOREIGN KEY (`employee_id`) REFERENCES `employees` (`id`) ON DELETE CASCADE;

--
-- Constraints for table `sub_divisions`
--
ALTER TABLE `sub_divisions`
  ADD CONSTRAINT `sub_divisions_division_id_foreign` FOREIGN KEY (`division_id`) REFERENCES `divisions` (`id`) ON DELETE CASCADE;

--
-- Constraints for table `users`
--
ALTER TABLE `users`
  ADD CONSTRAINT `users_division_id_foreign` FOREIGN KEY (`division_id`) REFERENCES `divisions` (`id`) ON DELETE SET NULL,
  ADD CONSTRAINT `users_position_id_foreign` FOREIGN KEY (`position_id`) REFERENCES `positions` (`id`) ON DELETE SET NULL,
  ADD CONSTRAINT `users_role_id_foreign` FOREIGN KEY (`role_id`) REFERENCES `roles` (`id`) ON DELETE SET NULL,
  ADD CONSTRAINT `users_sub_division_id_foreign` FOREIGN KEY (`sub_division_id`) REFERENCES `sub_divisions` (`id`) ON DELETE SET NULL;
COMMIT;

/*!40101 SET CHARACTER_SET_CLIENT=@OLD_CHARACTER_SET_CLIENT */;
/*!40101 SET CHARACTER_SET_RESULTS=@OLD_CHARACTER_SET_RESULTS */;
/*!40101 SET COLLATION_CONNECTION=@OLD_COLLATION_CONNECTION */;
